telecomts_fault,node_id,entity_id,entity_type,description,source_id,file_path,created_at,source_file,release,raw_entity_id,matched_terms
Antenna Failure,Directional beams,Directional beams,Concept,"Directional beams are formed using multiple antenna elements and are used in both common channels for initial access and in RRC_CONNECTED state. Each directional beam is associated with a synchronization signal block (SSB) and is designed to cover specific directions within a cell's coverage area, as illustrated in Figure 5.1.1.1-1.",chunk-d15ae6e3068dd5c2b7c9b9440e7ccb5c,../3GPP-trunked/Rel-19/28_series/28866-j00.md5.1.1.1,1770233297,Rel-19/28_series/28866-j00/graph_chunk_entity_relation.graphml,Rel-19,Directional beams,antenna
Antenna Failure,Carrier power,Carrier power,Concept,"Carrier power is the power at the antenna connector in the channel bandwidth of the carrier, averaged over at least one subframe for NR or E-UTRA, at least one slot for UTRA, and the useful part of the burst for GSM/EDGE.",chunk-8ec859a261ddbc6f9ec29fde8465ee41,../3GPP-trunked/Rel-19/37_series/37104-j00.md3.1,1770199231,Rel-19/37_series/37104-j00/graph_chunk_entity_relation.graphml,Rel-19,Carrier power,antenna
Antenna Failure,AAS BS,AAS BS,Concept,"AAS BS refers to an Advanced Antenna System Base Station, which is a type of base station that supports advanced antenna technologies. It is categorized into two types: hybrid AAS BS and OTA AAS BS, based on their interface types.",chunk-90d799b63ecfbb7e46a6fcc5dd7682de,../3GPP-trunked/Rel-19/37_series/37145-2-j00.md1,1770199322,Rel-19/37_series/37104-j00/graph_chunk_entity_relation.graphml,Rel-19,AAS BS,antenna
Antenna Failure,AAS BS receiver,AAS BS receiver,Technology,AAS BS receiver is a composite receiver function of an Active Antenna System Base Station that receives signals within an operating band.,chunk-161a0abb20e459f2b39ce5aa7439b058,../3GPP-trunked/Rel-19/37_series/37145-2-j00.md3.1,1770199324,Rel-19/37_series/37104-j00/graph_chunk_entity_relation.graphml,Rel-19,AAS BS receiver,antenna
Antenna Failure,active antenna system base station,active antenna system base station,Technology,"Active antenna system base station is a base station system that integrates an Antenna Array, an Active transceiver unit array, and a Radio Distribution Network.",chunk-161a0abb20e459f2b39ce5aa7439b058,../3GPP-trunked/Rel-19/37_series/37145-2-j00.md3.1,1770199324,Rel-19/37_series/37104-j00/graph_chunk_entity_relation.graphml,Rel-19,active antenna system base station,antenna
Antenna Failure,radio distribution network,radio distribution network,Concept,"A radio distribution network is a linear passive network that distributes RF power generated by the transceiver unit array to the antenna array, and/or distributes radio signals collected by the antenna array to the transceiver unit array.",chunk-db42c7ef13523b2a5c600dac1590e03a,../3GPP-trunked/Rel-19/37_series/37105-j00.md3.1,1770199507,Rel-19/37_series/37105-j00/graph_chunk_entity_relation.graphml,Rel-19,radio distribution network,antenna
Antenna Failure,transceiver array boundary,transceiver array boundary,Concept,Transceiver array boundary is the conducted interface between the transceiver unit array and the composite antenna.,chunk-a6ffb25d4f7548c2b7c841751a791c5a,../3GPP-trunked/Rel-19/37_series/37145-1-j00.md3.1,1770198997,Rel-19/37_series/37145-1-j00/graph_chunk_entity_relation.graphml,Rel-19,transceiver array boundary,antenna
Antenna Failure,conducted test methods,conducted test methods,Concept,"Conducted test methods are specified in the present document for single RAT E-UTRA operation, single RAT UTRA operation (FDD and TDD), and Multi-Standard Radio (MSR) UTRA, E-UTRA, and NR Active Antenna System (AAS) Base Station (BS). These methods are derived from and consistent with non-AAS BS specifications in TS 25.104 [2], TS 25.105 [3], TS 36.104 [4], TS 38.104 [36], or TS 37.104 [5].",chunk-f4c80e2384bb02b606e694ec4411c18a,../3GPP-trunked/Rel-19/37_series/37145-1-j00.md1,1770199003,Rel-19/37_series/37890-j10/graph_chunk_entity_relation.graphml,Rel-19,conducted test methods,antenna
Antenna Failure,conformance requirements,conformance requirements,Concept,"Conformance requirements are specified in the present document for single RAT E-UTRA operation, single RAT UTRA operation (FDD and TDD), and Multi-Standard Radio (MSR) UTRA, E-UTRA, and NR Active Antenna System (AAS) Base Station (BS). These requirements are derived from and consistent with non-AAS BS specifications in TS 25.104 [2], TS 25",chunk-f4c80e2384bb02b606e694ec4411c18a,../3GPP-trunked/Rel-19/37_series/37145-1-j00.md1,1770199003,Rel-19/37_series/37890-j10/graph_chunk_entity_relation.graphml,Rel-19,conformance requirements,antenna
Antenna Failure,Active Antenna System (AAS) Base Station (BS),Active Antenna System (AAS) Base Station (BS),Technology,Active,chunk-f4c80e2384bb02b606e694ec4411c18a,../3GPP-trunked/Rel-19/37_series/37145-1-j00.md1,1770199003,Rel-19/37_series/37890-j10/graph_chunk_entity_relation.graphml,Rel-19,Active Antenna System (AAS) Base Station (BS),antenna
Antenna Failure,receiver RF requirements,receiver RF requirements,UNKNOWN,"For ATG UE with multiple omni-directional antennas not indicating the capability antennaArrayType-r18, the receiver RF requirements are defined on top of each antenna connector<SEP>For ATG UE with antenna array indicating the capability antennaArrayType-r18, the receiver RF requirements are defined on top of each TAB connector",chunk-6f1a1c17b7f122ee79898d1320c94163,../3GPP-trunked/Rel-19/38_series/38101-1-j10_s07-XX.md7.1,1770216694,Rel-19/38_series/38101-1-j10_s07-XX/graph_chunk_entity_relation.graphml,Rel-19,receiver RF requirements,antenna
Antenna Failure,ATG UE,ATG UE,UNKNOWN,"For ATG UE with multiple omni-directional antennas not indicating the capability antennaArrayType-r18, the receiver RF requirements are defined on top of each antenna connector",chunk-6f1a1c17b7f122ee79898d1320c94163,../3GPP-trunked/Rel-19/38_series/38101-1-j10_s07-XX.md7.1,1770216694,Rel-19/38_series/38101-1-j10_s07-XX/graph_chunk_entity_relation.graphml,Rel-19,ATG UE,antenna
Antenna Failure,CFO correction,CFO correction,Concept,"CFO correction is a process performed on a slot-by-slot basis to adjust for carrier frequency offset, using a common frequency correction applied to both antenna outputs.",chunk-263a496daaae4e282d13c61a7f83f4ab,../3GPP-trunked/Rel-19/38_series/38101-1-j10_sAnnexes.md3,1770220152,Rel-19/38_series/38101-1-j10_sAnnexes/graph_chunk_entity_relation.graphml,Rel-19,CFO correction,antenna
Antenna Failure,antenna outputs,antenna outputs,Terminology,,chunk-263a496daaae4e282d13c61a7f83f4ab,../3GPP-trunked/Rel-19/38_series/38101-1-j10_sAnnexes.md3,1770220152,Rel-19/38_series/38101-1-j10_sAnnexes/graph_chunk_entity_relation.graphml,Rel-19,antenna outputs,antenna
Antenna Failure,co-location reference antenna,co-location reference antenna,Concept,co-location reference antenna is a passive antenna used as a reference for co-location requirements.,chunk-7255b5c187e8c20672a47fe6dfe82466,../3GPP-trunked/Rel-19/38_series/38176-1-j00.mdNone,1770228057,Rel-19/38_series/38101-3-j10_cover/graph_chunk_entity_relation.graphml,Rel-19,co-location reference antenna,antenna
Antenna Failure,minimum mechanical down tilt,minimum mechanical down tilt,Concept,Minimum mechanical down tilt is the smallest angle at which the antenna,chunk-70947939508fa52275c478817bc5ed32,../3GPP-trunked/Rel-19/38_series/38141-2-j00.md4.6,1770228079,Rel-19/38_series/38101-3-j10_cover/graph_chunk_entity_relation.graphml,Rel-19,minimum mechanical down tilt,antenna
Antenna Failure,maximum electrical steering range,maximum electrical steering range,Concept,Maximum electrical steering range is the largest angular range over which the beam direction of a Base Station antenna can be electronically adjusted without mechanical movement.,chunk-70947939508fa52275c478817bc5ed32,../3GPP-trunked/Rel-19/38_series/38141-2-j00.md4.6,1770228079,Rel-19/38_series/38101-3-j10_cover/graph_chunk_entity_relation.graphml,Rel-19,maximum electrical steering range,antenna
Antenna Failure,increased mechanical down tilt,increased mechanical down tilt,Concept,"Increased mechanical down tilt is the adjusted mechanical tilt angle of a Base Station antenna that is declared when the maximum electrical steering range is used, to compensate for the lack of simultaneous support with minimum mechanical down tilt.",chunk-70947939508fa52275c478817bc5ed32,../3GPP-trunked/Rel-19/38_series/38141-2-j00.md4.6,1770228079,Rel-19/38_series/38101-3-j10_cover/graph_chunk_entity_relation.graphml,Rel-19,increased mechanical down tilt,antenna
Antenna Failure,mechanical tilt for EEIRP,mechanical tilt for EEIRP,Concept,"Mechanical tilt for EEIRP (Effective Isotropic Radiated Power) refers to the physical adjustment of an antenna's angle to control signal coverage, declared together with D",chunk-e19fe0c49e812b45cf4c341ad8b001de,../3GPP-trunked/Rel-19/38_series/38141-2-j00.md4.6,1770228103,Rel-19/38_series/38101-3-j10_cover/graph_chunk_entity_relation.graphml,Rel-19,mechanical tilt for EEIRP,antenna
Antenna Failure,Conducted Requirements,Conducted Requirements,Concept,"Conducted Requirements are defined at individual or groups of TAB connectors at the transceiver array boundary, representing the conducted interface between the transceiver unit array and the composite antenna.",chunk-5ef4fabfa4bd228d78e7b96b457b010a,../3GPP-trunked/Rel-19/38_series/38176-1-j00.md4.2.1,1770228108,Rel-19/38_series/38101-3-j10_cover/graph_chunk_entity_relation.graphml,Rel-19,Conducted Requirements,antenna
Antenna Failure,Composite Antenna,Composite Antenna,Technology,"Composite Antenna contains a radio distribution network (RDN) and an antenna array. The RDN is a linear passive network that distributes RF power from the transceiver unit array to the antenna array, or distributes received signals from the antenna array to the transceiver unit array in an implementation-specific manner.",chunk-5ef4fabfa4bd228d78e7b96b457b010a,../3GPP-trunked/Rel-19/38_series/38176-1-j00.md4.2.1,1770228108,Rel-19/38_series/38101-3-j10_cover/graph_chunk_entity_relation.graphml,Rel-19,Composite Antenna,antenna
Antenna Failure,Radio Distribution Network,Radio Distribution Network,Technology,"Radio Distribution Network (RDN) is a linear passive network within the composite antenna that facilitates the distribution of RF power from the transceiver unit array to the antenna array, or the reverse for received signals, in an implementation-specific way.",chunk-5ef4fabfa4bd228d78e7b96b457b010a,../3GPP-trunked/Rel-19/38_series/38176-1-j00.md4.2.1,1770228108,Rel-19/38_series/38101-3-j10_cover/graph_chunk_entity_relation.graphml,Rel-19,Radio Distribution Network,antenna
Antenna Failure,Antenna Array,Antenna Array,Technology,"Antenna Array is a component of the composite antenna that receives or transmits radio signals, working in conjunction with the radio distribution network to enable",chunk-5ef4fabfa4bd228d78e7b96b457b010a,../3GPP-trunked/Rel-19/38_series/38176-1-j00.md4.2.1,1770228108,Rel-19/38_series/38101-3-j10_cover/graph_chunk_entity_relation.graphml,Rel-19,Antenna Array,antenna
Antenna Failure,PUSCH,PUSCH,Technology,"PUSCH is a physical uplink shared channel used for transmitting data from the UE to the base station, evaluated under single antenna port and fading channel conditions with a maximum test system uncertainty of ±0.6 dB.",chunk-cc3d0292af6d2d0c5c6d1c2a8b40c763,../3GPP-trunked/Rel-19/38_series/38176-1-j00.md4.1.2.4,1770228108,Rel-19/38_series/38101-3-j10_cover/graph_chunk_entity_relation.graphml,Rel-19,PUSCH,antenna
Antenna Failure,PUCCH,PUCCH,Technology,"PUCCH is a physical uplink control channel used for transmitting control information from the UE to the base station, evaluated under single antenna port and fading channel conditions with a maximum test system uncertainty of ±0.6 dB.",chunk-cc3d0292af6d2d0c5c6d1c2a8b40c763,../3GPP-trunked/Rel-19/38_series/38176-1-j00.md4.1.2.4,1770228108,Rel-19/38_series/38101-3-j10_cover/graph_chunk_entity_relation.graphml,Rel-19,PUCCH,antenna
Antenna Failure,PRACH,PRACH,Technology,"PRACH is a physical random access channel used for initial access by the UE, evaluated under single antenna port and AWGN conditions",chunk-cc3d0292af6d2d0c5c6d1c2a8b40c763,../3GPP-trunked/Rel-19/38_series/38176-1-j00.md4.1.2.4,1770228108,Rel-19/38_series/38101-3-j10_cover/graph_chunk_entity_relation.graphml,Rel-19,PRACH,antenna
Antenna Failure,transmitter characteristics,transmitter characteristics,Concept,"Transmitter characteristics are specified at the antenna connector(s) of the UE for bands operating on frequency range 1, and over the air of the UE for bands operating on frequency range 2. These characteristics are verified separately for frequency range 1 and frequency range 2.",chunk-dc6a5817c109359837894569af788149,../3GPP-trunked/Rel-19/38_series/38101-3-j10_s06-XX.md6.1,1770224378,Rel-19/38_series/38101-3-j10_s06-XX/graph_chunk_entity_relation.graphml,Rel-19,transmitter characteristics,antenna
Antenna Failure,frequency range 1,frequency range 1,Concept,Frequency range 1 refers to a band configuration where transmitter characteristics are specified at the antenna connector(s) of the UE. Requirements for this range can be verified with NR FR2 link disabled.,chunk-dc6a5817c109359837894569af788149,../3GPP-trunked/Rel-19/38_series/38101-3-j10_s06-XX.md6.1,1770224378,Rel-19/38_series/38101-3-j10_s06-XX/graph_chunk_entity_relation.graphml,Rel-19,frequency range 1,antenna
Antenna Failure,inter-band EN-DC,inter-band EN-DC,Concept,"inter-band EN-DC is a configuration where E-UTRA and NR operate in different frequency bands with different carrier frequencies. It supports uplink switching mechanisms specified in sub-clause 6.1.6 of TS 38.214 [14], and requires the UE to support switching between single layer transmission with one antenna port and two-layer transmission with two antenna ports on the uplink carriers.<SEP>inter-band EN-DC refers to a dual connectivity scenario where E-UTRA and NR operate on different frequency bands, requiring specific switching time and power dynamics handling for UL transmission.",chunk-1bdb8aa440d9714d6103fd491f2c688a<SEP>chunk-fff659fd8dc6be689ab95f6905d623b2,../3GPP-trunked/Rel-19/38_series/38101-3-j10_s06-XX.md6.3,1770224410,Rel-19/38_series/38101-3-j10_s06-XX/graph_chunk_entity_relation.graphml,Rel-19,inter-band EN-DC,antenna
Antenna Failure,est Procedures for Antennas,est Procedures for Antennas,Document,est Procedures for Antennas is a document published by IEEE that contains procedures related to antennas.,chunk-f8608122158cb2e6e740f18a9a56219b,../3GPP-trunked/Rel-19/38_series/38101-5-j00.mdNone,1770229529,Rel-19/38_series/38101-5-j00/graph_chunk_entity_relation.graphml,Rel-19,est Procedures for Antennas,antenna
Antenna Failure,Co-polarized transmission,Co-polarized transmission,Concept,Co-polarized transmission occurs when the DUT transmission antenna polarization is aligned with the test antenna polarization.,chunk-60b5c2f4b106c89b2625a3583718ea42,../3GPP-trunked/Rel-19/38_series/38101-5-j00.mdNone,1770229592,Rel-19/38_series/38101-5-j00/graph_chunk_entity_relation.graphml,Rel-19,Co-polarized transmission,antenna
Antenna Failure,Cross-polarized transmission,Cross-polarized transmission,Concept,Cross-polarized transmission occurs when the DUT transmission antenna polarization is oriented such that an incident wave from the DUT results in the lowest available power at the test antenna.,chunk-60b5c2f4b106c89b2625a3583718ea42,../3GPP-trunked/Rel-19/38_series/38101-5-j00.mdNone,1770229592,Rel-19/38_series/38101-5-j00/graph_chunk_entity_relation.graphml,Rel-19,Cross-polarized transmission,antenna
Antenna Failure,antenna connector,antenna connector,Terminology,antenna connector is the connector at the conducted interface of the BS type 1-C.,chunk-84a02a30e5cffd18d68ef7e86e185efd,../3GPP-trunked/Rel-19/38_series/38104-j00.md3.1,1770218226,Rel-19/38_series/38104-j00/graph_chunk_entity_relation.graphml,Rel-19,antenna connector,antenna
Antenna Failure,BS type 1-C,BS type 1-C,Technology,"BS type 1-C is a base station configuration where requirements are applied at the BS antenna connector (port A) for a single transmitter or receiver, or at the full complement of transceivers under normal operating conditions. If external apparatus such as amplifiers, filters, or their combination are used, the requirements apply at the far end antenna connector (port B).<SEP>BS type 1-C is a base station type in Japan whose emission limits may apply to the sum of emission power over all antenna connectors for Band n41 and Band n90 operations.",chunk-07f807123a347fd4aff6989a554b6bed<SEP>chunk-6a9155c687b93ecbea681139292bc065,../3GPP-trunked/Rel-19/38_series/38104-j00.md4.3.1<SEP>../3GPP-trunked/Rel-19/38_series/38104-j00.md4.5,1770218452,Rel-19/38_series/38104-j00/graph_chunk_entity_relation.graphml,Rel-19,BS type 1-C,antenna
Antenna Failure,composite antenna,composite antenna,Technology,"The composite antenna consists of a radio distribution network (RDN) and an antenna array. The RDN is a linear passive network that distributes RF power from the transceiver unit array to the antenna array, or distributes received radio signals from the antenna array to the transceiver unit array, in an implementation-specific manner.",chunk-20d9959e3fd97c66f412c120803eb5de,../3GPP-trunked/Rel-19/38_series/38104-j00.md4.3.2,1770218300,Rel-19/38_series/38104-j00/graph_chunk_entity_relation.graphml,Rel-19,composite antenna,antenna
Antenna Failure,OTA base station output power,OTA base station output power,Technology,"OTA base station output power refers to the radiated output power measured at the antenna port, subject to regional limits in specific bands and regions.)##
(entity",chunk-fdfc2082b8d5d3c4e5aedf928b08cea4,../3GPP-trunked/Rel-19/38_series/38104-j00.md4.5,1770218451,Rel-19/38_series/38104-j00/graph_chunk_entity_relation.graphml,Rel-19,OTA base station output power,antenna
Antenna Failure,Band n41,Band n41,Technology,"Band n41 is a specific frequency band used for NR operation, subject to additional regulatory requirements in Japan, including absolute ACLR limits and operating band unwanted emissions limits.<SEP>Band n41 is a frequency band used for wireless communication in Japan, where the emission limits for BS type 1-C may apply to the sum of emission power over all antenna connectors.",chunk-07f807123a347fd4aff6989a554b6bed<SEP>chunk-fdfc2082b8d5d3c4e5aedf928b08cea4,../3GPP-trunked/Rel-19/38_series/38104-j00.md4.5,1770218451,Rel-19/38_series/38104-j00/graph_chunk_entity_relation.graphml,Rel-19,Band n41,antenna
Antenna Failure,Band n90,Band n90,Technology,"Band n90 is a specific frequency band used for NR operation, subject to additional regulatory requirements in Japan, including output power limits, absolute ACLR limits, and operating band unwanted emissions limits.<SEP>Band n90 is a frequency band used for wireless communication in Japan, where the emission limits for BS type 1-C may apply to the sum of emission power over all antenna connectors.",chunk-07f807123a347fd4aff6989a554b6bed<SEP>chunk-fdfc2082b8d5d3c4e5aedf928b08cea4,../3GPP-trunked/Rel-19/38_series/38104-j00.md4.5,1770218451,Rel-19/38_series/38104-j00/graph_chunk_entity_relation.graphml,Rel-19,Band n90,antenna
Antenna Failure,RIB,RIB,Technology,A RIB (Radio Interface Board) is a component in BS type 1-O that interfaces with the antenna system and supports either single-band or multi-band operation.,chunk-17538c1a8a5914c4fdc81fd9b948b973,../3GPP-trunked/Rel-19/38_series/38104-j00.md4.8,1770218451,Rel-19/38_series/38104-j00/graph_chunk_entity_relation.graphml,Rel-19,RIB,antenna
Antenna Failure,OTA co-location requirements,OTA co-location requirements,Concept,"OTA co-location requirements are technical specifications that ensure minimal interference between two co-located base station systems, specifically BS type 1-O and a co-location reference antenna. These requirements are based on the power at the conducted interface of the reference antenna and apply to both uplink and downlink signals.",chunk-118e8bed3ea96ac25a73791846ebea74,../3GPP-trunked/Rel-19/38_series/38104-j00.md4.9,1770218477,Rel-19/38_series/38104-j00/graph_chunk_entity_relation.graphml,Rel-19,OTA co-location requirements,antenna
Antenna Failure,Antenna connector,Antenna connector,Terminology,,chunk-0bf7c3dc753522e6404059939cd15d0c,../3GPP-trunked/Rel-19/38_series/38106-j00.mdNone,1770231808,Rel-19/38_series/38106-j00/graph_chunk_entity_relation.graphml,Rel-19,Antenna connector,antenna
Antenna Failure,Maximum passband output power,Maximum passband output power,Concept,Maximum passband output power is the mean power level measured per passband at the antenna connector during the transmitter ON state under a specified reference condition.,chunk-0bf7c3dc753522e6404059939cd15d0c,../3GPP-trunked/Rel-19/38_series/38106-j00.mdNone,1770231809,Rel-19/38_series/38106-j00/graph_chunk_entity_relation.graphml,Rel-19,Maximum passband output power,antenna
Antenna Failure,RF repeater type 1-C,RF repeater type 1-C,Technology,"RF repeater type 1-C is a repeater operating at FR1 with a requirement set consisting only of conducted requirements defined at individual antenna connectors.<SEP>RF repeater type 1-C is a specific type of repeater used in downlink configurations, associated with the definition of downlink repeater classes including Wide Area, Medium Range, and Local Area repeaters.<SEP>RF repeater type 1-C is a specific type of repeater used in uplink and downlink configurations, and it is associated with uplink and downlink repeater classes as defined in the specification.",chunk-1ea94a35ecb3242db3ad99e82d5a4994<SEP>chunk-b8966f841bc5837b85972e0186e32b85<SEP>chunk-715b83bdca3971efd19eef0299f2df4c,../3GPP-trunked/Rel-19/38_series/38106-j00.mdNone<SEP>../3GPP-trunked/Rel-19/38_series/38106-j00.md4.3.1<SEP>../3GPP-trunked/Rel-19/38_series/38106-j00.md4.3.2,1770231917,Rel-19/38_series/38106-j00/graph_chunk_entity_relation.graphml,Rel-19,RF repeater type 1-C,antenna
Antenna Failure,Single-band connector,Single-band connector,Concept,"Single-band connector is a repeater type 1-C antenna connector that supports operation in a single operating band only,",chunk-b8966f841bc5837b85972e0186e32b85,../3GPP-trunked/Rel-19/38_series/38106-j00.mdNone,1770231809,Rel-19/38_series/38106-j00/graph_chunk_entity_relation.graphml,Rel-19,Single-band connector,antenna
Antenna Failure,Total radiated power,Total radiated power,Concept,"Total radiated power is the total power radiated by the antenna, defined in both the near-field region and the far-field region, and includes power radiating in all directions for two orthogonal polarizations.",chunk-b8966f841bc5837b85972e0186e32b85,../3GPP-trunked/Rel-19/38_series/38106-j00.mdNone,1770231829,Rel-19/38_series/38106-j00/graph_chunk_entity_relation.graphml,Rel-19,Total radiated power,antenna
Antenna Failure,RF Repeater type 1-C,RF Repeater type 1-C,Concept,RF Repeater type 1-C is a repeater configuration where RF requirements are applied at the repeater antenna connector (BS-side or UE-side) for downlink or uplink under normal operating conditions.,chunk-48934997f05549837556d4f7ec35e078,../3GPP-trunked/Rel-19/38_series/38106-j00.md4.2.1,1770231885,Rel-19/38_series/38106-j00/graph_chunk_entity_relation.graphml,Rel-19,RF Repeater type 1-C,antenna
Antenna Failure,NCR type 1-C,NCR type 1-C,Concept,"NCR type 1-C is a network-controlled repeater configuration where NCR-Fwd RF requirements are applied at the NCR antenna connector (BS-side or UE-side) for downlink or uplink, and NCR-MT RF requirements are applied at the NCR antenna connector (BS-side) under normal operating conditions.",chunk-48934997f05549837556d4f7ec35e078,../3GPP-trunked/Rel-19/38_series/38106-j00.md4.2.1,1770231885,Rel-19/38_series/38106-j00/graph_chunk_entity_relation.graphml,Rel-19,NCR type 1-C,antenna
Antenna Failure,NCR antenna connector,NCR antenna connector,Terminology,,chunk-48934997f05549837556d4f7ec35e078,../3GPP-trunked/Rel-19/38_series/38106-j00.md4.2.1,1770231885,Rel-19/38_series/38106-j00/graph_chunk_entity_relation.graphml,Rel-19,NCR antenna connector,antenna
Antenna Failure,beam peak directions,beam peak directions,Concept,"Beam peak directions are specific directions in which the antenna beam reaches its maximum radiation intensity, and they are related to a contiguous range or discrete list of beam centre directions via beam direction pairs included in the set.",chunk-b8e89e177cd199d3bbe395a71cb4c1e0,../3GPP-trunked/Rel-19/38_series/38108-j00.md3.1,1770218782,Rel-19/38_series/38108-j00/graph_chunk_entity_relation.graphml,Rel-19,beam peak directions,antenna
Antenna Failure,SAN type 1-H,SAN type 1-H,Technology,"SAN type 1-H is a system configuration defined with two points of reference: radiated and conducted requirements. It involves the Radiated Interface Boundary (RIB) for over-the-air (OTA) characteristics and the transceiver array boundary for conducted characteristics. The system includes a satellite payload composed of a transceiver unit array and a composite antenna array, with specific implementation-dependent configurations.<SEP>SAN type 1-H is a specific type of Satellite Access Node, categorized under the broader SAN types and subject to the same deployment scenarios as other SAN types.<SEP>SAN type 1-H is a configuration for which conducted transmitter characteristics are specified at the TAB connector with a full complement of transceiver units under normal operating conditions.<SEP>SAN type 1-H is a type of equipment or system with a minimum requirement defined in section 6.2.2, where the maximum carrier output power Pmax,c,TABC must remain within ±2 dB of the rated carrier output power Prated,c,TABC for each TAB connector as declared by the manufacturer under normal conditions.<SEP>SAN type 1-H is a type of satellite access network (SAN) for which output power requirements are defined at the TAB connector. Its rated carrier output power must comply with the values specified in Table 6.2.1-2 and is categorized by SAN class.<SEP>SAN type 1-H is a type of satellite access node defined in section 6.3.2.2 with a minimum requirement for RE power control dynamic range as specified in Table 6.3.2.2-1.<SEP>SAN type 1-H is a specific type of SAN that supports transmission in the operating band and is subject to the SAN total power dynamic range requirement at each TAB connector.",chunk-fad5a5aeffccd7a9261c3566c1692738<SEP>chunk-8bbb8adf31ebb53a4ad9291bbbafa004<SEP>chunk-58af631c94515826e31371838a0a425a<SEP>chunk-9e8f43190acce591171bdda209041182<SEP>chunk-48a8e1dda8b180b711fb9ed2f83671ec<SEP>chunk-fd9a989e24b03c31ae1eb8f30445c635<SEP>chunk-b6fc8dbed0bda64469592ac933b280ae,../3GPP-trunked/Rel-19/38_series/38108-j00.md4.3.1<SEP>../3GPP-trunked/Rel-19/38_series/38108-j00.md4.4<SEP>../3GPP-trunked/Rel-19/38_series/38108-j00.md6.1<SEP>../3GPP-trunked/Rel-19/38_series/38108-j00.md6.2.2<SEP>../3GPP-trunked/Rel-19/38_series/38108-j00.md6.2.1<SEP>../3GPP-trunked/Rel-19/38_series/38108-j00.md6.3.2.2<SEP>../3GPP-trunked/Rel-19/38_series/38108-j00.md6.3.3.1,1770219132,Rel-19/38_series/38108-j00/graph_chunk_entity_relation.graphml,Rel-19,SAN type 1-H,antenna
Antenna Failure,Composite Antenna Array,Composite Antenna Array,Technology,The composite antenna array is,chunk-58af631c94515826e31371838a0a425a,../3GPP-trunked/Rel-19/38_series/38108-j00.md4.3.1,1770218975,Rel-19/38_series/38108-j00/graph_chunk_entity_relation.graphml,Rel-19,Composite Antenna Array,antenna
Antenna Failure,Satellite Payload,Satellite Payload,Technology,"The satellite payload consists of a transceiver unit array and a composite antenna array, forming the core communication subsystem responsible for signal processing and transmission/reception in satellite communications.",chunk-58af631c94515826e31371838a0a425a,../3GPP-trunked/Rel-19/38_series/38108-j00.md4.3.1,1770218975,Rel-19/38_series/38108-j00/graph_chunk_entity_relation.graphml,Rel-19,Satellite Payload,antenna
Antenna Failure,multi-Rx operation,multi-Rx operation,Concept,"multi-Rx operation refers to a capability in which a device can receive signals simultaneously on multiple receive chains or antennas, enhancing signal reliability and throughput. It is applicable in Frequency Range (FR) as defined in section 3.6.19.",chunk-e830537219277645d8ba172efb7d11ba,../3GPP-trunked/Rel-19/38_series/38133-j00_cover.md3.6.19,1770217231,Rel-19/38_series/38133-j00_cover/graph_chunk_entity_relation.graphml,Rel-19,multi-Rx operation,antenna
Antenna Failure,2Rx RedCap UE,2Rx RedCap UE,Concept,"2Rx RedCap UE is a type of Reduced Capability User Equipment designed for 2 receive antennas, operating under specific configuration rules for CSI-RS evaluation periods in FR1. It is subject to different evaluation time calculations based on DRX settings and supports measurement of CSI-RS for RLM without measurement gaps.",chunk-2d3e34bd62fc8e8199a7940d41f00955,../3GPP-trunked/Rel-19/38_series/38133-j00_s8-8.md8.1.8,1770221068,Rel-19/38_series/38133-j00_sA.1-A.3/graph_chunk_entity_relation.graphml,Rel-19,2Rx RedCap UE,antenna
Antenna Failure,1Rx RedCap UE,1Rx RedCap UE,Concept,"1Rx RedCap UE is a type of Reduced Capability User Equipment designed for 1 receive antenna, operating under specific configuration rules for CSI-RS evaluation periods in FR1. It is subject to different evaluation time calculations based on DRX settings and supports measurement of CSI-RS for RLM without measurement gaps.",chunk-2d3e34bd62fc8e8199a7940d41f00955,../3GPP-trunked/Rel-19/38_series/38133-j00_s8-8.md8.1.8,1770221068,Rel-19/38_series/38133-j00_sA.1-A.3/graph_chunk_entity_relation.graphml,Rel-19,1Rx RedCap UE,antenna
Antenna Failure,out_SSB,out_SSB,Concept,"out_SSB is a parameter defined in Table 8.1D.2.2-1 for FR1, representing the evaluation period for SSB-based radio link monitoring when the SSB is not overlapping with measurement gaps. It is used in the context of FR1 ATG UEs with omni-directional antennas and is calculated based on P value and TSSB.",chunk-3aa8c283d35d4124524acdf773fc70ff,../3GPP-trunked/Rel-19/38_series/38133-j00_s8-8.md8.1.8,1770221098,Rel-19/38_series/38133-j00_sA.1-A.3/graph_chunk_entity_relation.graphml,Rel-19,out_SSB,antenna
Antenna Failure,FR1 ATG UE,FR1 ATG UE,Concept,"FR1 ATG UE refers to a user equipment operating in the FR1 frequency range for airborne terrestrial communication, which may have one or multiple omni-directional antennas or an antenna array, and is subject to specific measurement and evaluation period rules for SSB-based RLM<SEP>FR1 ATG UE refers to a User Equipment operating in the Frequency Range 1 for Air-to-Ground scenarios, which may have one or multiple omni-directional antennas or an antenna array, and is subject to specific P value and evaluation period rules.",chunk-3aa8c283d35d4124524acdf773fc70ff<SEP>chunk-a9a591bcee7059caf9fa04a1b6a960c0,../3GPP-trunked/Rel-19/38_series/38133-j00_s8-8.md8.1.8,1770221099,Rel-19/38_series/38133-j00_sA.1-A.3/graph_chunk_entity_relation.graphml,Rel-19,FR1 ATG UE,antenna
Antenna Failure,0 dBi gain antenna,0 dBi gain antenna,Technology,"0 dBi gain antenna is a type of antenna with a gain of 0 decibels relative to an isotropic radiator, positioned at the center of the q.<SEP>0 dBi gain antenna is a reference antenna used to measure equivalent power at the center of the quiet zone, representing a baseline for signal reception.",chunk-968eaa1137ad7e87fc08891a5e617391<SEP>chunk-8abe11928f00ecf08f33387670b82464,../3GPP-trunked/Rel-19/38_series/38133-j00_sA.17-A.18.md7680<SEP>../3GPP-trunked/Rel-19/38_series/38133-j00_sA.17-A.18.md3200,1770219948,Rel-19/38_series/38133-j00_sA.17-A.18/graph_chunk_entity_relation.graphml,Rel-19,0 dBi gain antenna,antenna
Antenna Failure,quiet zone,quiet zone,Concept,"Quiet zone is a region where the equivalent power received by an antenna with 0 dBi gain is measured, and it is the location where observations are made for test purposes.",chunk-8abe11928f00ecf08f33387670b82464,../3GPP-trunked/Rel-19/38_series/38133-j00_sA.17-A.18.md3200,1770219948,Rel-19/38_series/38133-j00_sA.17-A.18/graph_chunk_entity_relation.graphml,Rel-19,quiet zone,antenna
Antenna Failure,RF Repeater,RF Repeater,Concept,"RF Repeater is a device used in wireless communication systems to amplify and retransmit radio signals. For repeater type 1-C, the requirements are applied at the repeater antenna connector, either BS-side or UE-side, for downlink or uplink signals under normal operating conditions.",chunk-c454a097396af146ccda963ddd91796e,../3GPP-trunked/Rel-19/38_series/38115-1-j00.md4.2.1,1770219956,Rel-19/38_series/38133-j00_sA.17-A.18/graph_chunk_entity_relation.graphml,Rel-19,RF Repeater,antenna
Antenna Failure,repeater type 1-C,repeater type 1-C,Technology,Repeater type 1-C is a specific configuration of RF Repeater where requirements are applied at the repeater antenna connector (BS-side or UE-side) for downlink or uplink signals under normal operating conditions.<SEP>Repeater type 1-C is a repeater configuration for which requirements are applied at the repeater antenna connector (BS-side or UE-side connector) for downlink or uplink under normal operating conditions.,chunk-d18326f6448eede6a7e5b62bece2a11f<SEP>chunk-c454a097396af146ccda963ddd91796e,../3GPP-trunked/Rel-19/38_series/38115-1-j00.md4.2.1<SEP>../3GPP-trunked/Rel-19/38_series/38115-1-j00.md4.5.1,1770219970,Rel-19/38_series/38133-j00_sA.17-A.18/graph_chunk_entity_relation.graphml,Rel-19,repeater type 1-C,antenna
Antenna Failure,Maximum output power,Maximum output power,Concept,"Maximum output power refers to the highest base station output power per sector, expressed as e.i.r.p. (effective isotropic radiated power), and was provided in the antenna parameter table of the LS [4], aligned with antenna characteristics. It is specified for different deployment scenarios including Rural, Macro suburban, Macro urban, Small cell outdoor/Micro urban, and Small cell indoor/Indoor urban, with values of 72.2 dBm for the first three and 61.5 dBm for Small cell outdoor/Micro urban, while N/A is indicated for Small cell indoor/Indoor urban.",chunk-487fd0e2a8fe1e740bf0a9b5145b1391,../3GPP-trunked/Rel-19/38_series/38922-j00.md4.2.1.5,1770219957,Rel-19/38_series/38133-j00_sA.17-A.18/graph_chunk_entity_relation.graphml,Rel-19,Maximum output power,antenna
Antenna Failure,antenna parameter table,antenna parameter table,Terminology,,chunk-487fd0e2a8fe1e740bf0a9b5145b1391,../3GPP-trunked/Rel-19/38_series/38922-j00.md4.2.1.5,1770219957,Rel-19/38_series/38133-j00_sA.17-A.18/graph_chunk_entity_relation.graphml,Rel-19,antenna parameter table,antenna
Antenna Failure,repeater antenna connector,repeater antenna connector,Terminology,,chunk-d18326f6448eede6a7e5b62bece2a11f,../3GPP-trunked/Rel-19/38_series/38115-1-j00.md4.5.1,1770219970,Rel-19/38_series/38133-j00_sA.17-A.18/graph_chunk_entity_relation.graphml,Rel-19,repeater antenna connector,antenna
Antenna Failure,Transmission with multiple BS-side antenna connectors for RF repeater and NCR type 1-C,Transmission with multiple BS-side antenna connectors for RF repeater and NCR type 1-C,Concept,"Transmission with multiple BS-side antenna connectors for RF repeater and NCR type 1-C is a test requirement defined in section 4.5.2 of the present document. It applies to each BS-side antenna connector when multiple connectors are used. Testing is performed at the antenna connector with other connectors terminated. If the manufacturer declares the connectors to be equivalent (as per D.13), measurement at any one connector is sufficient.",chunk-95f0ba669530c44fb7e1d1560bc4896f,../3GPP-trunked/Rel-19/38_series/38115-1-j00.md4.5.2,1770219970,Rel-19/38_series/38133-j00_sA.17-A.18/graph_chunk_entity_relation.graphml,Rel-19,Transmission with multiple BS-side antenna connectors for RF repeater and NCR type 1-C,antenna
Antenna Failure,Transmission with multiple BS-side antenna connectors for NCR type 1-H,Transmission with multiple BS-side antenna connectors for NCR type 1-H,Concept,"Transmission with multiple BS-side antenna connectors for NCR type 1-H is a test requirement defined in section 4.5.2A of the present document. The manufacturer must declare input/output pairs and/or groups mapping input-side and output-side TAB connectors. The declared set must include all TAB connectors. The requirement applies to each BS-side TAB connector group. Testing is performed at the TAB connectors in each group with remaining connectors terminated. If the manufacturer declares the groups to be equivalent (as per D.13), measurement at any one BS-side TAB connector is sufficient",chunk-95f0ba669530c44fb7e1d1560bc4896f,../3GPP-trunked/Rel-19/38_series/38115-1-j00.md4.5.2,1770219970,Rel-19/38_series/38133-j00_sA.17-A.18/graph_chunk_entity_relation.graphml,Rel-19,Transmission with multiple BS-side antenna connectors for NCR type 1-H,antenna
Antenna Failure,BS-side antenna connector,BS-side antenna connector,Terminology,,chunk-95f0ba669530c44fb7e1d1560bc4896f,../3GPP-trunked/Rel-19/38_series/38115-1-j00.md4.5.2,1770219970,Rel-19/38_series/38133-j00_sA.17-A.18/graph_chunk_entity_relation.graphml,Rel-19,BS-side antenna connector,antenna
Antenna Failure,MIMO,MIMO,Concept,Multiple Input Multiple Output (MIMO) is a wireless technology that uses multiple antennas at both transmitter and receiver to improve communication performance and increase data throughput.<SEP>MIMO is a technology that involves multiple input and multiple output antennas for improving wireless communication performance. It is referenced in the context of measurement and testing procedures.,chunk-44fe352826208b2ae85d58cf689bdbed<SEP>chunk-4ad3afaceea2be53ce3b355d8bef00cf,../3GPP-trunked/Rel-19/38_series/38141-1-j00.md4.1.2.4<SEP>../3GPP-trunked/Rel-19/38_series/38141-1-j00.md4.1.3,1770216316,Rel-19/38_series/38141-1-j00/graph_chunk_entity_relation.graphml,Rel-19,MIMO,antenna
Antenna Failure,Conducted interface,Conducted interface,Concept,"The conducted interface is the boundary at individual or groups of TAB connectors between the transceiver unit array and the composite antenna, where conducted characteristics are defined. It serves as the interface for conducting electrical signal measurements.",chunk-a22003c4d56fd6b7cd6a196049fc1957,../3GPP-trunked/Rel-19/38_series/38141-1-j00.md4.2.2,1770216310,Rel-19/38_series/38141-1-j00/graph_chunk_entity_relation.graphml,Rel-19,Conducted interface,antenna
Antenna Failure,Composite antenna,Composite antenna,Technology,"The composite antenna consists of a radio distribution network (RDN) and an antenna array. It receives radio signals from the antenna array and distributes them to the transceiver unit array, or distributes RF power from the transceiver unit array to the antenna array in an implementation-specific manner.",chunk-a22003c4d56fd6b7cd6a196049fc1957,../3GPP-trunked/Rel-19/38_series/38141-1-j00.md4.2.2,1770216310,Rel-19/38_series/38141-1-j00/graph_chunk_entity_relation.graphml,Rel-19,Composite antenna,antenna
Antenna Failure,Radio distribution network,Radio distribution network,Technology,The radio distribution network (RDN) is a linear passive network within the composite antenna that distributes RF power,chunk-a22003c4d56fd6b7cd6a196049fc1957,../3GPP-trunked/Rel-19/38_series/38141-1-j00.md4.2.2,1770216310,Rel-19/38_series/38141-1-j00/graph_chunk_entity_relation.graphml,Rel-19,Radio distribution network,antenna
Antenna Failure,Adjacent Channel Leakage Power Ratio,Adjacent Channel Leakage Power Ratio,Concept,"Adjacent Channel Leakage Power Ratio (ACLR) is a measure of unwanted emissions in adjacent frequency channels. For Band n41 and n90 operation in Japan, absolute ACLR limits must be applied to the sum of the absolute ACLR power over all antenna connectors for BS type 1-C.",chunk-c950a14d42dc86a7a7da32ffa729aebb,../3GPP-trunked/Rel-19/38_series/38141-1-j00.md4.4,1770216312,Rel-19/38_series/38141-1-j00/graph_chunk_entity_relation.graphml,Rel-19,Adjacent Channel Leakage Power Ratio,antenna
Antenna Failure,test port B,test port B,Terminology,test port B is the far end antenna connector where transmitter requirements apply when external apparatus such as a TX amplifier or filter is used.<SEP>test port B is the far end antenna connector where receiver requirements apply when external apparatus such as a RX amplifier or filter is used.,chunk-10a9c59ff456a682fb5aee61dc8f17b9<SEP>chunk-b2b6f997dd5643fb931cdb91d839a76f,../3GPP-trunked/Rel-19/38_series/38141-1-j00.md4.5.1.1.1<SEP>../3GPP-trunked/Rel-19/38_series/38141-1-j00.md4.5.1.2.1,1770216404,Rel-19/38_series/38141-1-j00/graph_chunk_entity_relation.graphml,Rel-19,test port B,antenna
Antenna Failure,Reception with multiple receiver antenna connectors,Reception with multiple receiver antenna connectors,Concept,"Reception with multiple receiver antenna connectors refers to a test scenario in clause 7 of the present document where receiver diversity or multi-carrier reception is evaluated. The requirement applies at each receiver antenna connector, and receiver requirements are tested at the antenna connector with remaining receivers disabled or their connectors terminated.",chunk-07b5c5983da061addd8c580057a36b85,../3GPP-trunked/Rel-19/38_series/38141-1-j00.md4.5.1.2.2,1770216390,Rel-19/38_series/38141-1-j00/graph_chunk_entity_relation.graphml,Rel-19,Reception with multiple receiver antenna connectors,antenna
Antenna Failure,receiver diversity,receiver diversity,Concept,Receiver diversity is a technique used in receivers with multiple antenna connectors to improve signal reception quality by combining signals from different antennas.,chunk-07b5c5983da061addd8c580057a36b85,../3GPP-trunked/Rel-19/38_series/38141-1-j00.md4.5.1.2.2,1770216390,Rel-19/38_series/38141-1-j00/graph_chunk_entity_relation.graphml,Rel-19,receiver diversity,antenna
Antenna Failure,multi-carrier reception,multi-carrier reception,Concept,"Multi-carrier reception is a capability of receivers that allows simultaneous processing of multiple carrier signals, requiring multiple receiver antenna connectors.",chunk-07b5c5983da061addd8c580057a36b85,../3GPP-trunked/Rel-19/38_series/38141-1-j00.md4.5.1.2.2,1770216390,Rel-19/38_series/38141-1-j00/graph_chunk_entity_relation.graphml,Rel-19,multi-carrier reception,antenna
Antenna Failure,receiver antenna connector,receiver antenna connector,Terminology,,chunk-07b5c5983da061addd8c580057a36b85,../3GPP-trunked/Rel-19/38_series/38141-1-j00.md4.5.1.2.2,1770216390,Rel-19/38_series/38141-1-j00/graph_chunk_entity_relation.graphml,Rel-19,receiver antenna connector,antenna
Antenna Failure,Transmission with multiple transmitter antenna connectors,Transmission with multiple transmitter antenna connectors,Concept,"Transmission with multiple transmitter antenna connectors refers to a test scenario in clause 6 of the present document where each transmitter antenna connector is evaluated individually. The requirement applies to each connector, and transmitter requirements are tested at the antenna connector with other connectors terminated. If the manufacturer declares the transmitter paths as equivalent (D.32), testing at any one connector is sufficient.",chunk-927d25e570475c1c2612bfa770495f66,../3GPP-trunked/Rel-19/38_series/38141-1-j00.md4.5.1.1.2,1770216404,Rel-19/38_series/38141-1-j00/graph_chunk_entity_relation.graphml,Rel-19,Transmission with multiple transmitter antenna connectors,antenna
Antenna Failure,transmitter antenna connector,transmitter antenna connector,Terminology,,chunk-927d25e570475c1c2612bfa770495f66,../3GPP-trunked/Rel-19/38_series/38141-1-j00.md4.5.1.1.2,1770216404,Rel-19/38_series/38141-1-j00/graph_chunk_entity_relation.graphml,Rel-19,transmitter antenna connector,antenna
Antenna Failure,receiver characteristics,receiver characteristics,Concept,"Receiver characteristics are specified in clause 7 at the BS antenna connector (test port A) under normal operating conditions with a full complement of transceivers. If external apparatus such as a RX amplifier, a filter, or their combination is used, the requirements apply at the far end antenna connector (test port B).",chunk-10a9c59ff456a682fb5aee61dc8f17b9,../3GPP-trunked/Rel-19/38_series/38141-1-j00.md4.5.1.2.1,1770216404,Rel-19/38_series/38141-1-j00/graph_chunk_entity_relation.graphml,Rel-19,receiver characteristics,antenna
Antenna Failure,antenna system,antenna system,Technology,"The antenna system is a component in the Base Station that supports signal transmission and reception, and it can generate intermodulation products not controlled by 3GPP specifications, potentially degrading performance due to environmental factors like moisture ingress.",chunk-23a3393241e68dfa7d3cbef199a4de80,../3GPP-trunked/Rel-19/38_series/38141-1-j00.md4.5.1.3,1770216405,Rel-19/38_series/38141-1-j00/graph_chunk_entity_relation.graphml,Rel-19,antenna system,antenna
Antenna Failure,total radiated power,total radiated power,Concept,Total radiated power is the total power radiated by the antenna in all directions for two orthogonal polarizations. It is defined in both the near-field region and the far-field region.,chunk-8ef808aabeadcdb05a2dd8fca9a586e2,../3GPP-trunked/Rel-19/38_series/38141-2-j00.mdNone,1770227803,Rel-19/38_series/38141-2-j00/graph_chunk_entity_relation.graphml,Rel-19,total radiated power,antenna
Antenna Failure,CATR,CATR,Technology,"CATR stands for Compact Antenna Test Range, a facility used for testing antenna radiation patterns in a controlled environment.",chunk-cf7430ab80e35b4f5b5182ec005bd9b7,../3GPP-trunked/Rel-19/38_series/38141-2-j00.md3.3,1770227803,Rel-19/38_series/38141-2-j00/graph_chunk_entity_relation.graphml,Rel-19,CATR,antenna
Antenna Failure,CLTA,CLTA,Technology,"CLTA stands for Co-Location Test Antenna, an antenna used in testing scenarios where multiple antennas are placed in close proximity.<SEP>CLTA refers to the co-location test antenna used in OTA (Over-The-Air) testing, whose selection and placement must meet the criteria specified in clause 4.12 to be deemed sufficient for test purposes.",chunk-ce2112aa3c3007f71c40bfe590cc0bed<SEP>chunk-cf7430ab80e35b4f5b5182ec005bd9b7,../3GPP-trunked/Rel-19/38_series/38141-2-j00.md3.3<SEP>../3GPP-trunked/Rel-19/38_series/38141-2-j00.mdNone,1770227857,Rel-19/38_series/38141-2-j00/graph_chunk_entity_relation.graphml,Rel-19,CLTA,antenna
Antenna Failure,OTA Test System uncertainty,OTA Test System uncertainty,Concept,"OTA Test System uncertainty is the maximum permissible uncertainty in over-the-air (OTA) transmitter tests, defined in tables 4.1.2.2-1 and 4.1.2.2-2, with values specified under normal and extreme conditions for various test clauses and frequency bands.<SEP>OTA Test System uncertainty is the maximum allowable uncertainty in over-the-air testing systems, measured in dB, and varies based on the test condition, antenna configuration, and channel type (fading or<SEP>OTA Test System uncertainty refers to the maximum allowable measurement uncertainty in OTA receiver tests, with values specified per test clause and frequency range. It is a key metric for ensuring test accuracy and consistency.",chunk-442a69a8297215ef2b3574f7213ea06f<SEP>chunk-91f72bc4f7e02da930a0d61d5e3cdc59<SEP>chunk-352f698f4cb999ea15298e918e970f6b,../3GPP-trunked/Rel-19/38_series/38141-2-j00.mdNone,1770227906,Rel-19/38_series/38141-2-j00/graph_chunk_entity_relation.graphml,Rel-19,OTA Test System uncertainty,antenna
Antenna Failure,TR 37.941,TR 37.941,Document,"TR 37.941 is a technical report that specifies the measurement uncertainty budget used for evaluating test system uncertainty in OTA testing, particularly related to the selection and alignment of the co-location test antenna.<SEP>NULL",chunk-ce2112aa3c3007f71c40bfe590cc0bed<SEP>chunk-442a69a8297215ef2b3574f7213ea06f,../3GPP-trunked/Rel-19/38_series/38141-2-j00.mdNone,1770227906,Rel-19/38_series/38141-2-j00/graph_chunk_entity_relation.graphml,Rel-19,TR 37.941,antenna
Antenna Failure,single antenna port,single antenna port,Terminology,,chunk-91f72bc4f7e02da930a0d61d5e3cdc59,../3GPP-trunked/Rel-19/38_series/38141-2-j00.mdNone,1770227906,Rel-19/38_series/38141-2-j00/graph_chunk_entity_relation.graphml,Rel-19,single antenna port,antenna
Antenna Failure,Iuant,Iuant,Terminology,Iuant is the gNB internal logical interface between the implementation-specific O&M function and the RET antennas and TMAs control unit function of the gNB.,chunk-b8435aa911791c468495995fbd821d4a,../3GPP-trunked/Rel-19/38_series/38176-1-j00.mdNone,1770227623,Rel-19/38_series/38176-1-j00/graph_chunk_entity_relation.graphml,Rel-19,Iuant,antenna
Antenna Failure,TX antenna,TX antenna,Terminology,,chunk-bc096626f85d63ac4a4bad15f656e7d2,../3GPP-trunked/Rel-19/38_series/38769-j00.md2,1770220183,Rel-19/38_series/38769-j00/graph_chunk_entity_relation.graphml,Rel-19,TX antenna,antenna
Antenna Failure,RX antenna,RX antenna,Terminology,,chunk-bc096626f85d63ac4a4bad15f656e7d2,../3GPP-trunked/Rel-19/38_series/38769-j00.md2,1770220183,Rel-19/38_series/38769-j00/graph_chunk_entity_relation.graphml,Rel-19,RX antenna,antenna
Antenna Failure,IMT parameters,IMT parameters,Concept,"IMT parameters are technical characteristics studied in the frequency ranges of 4400 to 4800 MHz, 7125 to 8400 MHz, and 14800 to 15350 MHz. The study focuses on transmitter and receiver characteristics for NR BS and NR UE, co-existence analysis, AAS antenna models, and responses to ITU-R W5PD’s requests and additional questions.",chunk-213c3280f9141c5602e530e3fedeb0aa,../3GPP-trunked/Rel-19/38_series/38922-j00.mdNone,1770219797,Rel-19/38_series/38922-j00/graph_chunk_entity_relation.graphml,Rel-19,IMT parameters,antenna
Antenna Failure,AAS antenna models,AAS antenna models,Concept,AAS antenna models are advanced,chunk-213c3280f9141c5602e530e3fedeb0aa,../3GPP-trunked/Rel-19/38_series/38922-j00.mdNone,1770219797,Rel-19/38_series/38922-j00/graph_chunk_entity_relation.graphml,Rel-19,AAS antenna models,antenna
Antenna Failure,array element,array element,Concept,"An array element is a subdivision of a passive antenna array, consisting of a single radiating element or a group of radiating elements, with a fixed radiation pattern.",chunk-5ad8deabed86a50a901ac67bdef77ac1,../3GPP-trunked/Rel-19/38_series/38922-j00.mdNone,1770219823,Rel-19/38_series/38922-j00/graph_chunk_entity_relation.graphml,Rel-19,array element,antenna
Antenna Failure,front-to-back ratio,front-to-back ratio,Concept,Front-to-back ratio is the ratio of the maximum directivity of an antenna to its directivity in a specified rearward direction.,chunk-5ad8deabed86a50a901ac67bdef77ac1,../3GPP-trunked/Rel-19/38_series/38922-j00.mdNone,1770219823,Rel-19/38_series/38922-j00/graph_chunk_entity_relation.graphml,Rel-19,front-to-back ratio,antenna
Antenna Failure,gain,gain,Concept,"Gain is the ratio of the radiation intensity in a given direction to the radiation intensity that would be obtained if the power accepted by the antenna were radiated in an isotropic manner. If the direction is not specified, the direction of maximum radiation intensity is implied.",chunk-5ad8deabed86a50a901ac67bdef77ac1,../3GPP-trunked/Rel-19/38_series/38922-j00.mdNone,1770219823,Rel-19/38_series/38922-j00/graph_chunk_entity_relation.graphml,Rel-19,gain,antenna
Antenna Failure,Am,Am,Technology,"Am is the front-to-back ratio measured in dB, indicating the difference in signal strength between the front and back of the antenna array.",chunk-c669528c9e7c5c8b17945c31a3394a3d,../3GPP-trunked/Rel-19/38_series/38922-j00.mdNone,1770219823,Rel-19/38_series/38922-j00/graph_chunk_entity_relation.graphml,Rel-19,Am,antenna
Antenna Failure,dh,dh,Technology,"dh is the horizontal element separation between antenna elements, measured in meters.",chunk-c669528c9e7c5c8b17945c31a3394a3d,../3GPP-trunked/Rel-19/38_series/38922-j00.mdNone,1770219823,Rel-19/38_series/38922-j00/graph_chunk_entity_relation.graphml,Rel-19,dh,antenna
Antenna Failure,dv,dv,Technology,"dv is the vertical element separation between antenna elements, measured in meters.",chunk-c669528c9e7c5c8b17945c31a3394a3d,../3GPP-trunked/Rel-19/38_series/38922-j00.mdNone,1770219823,Rel-19/38_series/38922-j00/graph_chunk_entity_relation.graphml,Rel-19,dv,antenna
Antenna Failure,SLAv,SLAv,Technology,"SLAv is the side lobe suppression measured in dB, indicating the reduction of unwanted side lobes in the antenna pattern.",chunk-c669528c9e7c5c8b17945c31a3394a3d,../3GPP-trunked/Rel-19/38_series/38922-j00.mdNone,1770219823,Rel-19/38_series/38922-j00/graph_chunk_entity_relation.graphml,Rel-19,SLAv,antenna
Antenna Failure,θ3dB,θ3dB,Technology,"θ3dB is the vertical half-power beamwidth, representing the angular width of the antenna's main lobe in the vertical plane.",chunk-c669528c9e7c5c8b17945c31a3394a3d,../3GPP-trunked/Rel-19/38_series/38922-j00.mdNone,1770219823,Rel-19/38_series/38922-j00/graph_chunk_entity_relation.graphml,Rel-19,θ3dB,antenna
Antenna Failure,θetilt,θetilt,Technology,"θetilt is the electrical down-tilt angle measured in degrees, defined from the antenna array normal and directed downwards.",chunk-c669528c9e7c5c8b17945c31a3394a3d,../3GPP-trunked/Rel-19/38_series/38922-j00.mdNone,1770219823,Rel-19/38_series/38922-j00/graph_chunk_entity_relation.graphml,Rel-19,θetilt,antenna
Buffer Overflow,Trace Records,Trace Records,Concept,Trace Records are used to carry captured trace data being reported or to convey administrative messages associated with data collection. They are part of the trace data reporting process and may be encoded using XML (binary form) or GPB (Google Protocol Buffers).<SEP>Trace Records are individual data units carried in the payload of transport protocol messages under the Streaming Trace Format. Each record is associated with a length delimiter and is transmitted from the MnS Producer to the MnS Consumer. The format of these records is specified in clause 5.2.,chunk-354870eba2e9af8d6ab6be73865433fb<SEP>chunk-445e5c489cf11c9fdff67bf6ec1ecb99,../3GPP-trunked/Rel-19/32_series/32423-j20.md5.1<SEP>../3GPP-trunked/Rel-19/32_series/32423-j20.md5.2.6,1770200591,Rel-19/22_series/22137-j10/graph_chunk_entity_relation.graphml,Rel-19,Trace Records,buffer
Buffer Overflow,GPB version 3 (proto3),GPB version 3 (proto3),Technology,"GPB version 3 (proto3) is a protocol buffer format used to encode trace records, providing a structured and efficient method for data serialization.",chunk-f6b2d02434cb9a44664786d61ba6f787,../3GPP-trunked/Rel-19/32_series/32423-j20.md5.2.1,1770200439,Rel-19/22_series/22153-j20/graph_chunk_entity_relation.graphml,Rel-19,GPB version 3 (proto3),buffer
Buffer Overflow,RLC buffer Payload,RLC buffer Payload,Concept,"RLC buffer Payload is a metric reported in RRC/MEASUREMENT REPORT when the measurement is set to traffic volume, indicating the payload size in the RLC buffer.",chunk-372cc4cac8d4ab605925ece8f9ee4109,../3GPP-trunked/Rel-19/32_series/32423-j20.md4.6,1770199962,Rel-19/22_series/22865-j20/graph_chunk_entity_relation.graphml,Rel-19,RLC buffer Payload,buffer
Buffer Overflow,Average RLC buffer payload,Average RLC buffer payload,Concept,"Average RLC buffer payload is a statistical measure of the RLC buffer payload reported in RRC/MEASUREMENT REPORT for traffic volume, used to assess average data transmission load.",chunk-372cc4cac8d4ab605925ece8f9ee4109,../3GPP-trunked/Rel-19/32_series/32423-j20.md4.6,1770199962,Rel-19/22_series/22865-j20/graph_chunk_entity_relation.graphml,Rel-19,Average RLC buffer payload,buffer
Buffer Overflow,Variance of RLC buffer payload,Variance of RLC buffer payload,Concept,"Variance of RLC buffer payload is a measure of dispersion in the RLC buffer payload values reported in RRC/MEASUREMENT REPORT for traffic volume, indicating variability in data transmission.",chunk-372cc4cac8d4ab605925ece8f9ee4109,../3GPP-trunked/Rel-19/32_series/32423-j20.md4.6,1770199963,Rel-19/22_series/22865-j20/graph_chunk_entity_relation.graphml,Rel-19,Variance of RLC buffer payload,buffer
Buffer Overflow,NAS COUNT,NAS COUNT,Technology,"NAS COUNT is a sequence counter used in non-3GPP access to ensure message integrity and order, and it includes both downlink and uplink components.<SEP>NAS COUNT is a 24-bit counter used in 5G NAS security context to track sequence numbers for NAS message integrity and ciphering. It consists of an 8-bit NAS sequence number (least significant bits) and a 16-bit NAS overflow counter (most significant bits). It is independently maintained by UE and AMF and used in NAS ciphering and integrity algorithms. When used in algorithms, it is treated as a 32-bit entity with 8 zeros padded to the most<SEP>NAS COUNT is a counter used as input to the NAS ciphering and deciphering algorithms. It is locally stored by the sender and derived by the receiver using the NAS sequence number from the received message and an estimate of the NAS overflow counter as defined in subclause 4.4.3.1.",chunk-363d9a981c15d9ac6bebbe04db2cfbb8<SEP>chunk-ec223676ecf152c40ae34db586e1d91b<SEP>chunk-7e397641e752f61c7495ea9622b8103c,../3GPP-trunked/Rel-19/24_series/24501-j20.md4.4.2.3<SEP>../3GPP-trunked/Rel-19/24_series/24501-j20.md4.4.3.1<SEP>../3GPP-trunked/Rel-19/24_series/24501-j20.md4.4.3.4,1770205869,Rel-19/24_series/24501-j20/graph_chunk_entity_relation.graphml,Rel-19,NAS COUNT,overflow
Buffer Overflow,NAS sequence number,NAS sequence number,Concept,"NAS sequence number is the 8 least significant bits of the NAS COUNT, used to track the sequence of NAS messages exchanged between UE and AMF. It is incremented by one after each new or retransmitted outbound SECURITY PROTECTED 5GS NAS MESSAGE, except for initial NAS messages when RRC connection establishment fails. On wrap-around (when value becomes zero), the NAS overflow counter is incremented.",chunk-ec223676ecf152c40ae34db586e1d91b,../3GPP-trunked/Rel-19/24_series/24501-j20.md4.4.3.1,1770205806,Rel-19/24_series/24501-j20/graph_chunk_entity_relation.graphml,Rel-19,NAS sequence number,overflow
Buffer Overflow,NAS overflow counter,NAS overflow counter,Concept,"NAS overflow counter is the 16 most significant bits of the NAS COUNT, used to handle wrap-around of the 8-bit NAS sequence number. It is incremented by one when the NAS sequence number wraps from 255 to 0 during message transmission.",chunk-ec223676ecf152c40ae34db586e1d91b,../3GPP-trunked/Rel-19/24_series/24501-j20.md4.4.3.1,1770205869,Rel-19/24_series/24501-j20/graph_chunk_entity_relation.graphml,Rel-19,NAS overflow counter,overflow
Buffer Overflow,Integrity protection and verification,Integrity protection and verification,Concept,"Integrity protection and verification is a security procedure defined in subclause 4.4.3.3 that ensures the authenticity and integrity of NAS messages. The sender uses the locally stored NAS COUNT as input to the integrity protection algorithm, while the receiver uses the NAS sequence number from the received message and an estimated NAS overflow counter to form the NAS COUNT input for verification. The algorithm is specified in 3GPP TS 33.501 [24].",chunk-728e27595f36b4b4291b79a1843b7f25,../3GPP-trunked/Rel-19/24_series/24501-j20.md4.4.3.3,1770205806,Rel-19/24_series/24501-j20/graph_chunk_entity_relation.graphml,Rel-19,Integrity protection and verification,overflow
Buffer Overflow,Ciphering and deciphering,Ciphering and deciphering,Concept,"Ciphering and deciphering is a procedure defined in subclause 4.4.3.4 that involves the use of NAS COUNT for encryption and decryption of NAS messages. The sender uses its locally stored NAS COUNT for ciphering, while the receiver uses the NAS sequence number from the received message and an estimated NAS overflow counter to form the NAS COUNT for deciphering.",chunk-363d9a981c15d9ac6bebbe04db2cfbb8,../3GPP-trunked/Rel-19/24_series/24501-j20.md4.4.3.4,1770205869,Rel-19/24_series/24501-j20/graph_chunk_entity_relation.graphml,Rel-19,Ciphering and deciphering,overflow
Buffer Overflow,Energy States,Energy States,Concept,"Energy States refer to the operational conditions of the network related to energy consumption, which influence the control parameters of a PDU session such as inactivity timers and buffering size.",chunk-7b3f593e5e0f8c69888d8b4613800923,../3GPP-trunked/Rel-19/23_series/23700-66-j00.md6.36.3,1770202491,Rel-19/26_series/26506-j00/graph_chunk_entity_relation.graphml,Rel-19,Energy States,buffer
Buffer Overflow,media resource,media resource,Concept,"A media resource is an element within a media context that represents a specific media stream or processing unit, such as a codec or media buffer. It can be updated during the Update operation.",chunk-5433000cea88ec3a8d48d59417f98e20,../3GPP-trunked/Rel-19/29_series/29176-j10.md5.2.2.1,1770187680,Rel-19/29_series/29176-j10/graph_chunk_entity_relation.graphml,Rel-19,media resource,buffer
Buffer Overflow,buffer,buffer,Technology,A buffer is a temporary storage mechanism used to store information when the necessary telecommunication connection to transport information to the LEMF is temporarily unavailable.,chunk-ac3b92ca129dbde9ff48fc916912da1c,../3GPP-trunked/Rel-19/33_series/33108-j00.md3.1,1770211782,Rel-19/33_series/33514-j00/graph_chunk_entity_relation.graphml,Rel-19,buffer,buffer
Buffer Overflow,Tolerance,Tolerance,Terminology,Tolerance is a 5-minute time buffer added to the high priority PLMN search timer T to allow sufficient time for the UE to find the proper PLMN.,chunk-056353ac7dd1949bf79b226987fb8670,../3GPP-trunked/Rel-19/38_series/38523-1-j00_s00-s06.md6.1.1.1.3.2,1770226426,Rel-19/38_series/38523-1-j00_s00-s06/graph_chunk_entity_relation.graphml,Rel-19,Tolerance,buffer
Buffer Overflow,periodicBSR-Timer,periodicBSR-Timer,Technology,periodicBSR-Timer is a timer parameter within the MAC-CellGroupConfig that controls the periodic transmission of Buffer Status Reports (BSR) and is set to infinity by default for all Layer 2 test cases unless overridden.,chunk-95838ae771995d3e08449274d1d05fc5,../3GPP-trunked/Rel-19/38_series/38523-1-j00_s0701-s070112.md7.1.0,1770224207,Rel-19/38_series/38523-1-j00_s0701-s070112/graph_chunk_entity_relation.graphml,Rel-19,periodicBSR-Timer,buffer
Buffer Overflow,retxBSR-Timer,retxBSR-Timer,Technology,retxBSR-Timer is a timer parameter within the MAC-CellGroupConfig that governs the retransmission of Buffer Status Reports (BSR) and is set to sf10240 by default for all Layer 2 test cases unless overridden.,chunk-95838ae771995d3e08449274d1d05fc5,../3GPP-trunked/Rel-19/38_series/38523-1-j00_s0701-s070112.md7.1.0,1770224207,Rel-19/38_series/38523-1-j00_s0701-s070112/graph_chunk_entity_relation.graphml,Rel-19,retxBSR-Timer,buffer
Buffer Overflow,MAC-CellGroupConfig,MAC-CellGroupConfig,Concept,"MAC-CellGroupConfig is a configuration structure defined in TS 38.308, clause Table 4.6.3-49, that contains parameters for buffer status reporting and power headroom reporting, including bsr-Config and phr-Config, and is used in Layer 2 test cases.",chunk-95838ae771995d3e08449274d1d05fc5,../3GPP-trunked/Rel-19/38_series/38523-1-j00_s0701-s070112.md7.1.0,1770224207,Rel-19/38_series/38523-1-j00_s0701-s070112/graph_chunk_entity_relation.graphml,Rel-19,MAC-CellGroupConfig,buffer
Buffer Overflow,Msg3 buffer,Msg3 buffer,Terminology,,chunk-0471f248ab0c571e445c3264d1e47e6e,../3GPP-trunked/Rel-19/38_series/38523-1-j00_s0701-s070112.md7.1.1.1.1.2,1770224207,Rel-19/38_series/38523-1-j00_s0701-s070112/graph_chunk_entity_relation.graphml,Rel-19,Msg3 buffer,buffer
Buffer Overflow,MAC control element,MAC control element,Concept,"MAC control element is a type of control message used in the MAC layer for signaling purposes.<SEP>MAC control element is a type of control information used in the MAC layer for signaling purposes, such as Buffer Status Report.",chunk-b9b74a26dc8cb8b3e54cadc0f41888d9<SEP>chunk-1e0d719a85e8619d7f7717d7d1fdcba0,../3GPP-trunked/Rel-19/38_series/38523-1-j00_s070115-s07014.md7.1.1.5.2<SEP>../3GPP-trunked/Rel-19/38_series/38523-1-j00_s070115-s07014.md7.1.1.5.1.3.2,1770224870,Rel-19/38_series/38523-1-j00_s070115-s07014/graph_chunk_entity_relation.graphml,Rel-19,MAC control element,buffer
Buffer Overflow,soft buffer,soft buffer,Terminology,,chunk-bb207bc90e965a5081d201e445ec7145,../3GPP-trunked/Rel-19/38_series/38523-1-j00_s070115-s07014.mdNone,1770224838,Rel-19/38_series/38523-1-j00_s070115-s07014/graph_chunk_entity_relation.graphml,Rel-19,soft buffer,buffer
Buffer Overflow,Buffer Status Report,Buffer Status Report,Concept,"Buffer Status Report is a MAC control element transmitted on the uplink to indicate the status of the buffer, including whether the buffer is empty.",chunk-1e0d719a85e8619d7f7717d7d1fdcba0,../3GPP-trunked/Rel-19/38_series/38523-1-j00_s070115-s07014.md7.1.1.5.1.3.2,1770224870,Rel-19/38_series/38523-1-j00_s070115-s07014/graph_chunk_entity_relation.graphml,Rel-19,Buffer Status Report,buffer
Co-Channel Interference,in-device coexistence interference,in-device coexistence interference,Concept,"in-device coexistence interference refers to interference occurring within a device due to coexistence of multiple radio technologies, and is the focus of the trace record described in the table.<SEP>in-device coexistence interference refers to interference caused by coexisting wireless technologies within a device, as specified in clause 4.34.3 of TS 38.331 [21].",chunk-16be714fa7709a91c307179a5bbfb670<SEP>chunk-ff07588e52f6cbede66f255d813df9ca,../3GPP-trunked/Rel-19/32_series/32423-j20.md4.34.3<SEP>../3GPP-trunked/Rel-19/32_series/32423-j20.md4.34.1,1770200453,Rel-19/22_series/22137-j10/graph_chunk_entity_relation.graphml,Rel-19,in-device coexistence interference,interference
Co-Channel Interference,Trace Record for in-device coexistence interference,Trace Record for in-device coexistence interference,Concept,Trace Record for in-device coexistence interference is a measurement record defined in the context of NR (New Radio) in-device coexistence interference. It is used to capture interference factors related to In-Device Coexistence (IDC) and is applicable for both management-based and signaling-based activation. The record includes IDC assistance information as a polluted measurement indication when immediate MDT (Minimization of Drive Tests) measurement is available.,chunk-ff07588e52f6cbede66f255d813df9ca,../3GPP-trunked/Rel-19/32_series/32423-j20.md4.34.3,1770200439,Rel-19/22_series/22153-j20/graph_chunk_entity_relation.graphml,Rel-19,Trace Record for in-device coexistence interference,interference
Co-Channel Interference,IDC assistance information,IDC assistance information,Concept,IDC assistance information is a measurement attribute that includes interference factors from In-Device Coexistence,chunk-ff07588e52f6cbede66f255d813df9ca,../3GPP-trunked/Rel-19/32_series/32423-j20.md4.34.3,1770200439,Rel-19/22_series/22153-j20/graph_chunk_entity_relation.graphml,Rel-19,IDC assistance information,interference
Co-Channel Interference,In-Device Coexistence,In-Device Coexistence,Concept,"In-Device Coexistence refers to the coexistence of multiple radio technologies within a single device, where interference may occur between them. It is a key factor in the IDC assistance information and is explicitly included in the polluted measurement indication for in-device coexistence interference.",chunk-ff07588e52f6cbede66f255d813df9ca,../3GPP-trunked/Rel-19/32_series/32423-j20.md4.34.3,1770200439,Rel-19/22_series/22153-j20/graph_chunk_entity_relation.graphml,Rel-19,In-Device Coexistence,interference
Co-Channel Interference,polluted measurement indication,polluted measurement indication,Concept,"polluted measurement indication is a type of measurement result that includes interference factors, such as those from In-Device Coexistence (IDC), and is used to reflect real-world signal degradation in immediate MDT measurements.",chunk-ff07588e52f6cbede66f255d813df9ca,../3GPP-trunked/Rel-19/32_series/32423-j20.md4.34.3,1770200439,Rel-19/22_series/22153-j20/graph_chunk_entity_relation.graphml,Rel-19,polluted measurement indication,interference
Co-Channel Interference,immediate MDT measurement,immediate MDT measurement,Concept,immediate MDT measurement is a form of Minimization of Drive Tests measurement that is triggered promptly upon activation and is used when IDC assistance information is available to include interference factors in the trace record.,chunk-ff07588e52f6cbede66f255d813df9ca,../3GPP-trunked/Rel-19/32_series/32423-j20.md4.34.3,1770200439,Rel-19/22_series/22153-j20/graph_chunk_entity_relation.graphml,Rel-19,immediate MDT measurement,interference
Co-Channel Interference,Trace Record for Immediate MDT measurements,Trace Record for Immediate MDT measurements,Concept,"Trace Record for Immediate MDT measurements is a standardized data structure defined in section 4.34.1 for capturing NR immediate Measurement and Reporting (MDT) data. It is used for both management-based and signaling-based activation of MDT measurements. The record includes multiple measurement types (M1 to M5) with associated attributes such as RSRP, RSRQ, PCI, SINR, triggering events, UE location, in-device coexistence interference, power headroom distribution, UL/DL volumes, QoS levels, and throughput metrics.",chunk-3018f94260a915e0a0b12c8db1c1dd8f,../3GPP-trunked/Rel-19/32_series/32423-j20.md4.34.1,1770200439,Rel-19/22_series/22153-j20/graph_chunk_entity_relation.graphml,Rel-19,Trace Record for Immediate MDT measurements,interference
Co-Channel Interference,M1,M1,Concept,"M1 is a measurement type in the Trace Record for Immediate MDT measurements that captures RSRP, RSRQ, PCI, SINR, triggering event, UE location, and in-device coexistence interference data. It applies to both management-based",chunk-3018f94260a915e0a0b12c8db1c1dd8f,../3GPP-trunked/Rel-19/32_series/32423-j20.md4.34.1,1770200439,Rel-19/22_series/22153-j20/graph_chunk_entity_relation.graphml,Rel-19,M1,interference
Co-Channel Interference,RTA,RTA,Concept,"RTA stands for Restricted Transmission, a condition or state where transmission is limited or controlled, likely to prevent interference or ensure compliance with regulatory or operational constraints.",chunk-a35c5af58bed3c0380a48cee9f491826,../3GPP-trunked/Rel-19/23_series/23700-59-j00.md3.2,1770197527,Rel-19/23_series/23700-59-j00/graph_chunk_entity_relation.graphml,Rel-19,RTA,interference
Co-Channel Interference,SON Capacity and Coverage Optimization,SON Capacity and Coverage Optimization,Concept,"SON Capacity and Coverage Optimization (CCO) is a typical application that consumes management analytical data. It provides optimal coverage and capacity for the E-UTRAN and may also be applicable to 5G radio networks. CCO uses management analytical data related to coverage, capacity, and interference to assess network conditions and trigger optimization when needed.",chunk-de5e3d9660b0de6a395448c4128f72c0,../3GPP-trunked/Rel-19/28_series/28550-j00.md4.2,1770235128,Rel-19/28_series/28550-j00/graph_chunk_entity_relation.graphml,Rel-19,SON Capacity and Coverage Optimization,interference
Co-Channel Interference,interference,interference,Terminology,,chunk-de5e3d9660b0de6a395448c4128f72c0,../3GPP-trunked/Rel-19/28_series/28550-j00.md4.2,1770235128,Rel-19/28_series/28550-j00/graph_chunk_entity_relation.graphml,Rel-19,interference,interference
Co-Channel Interference,CLI,CLI,Concept,"CLI stands for Cross Link Interference and is an abbreviation defined in the present document, taking precedence over any definition in TR 21.905 [1] or TS 23.501 [4].",chunk-3140952a8ee0fb3020520e526f4563f0,../3GPP-trunked/Rel-19/28_series/28552-j30.mdNone,1770237092,Rel-19/28_series/28552-j30/graph_chunk_entity_relation.graphml,Rel-19,CLI,interference
Co-Channel Interference,Co-location blocking,Co-location blocking,Concept,"Co-location blocking is a condition where interference occurs due to co-location of transmitters, evaluated using a continuous wave (CW) interferer with frequency f ≤ 3.0 GHz, and the wanted signal level is specified with a tolerance of ±0.7 dB for f ≤ 3.0 GHz, ±1.0 dB for 3.0 GHz < f ≤ 4.2 GHz, and ±1.22 dB for 4.2 GHz < f ≤ 6.0 GHz.",chunk-74cda4721d8de8ab8a1e59580fd39493,../3GPP-trunked/Rel-19/38_series/38176-1-j00.md4.1.2.3,1770228057,Rel-19/38_series/38101-3-j10_cover/graph_chunk_entity_relation.graphml,Rel-19,Co-location blocking,interference
Co-Channel Interference,CW interferer,CW interferer,Signal,"A continuous wave (CW) interferer is used in testing scenarios to evaluate interference effects, with its level specified as ±0.5 dB for f ≤ 3.0 GHz, ±0.7 dB for 3.0 GHz < f ≤ 4",chunk-74cda4721d8de8ab8a1e59580fd39493,../3GPP-trunked/Rel-19/38_series/38176-1-j00.md4.1.2.3,1770228057,Rel-19/38_series/38101-3-j10_cover/graph_chunk_entity_relation.graphml,Rel-19,CW interferer,interference
Co-Channel Interference,OTA co-location requirements,OTA co-location requirements,Concept,"OTA co-location requirements are technical specifications that ensure minimal interference between two co-located base station systems, specifically BS type 1-O and a co-location reference antenna. These requirements are based on the power at the conducted interface of the reference antenna and apply to both uplink and downlink signals.",chunk-118e8bed3ea96ac25a73791846ebea74,../3GPP-trunked/Rel-19/38_series/38104-j00.md4.9,1770218477,Rel-19/38_series/38104-j00/graph_chunk_entity_relation.graphml,Rel-19,OTA co-location requirements,interference
Co-Channel Interference,unwanted emission co-location requirements,unwanted emission co-location requirements,Concept,"Unwanted emission co-location requirements are optional technical requirements based on declaration, designed to ensure minimal interference from unwanted emissions when BS type 1-O is co-located with another base station of the same class.",chunk-118e8bed3ea96ac25a73791846ebea74,../3GPP-trunked/Rel-19/38_series/38104-j00.md4.9,1770218477,Rel-19/38_series/38104-j00/graph_chunk_entity_relation.graphml,Rel-19,unwanted emission co-location requirements,interference
Co-Channel Interference,out of band blocking co-location requirements,out of band blocking co-location requirements,Concept,"Out of band blocking co-location requirements are optional technical requirements based on declaration, intended to prevent interference caused by out-of-band signals from another co-located base station.",chunk-118e8bed3ea96ac25a73791846ebea74,../3GPP-trunked/Rel-19/38_series/38104-j00.md4.9,1770218477,Rel-19/38_series/38104-j00/graph_chunk_entity_relation.graphml,Rel-19,out of band blocking co-location requirements,interference
Co-Channel Interference,TX OFF co-location requirements,TX OFF co-location requirements,Concept,"TX OFF co-location requirements are mandatory technical requirements that represent the worst-case interference scenario when the transmitter is off, ensuring system performance under such conditions.",chunk-118e8bed3ea96ac25a73791846ebea74,../3GPP-trunked/Rel-19/38_series/38104-j00.md4.9,1770218477,Rel-19/38_series/38104-j00/graph_chunk_entity_relation.graphml,Rel-19,TX OFF co-location requirements,interference
Co-Channel Interference,TX IMD co-location requirements,TX IMD co-location requirements,Concept,"TX IMD co-location requirements are mandatory technical requirements related to transmitter intermodulation distortion, representing a worst-case interference scenario and ensuring minimal degradation in co-located systems.",chunk-118e8bed3ea96ac25a73791846ebea74,../3GPP-trunked/Rel-19/38_series/38104-j00.md4.9,1770218477,Rel-19/38_series/38104-j00/graph_chunk_entity_relation.graphml,Rel-19,TX IMD co-location requirements,interference
Co-Channel Interference,guardband,guardband,Concept,guardband is a frequency band reserved between the BS channel bandwidth and the transmission bandwidth configuration to prevent interference between adjacent channels. It is part of the overall channel bandwidth structure and is defined in relation to the channel bandwidth and transmission bandwidth configuration.,chunk-b8beb77d2bff84d301ce3a2e25a258ca,../3GPP-trunked/Rel-19/38_series/38104-j00.md5.3.1,1770218547,Rel-19/38_series/38104-j00/graph_chunk_entity_relation.graphml,Rel-19,guardband,interference
Co-Channel Interference,Minimum guardband,Minimum guardband,Concept,"The minimum guardband is a specified frequency gap required between the edge of a BS channel bandwidth and adjacent signals to prevent interference. It is defined in tables 5.3.3-1, 5.3.3-2, 5.3.3-2a, and 5.3.3-3 for FR1 and FR2, depending on the SCS (Subcarrier Spacing) and BS channel bandwidth. The guardband values are provided in kHz and vary based on the numerology and frequency band. The guardband must be maintained when multiple numerologies are multiplexed in the same symbol, with specific rules for FR1 and FR2.",chunk-5b709a85f8ee9a243220c0ba889409ef,../3GPP-trunked/Rel-19/38_series/38104-j00.md5.3.3,1770218547,Rel-19/38_series/38104-j00/graph_chunk_entity_relation.graphml,Rel-19,Minimum guardband,interference
Co-Channel Interference,guard band,guard band,Concept,"Guard band is the unused frequency spectrum between the SAN channel bandwidth and the transmission bandwidth configuration, used to prevent interference between adjacent channels. Its presence is implied in the relationship between channel bandwidth and transmission bandwidth configuration as shown in Figure 5.3.1-1.",chunk-a714daeb2b4b2b170ab71dadedba9ee9,../3GPP-trunked/Rel-19/38_series/38108-j00.md5.3.1,1770219047,Rel-19/38_series/38108-j00/graph_chunk_entity_relation.graphml,Rel-19,guard band,interference
Co-Channel Interference,output power dynamics requirements,output power dynamics requirements,Concept<SEP>UNKNOWN,Output power dynamics requirements are the specifications outlined in clause 6.3.1 that define the behavior of power output in the system.<SEP>Power control is used to limit interference in the system,chunk-a77d8cb6646eb41433ce1d5a725157c5,../3GPP-trunked/Rel-19/38_series/38108-j00.md6.3.1,1770219105,Rel-19/38_series/38108-j00/graph_chunk_entity_relation.graphml,Rel-19,output power dynamics requirements<SEP>output power dynamics requirements)##,interference
Co-Channel Interference,Power control,Power control,Technology,Power control is a technique used to limit interference in the system.,chunk-a77d8cb6646eb41433ce1d5a725157c5,../3GPP-trunked/Rel-19/38_series/38108-j00.md6.3.1,1770219105,Rel-19/38_series/38108-j00/graph_chunk_entity_relation.graphml,Rel-19,Power control,interference
Co-Channel Interference,Io,Io,Signal,"Io is a parameter assumed to have constant EPRE (Energy Per Resource Element) across the bandwidth in the context of NR (New Radio) operating band groups in FR1, as specified in clause 3.5.2.<SEP>Io is the interference power assumed to have constant EPRE across the bandwidth, as specified in Note 1. It is used in the context of NR operating band groups in FR1 and is referenced in multiple tables for minimum and maximum values under different conditions.<SEP>Io is the interference power observed at the reference point, assumed to have constant EPRE across the bandwidth, and is used in the calculation of SSB Ês/Iot.",chunk-676c141a34619f86909d67df3639acf4<SEP>chunk-3456c84ce2a85b545ce9016ea54578e5<SEP>chunk-a9edaafaf7fcc1eef310d0151958ad69,../3GPP-trunked/Rel-19/38_series/38133-j00_s10-11.md10.1.2.3.1<SEP>../3GPP-trunked/Rel-19/38_series/38133-j00_s10-11.md10.1.2.3.2<SEP>../3GPP-trunked/Rel-19/38_series/38133-j00_s10-11.md10.1.3.1.2,1770224263,Rel-19/38_series/38133-j00_s10-11/graph_chunk_entity_relation.graphml,Rel-19,Io,interference
Co-Channel Interference,Ês/Iot,Ês/Iot,Concept,"Ês/Iot is the signal-to-interference ratio at the UE baseband, which must be maintained above the value defined in the table for proper operation. It is influenced by the SSB Ês/Iot and related parameters in test cases.",chunk-374db86a0d474b9f2d9f1f2105f35627,../3GPP-trunked/Rel-19/38_series/38133-j00_s10-11.md10.1.3.1.2,1770224263,Rel-19/38_series/38133-j00_s10-11/graph_chunk_entity_relation.graphml,Rel-19,Ês/Iot,interference
Co-Channel Interference,CSI-SINR,CSI-SINR,Signal,CSI-SINR is a signal measurement type indicating the signal-to-interference-plus-noise ratio for channel state information in NR networks.,chunk-0cc107451ed9d18766c9babce2f2ccfa,../3GPP-trunked/Rel-19/38_series/38133-j00_s9-9.md9.1.3.2,1770229089,Rel-19/38_series/38133-j00_s9-9/graph_chunk_entity_relation.graphml,Rel-19,CSI-SINR,interference
Co-Channel Interference,OCNG noise pattern,OCNG noise pattern,Technology,OCNG noise pattern is a noise signal generated by the test equipment (TE) with an energy level X for at least TCCA µs during the uplink channel access attempt when CCA fails. It is used to simulate interference during UL transmission.,chunk-301d2ad78676db85d1131ece412a4610,../3GPP-trunked/Rel-19/38_series/38133-j00_sA.1-A.3.md2,1770221007,Rel-19/38_series/38133-j00_sA.1-A.3/graph_chunk_entity_relation.graphml,Rel-19,OCNG noise pattern,interference
Co-Channel Interference,SS-SINR accuracy,SS-SINR accuracy,Concept,"SS-SINR accuracy refers to the precision of the synchronization signal signal-to-interference-plus-noise ratio measurement, specified in section A.14.6.3.2.",chunk-6c9757793013cc50ce613ad04567030a,../3GPP-trunked/Rel-19/38_series/38133-j00_sA.1-A.3.md2,1770221011,Rel-19/38_series/38133-j00_sA.1-A.3/graph_chunk_entity_relation.graphml,Rel-19,SS-SINR accuracy,interference
Co-Channel Interference,IDC Interference,IDC Interference,Challenge,"IDC Interference is a challenge that occurs when the UE is provided with an IDC solution, requiring the UE to perform radio link monitoring and meet specific requirements outlined in clause 8.1.",chunk-ff6e767f9767f9777c9c88e38e0cd10f,../3GPP-trunked/Rel-19/38_series/38133-j00_s8-8.md8.1.8,1770221091,Rel-19/38_series/38133-j00_sA.1-A.3/graph_chunk_entity_relation.graphml,Rel-19,IDC Interference,interference
Co-Channel Interference,7.8 In-channel selectivity,7.8 In-channel selectivity,Concept,"7.8 In-channel selectivity is a performance metric that defines the maximum allowable degradation in receiver performance due to in-channel interference, specified with different tolerance levels based on frequency ranges. It is measured under defined test conditions and includes test system uncertainty values.",chunk-9abc4d9c69d347ecaafc1a2976c7278f,../3GPP-trunked/Rel-19/38_series/38141-1-j00.md4.1.2.3,1770216310,Rel-19/38_series/38141-1-j00/graph_chunk_entity_relation.graphml,Rel-19,7.8 In-channel selectivity,interference
Co-Channel Interference,out_of_band_blocking,out_of_band_blocking,Concept,Out-of-band blocking is a test condition where a continuous wave (CW) interferer is used to assess the receiver's performance under interference from adjacent frequency bands. It is specified for different frequency ranges and includes tolerances for wanted and interferer signal levels.,chunk-05c0fdcfb768de8838285a249ebe4e8f,../3GPP-trunked/Rel-19/38_series/38141-1-j00.md4.1.2.3,1770216316,Rel-19/38_series/38141-1-j00/graph_chunk_entity_relation.graphml,Rel-19,out_of_band_blocking,interference
Co-Channel Interference,co_location_blocking_CW_interferer,co_location_blocking_CW_interferer,Concept,"Co-location blocking using a CW interferer is a test condition assessing receiver immunity to interference from a co-located source, with defined signal level tolerances for wanted and interferer signals across frequency ranges, including special cases for bands n46, n96, and n102.",chunk-05c0fdcfb768de8838285a249ebe4e8f,../3GPP-trunked/Rel-19/38_series/38141-1-j00.md4.1.2.3,1770216316,Rel-19/38_series/38141-1-j00/graph_chunk_entity_relation.graphml,Rel-19,co_location_blocking_CW_interferer,interference
Co-Channel Interference,OTA adjacent channel selectivity,OTA adjacent channel selectivity,Concept,"OTA adjacent channel selectivity is a test criterion defined in clause 7.5.1 for evaluating the ability of an OTA receiver to reject interference from adjacent channels, with maximum test system uncertainty of ±3.4 dB for 24.25 GHz to 29.5 GHz, ±3.4 dB for 37 GHz to 43.5 GHz, ±5.1 dB for 43.5 GHz to 48.2 GHz, and ±4.0 dB for 52.6 GHz to 7",chunk-9c5f08b33763928a3bcf9c6e5ad21e21,../3GPP-trunked/Rel-19/38_series/38141-2-j00.mdNone,1770227906,Rel-19/38_series/38141-2-j00/graph_chunk_entity_relation.graphml,Rel-19,OTA adjacent channel selectivity,interference
Co-Channel Interference,OTA in-channel selectivity,OTA in-channel selectivity,Concept,"OTA in-channel selectivity is a test criterion defined in clause 7.9 for evaluating the ability of an OTA receiver to reject interference from signals within the same channel, with maximum test system uncertainty of ±3.4 dB for 24.25 GHz to 29.5 GHz, ±3.4 dB for 37 GHz to 43.5 GHz, ±5.1 dB for 43.5 GHz to 48.2 GHz, and ±4.0 dB for 52.6 GHz to 71 GHz.",chunk-9c5f08b33763928a3bcf9c6e5ad21e21,../3GPP-trunked/Rel-19/38_series/38141-2-j00.mdNone,1770227906,Rel-19/38_series/38141-2-j00/graph_chunk_entity_relation.graphml,Rel-19,OTA in-channel selectivity,interference
Co-Channel Interference,OTA out-of-band blocking,OTA out-of-band blocking,Concept,"OTA out-of-band blocking is a test criterion defined in clause 7.6 for evaluating the ability of an OTA receiver to reject interference from signals outside the intended frequency band, with maximum test system uncertainty of ±3.6 dB for 24.25 GHz to 43.5 GHz, ±4.5 dB for 43.5 GHz to 48.2 GHz, and ±4.0 dB for 52.6 GHz to 142 GHz.)##
(entity<",chunk-9c5f08b33763928a3bcf9c6e5ad21e21,../3GPP-trunked/Rel-19/38_series/38141-2-j00.mdNone,1770227907,Rel-19/38_series/38141-2-j00/graph_chunk_entity_relation.graphml,Rel-19,OTA out-of-band blocking,interference
Co-Channel Interference,ss-SINR-Meas,ss-SINR-Meas,Concept,"ss-SINR-Meas is a measurement capability that enables the UE to measure the Synchronization Signal Block Signal-to-Interference-plus-Noise Ratio (SS-SINR) in one frequency range. It is supported in both frequency ranges when the UE supports both FR1 and FR2, or in a single frequency range when the UE supports only one.<SEP>ss-SINR-Meas is a measurement capability for SSB SINR, and its support is signaled in measAndMobParameters/measAndMobParametersFRX-Diff if supported in both FR1 and FR2, or in fr1-Add-UE-NR-Capabilities/measAndMobParametersFRX-Diff or fr2-Add-",chunk-1501b913a3b2b8b1031ac4c8c6227ba2<SEP>chunk-2e0f2ce0f5298fea6c9b8dc19357a55e,../3GPP-trunked/Rel-19/38_series/38523-1-j00_s0815-s08161.md8.1.5.1.1.3.3,1770225845,Rel-19/38_series/38174-j00/graph_chunk_entity_relation.graphml,Rel-19,ss-SINR-Meas,interference
Co-Channel Interference,Zero Forcing,Zero Forcing,Concept,Zero Forcing is a signal processing technique used in communication systems to eliminate interference by forcing the interference terms to zero. It is applied under general conducted test conditions as specified in section 4.,chunk-975016ea68906db80d527f6e3f8ef466,../3GPP-trunked/Rel-19/38_series/38176-1-j00.md4,1770227622,Rel-19/38_series/38176-1-j00/graph_chunk_entity_relation.graphml,Rel-19,Zero Forcing,interference
Co-Channel Interference,Single Frequency operation,Single Frequency operation,Concept,"Single Frequency operation is a network configuration where a single frequency band is used for both uplink and downlink communication, typically in a time-division duplex (TDD) mode, to simplify deployment and reduce interference.",chunk-d396c8b3e490896085f572423e5ad549,../3GPP-trunked/Rel-19/38_series/38523-1-j00_cover.md6.1.2.8,1770223341,Rel-19/38_series/38523-1-j00_cover/graph_chunk_entity_relation.graphml,Rel-19,Single Frequency operation,interference
Co-Channel Interference,INT-RNTI,INT-RNTI,Signal,"INT-RNTI is a Radio Network Temporary Identifier used to indicate the presence of a new transmission in the downlink, typically for initial transmission or retransmission in the context of HARQ processes.<SEP>INT-RNTI is an Interference RNTI used to indicate interference-related control information. The MAC entity monitors PDCCH for INT-RNTI during DRX operation.",chunk-1c833f9ceecd560d39320e124f256a95<SEP>chunk-ec30697b59a5df242a834945319d3829,../3GPP-trunked/Rel-19/38_series/38523-1-j00_s070115-s07014.md7.1.1.5.2.2<SEP>../3GPP-trunked/Rel-19/38_series/38523-1-j00_s070115-s07014.md7.1.1.5.3.2,1770224969,Rel-19/38_series/38523-1-j00_s070115-s07014/graph_chunk_entity_relation.graphml,Rel-19,INT-RNTI,interference
Co-Channel Interference,Huawei,Huawei,Organization,Huawei is an organization evaluating two aspects: (1) Blocking of D2R receiver and (2) Carrier-wave interference cancellation.,chunk-bc096626f85d63ac4a4bad15f656e7d2,../3GPP-trunked/Rel-19/38_series/38769-j00.md2,1770220183,Rel-19/38_series/38769-j00/graph_chunk_entity_relation.graphml,Rel-19,Huawei,interference
Co-Channel Interference,Blocking of D2R receiver,Blocking of D2R receiver,Concept,"Blocking of D2R receiver refers to the interference issue where the D2R receiver may be blocked by a carrier-wave source. This is evaluated under different deployment scenarios: (1) when the carrier-wave source is separately deployed from the D2R receiver (e.g., D1T1-A1 and D1T1-B), relying on spatial isolation; and (2) when the carrier-wave transmitter and D2R receiver are integrated (e.g., D1T1-A2), allowing analog interference cancellation in the RF front-end.",chunk-bc096626f85d63ac4a4bad15f656e7d2,../3GPP-trunked/Rel-19/38_series/38769-j00.md2,1770220183,Rel-19/38_series/38769-j00/graph_chunk_entity_relation.graphml,Rel-19,Blocking of D2R receiver,interference
Co-Channel Interference,Carrier-wave interference cancellation,Carrier-wave interference cancellation,Concept,"Carrier-wave interference cancellation is a technique used to mitigate interference from a carrier-wave source. It involves spatial isolation, RF interference cancellation, and high-pass filtering. The effectiveness depends on deployment configuration and signal synchronization.",chunk-bc096626f85d63ac4a4bad15f656e7d2,../3GPP-trunked/Rel-19/38_series/38769-j00.md2,1770220183,Rel-19/38_series/38769-j00/graph_chunk_entity_relation.graphml,Rel-19,Carrier-wave interference cancellation,interference
Co-Channel Interference,D1T1-A2,D1T1-A2,Application,"D1T1-A2 is a deployment scenario where the carrier-wave transmitter and D2R receiver are integrated, enabling analog interference cancellation in the RF front-end. This configuration allows for higher interference suppression, especially when a common reference clock is shared between the transmitter and receiver.",chunk-bc096626f85d63ac4a4bad15f656e7d2,../3GPP-trunked/Rel-19/38_series/38769-j00.md2,1770220183,Rel-19/38_series/38769-j00/graph_chunk_entity_relation.graphml,Rel-19,D1T1-A2,interference
Co-Channel Interference,D1T1-B,D1T1-B,Application,"D1T1-B is a deployment scenario where the carrier-wave source is separately deployed from the D2R receiver, relying on spatial isolation and interference mitigation techniques such as RF cancellation and high-pass filtering. It supports wired connection between the base station and carrier-wave node, enabling synchronization.",chunk-bc096626f85d63ac4a4bad15f656e7d2,../3GPP-trunked/Rel-19/38_series/38769-j00.md2,1770220183,Rel-19/38_series/38769-j00/graph_chunk_entity_relation.graphml,Rel-19,D1T1-B,interference
Co-Channel Interference,co-existence studies,co-existence studies,Concept,Co-existence studies are evaluations conducted to assess the compatibility of radio systems operating in adjacent or overlapping frequency bands to prevent interference.,chunk-213c3280f9141c5602e530e3fedeb0aa,../3GPP-trunked/Rel-19/38_series/38922-j00.mdNone,1770219797,Rel-19/38_series/38922-j00/graph_chunk_entity_relation.graphml,Rel-19,co-existence studies,interference
Co-Channel Interference,ACIR,ACIR,Technology,ACIR stands for Adjacent Channel Interference Ratio and is an abbreviation used in the present document.,chunk-0fca8699eee728b58c2046e0946b6142,../3GPP-trunked/Rel-19/38_series/38922-j00.md3.3,1770219823,Rel-19/38_series/38922-j00/graph_chunk_entity_relation.graphml,Rel-19,ACIR,interference
Faulty Handover Algorithm,5GC NFs,5GC NFs,Technology,"5GC NFs (5G Core Network Functions) are network functions within the 5G core responsible for managing session, mobility, and service-related operations. They are sources of network energy related information used in ion exposure.<SEP>5GC NFs are 5G Core Network Functions that are part of the 5GC and can act as authorized consumers to request exposure of network energy related information.",chunk-08cf58a85b00cf34dd2c3fc14bdaa4e2<SEP>chunk-fb54105304627aaf0beb3a698b950ad9,../3GPP-trunked/Rel-19/23_series/23700-66-j00.md5.1.1<SEP>../3GPP-trunked/Rel-19/23_series/23700-66-j00.md6.2.2,1770200827,Rel-19/22_series/22011-j50/graph_chunk_entity_relation.graphml,Rel-19,5GC NFs,mobility
Faulty Handover Algorithm,SRVCC,SRVCC,Technology,"SRVCC is a handover mechanism enabling seamless voice continuity from LTE to GERAN/UTRAN, used in MTSI speech calls when transitioning",chunk-8dc35f086e7389e2e4673b855beefc10,../3GPP-trunked/Rel-19/34_series/34229-2-j00.md4.1,1770200808,Rel-19/22_series/22011-j50/graph_chunk_entity_relation.graphml,Rel-19,SRVCC,handover
Faulty Handover Algorithm,5G MM procedures,5G MM procedures,Concept,"5G MM procedures are mobility management procedures in the 5G core network that include Registration and UE Configuration Update procedures, used to manage UE connectivity and mobility, and can be enhanced for network energy saving and energy efficiency.",chunk-15204f1a48b16a298feaca77f8bf8016,../3GPP-trunked/Rel-19/23_series/23700-66-j00.md6.15.2,1770201503,Rel-19/22_series/22104-j20/graph_chunk_entity_relation.graphml,Rel-19,5G MM procedures,mobility
Faulty Handover Algorithm,AM policy,AM policy,Concept,"AM policy is a set of rules created by the PCF that govern Access and Mobility parameters related to network energy saving, and can be associated with a UE to influence its mobility behavior.",chunk-15204f1a48b16a298feaca77f8bf8016,../3GPP-trunked/Rel-19/23_series/23700-66-j00.md6.15.2,1770201503,Rel-19/22_series/22104-j20/graph_chunk_entity_relation.graphml,Rel-19,AM policy,mobility
Faulty Handover Algorithm,Mobility Management procedures enhanced for energy saving,Mobility Management procedures enhanced for energy saving,Concept,"Mobility Management procedures enhanced for energy saving is a set of procedures defined in section 6.15.3.1 to reduce network energy consumption. It involves enhancements to the Registration procedure described in clause 4.2.2.2.2 of TS 23.502 [3], including AM subscription data with validity conditions, AM policy decisions by PCF based on network energy information, and AMF actions using analytics and energy control data for access and mobility management.",chunk-7880ef7390842438a73812182530fbb8,../3GPP-trunked/Rel-19/23_series/23700-66-j00.md6.15.3.1,1770201504,Rel-19/22_series/22104-j20/graph_chunk_entity_relation.graphml,Rel-19,Mobility Management procedures enhanced for energy saving,mobility
Faulty Handover Algorithm,List of allowed TAIs,List of allowed TAIs,Concept,List of allowed TAIs is a set of Tracking Area Identifiers that the PCF may expand or restrict based on network energy related information to manage UE mobility and reduce energy consumption.,chunk-7880ef7390842438a73812182530fbb8,../3GPP-trunked/Rel-19/23_series/23700-66-j00.md6.15.3.1,1770201504,Rel-19/22_series/22104-j20/graph_chunk_entity_relation.graphml,Rel-19,List of allowed TAIs,mobility
Faulty Handover Algorithm,core network,core network,Technology,"The core network is the central part of the 5G System responsible for managing user sessions, mobility, and connectivity, and can be specifically targeted via subscription-based routing.",chunk-e7d1889bd63abf66975edf27a9c9e024,../3GPP-trunked/Rel-19/22_series/22877-j00.md1,1770200936,Rel-19/22_series/22115-j00/graph_chunk_entity_relation.graphml,Rel-19,core network,mobility
Faulty Handover Algorithm,AM PCF,AM PCF,Technology,AM PCF is a type of PCF responsible for handling access and mobility management-related policies.,chunk-8fdb52e3ed6c214ff83eceaf68e2a690,../3GPP-trunked/Rel-19/23_series/23700-66-j00.md6.20.2.1,1770201734,Rel-19/22_series/22125-j20/graph_chunk_entity_relation.graphml,Rel-19,AM PCF,mobility
Faulty Handover Algorithm,AM/SM policy control,AM/SM policy control,Application,AM/SM policy control refers to the application of access and mobility management or session management policies that utilize energy related UE subscription information to enable energy saving in the network.,chunk-8fdd643f49f58640d39894bb50c7c291,../3GPP-trunked/Rel-19/23_series/23700-66-j00.md6.22.3,1770201816,Rel-19/22_series/22125-j20/graph_chunk_entity_relation.graphml,Rel-19,AM/SM policy control,mobility
Faulty Handover Algorithm,SSC mode 1,SSC mode 1,Concept,"SSC mode 1 is a session and service continuity mode defined in the document, associated with section 6.29. It represents a specific configuration for maintaining session continuity during mobility or network changes.",chunk-1e0b2d1e7ea5f0ac4647a396b572b952,../3GPP-trunked/Rel-19/23_series/23700-66-j00.md6.29.3,1770202049,Rel-19/22_series/22156-j10/graph_chunk_entity_relation.graphml,Rel-19,SSC mode 1,mobility
Faulty Handover Algorithm,5G system,5G system,Technology,"The 5G system is a telecommunications system described in the present document, comprising a User Equipment (UE), Next Generation Radio Access Network (NG-RAN), and 5G Core network. It defines service and operational requirements for 5G.<SEP>The 5G system is designed to provide optimized support for a variety of services, traffic loads, and end-user communities, offering enhanced flexibility and optimization through new technologies in both access and core networks. It supports stringent KPIs for latency, reliability, throughput, positioning, and availability, and enables new business models such as IoT and enterprise managed networks. The system incorporates network slicing, in-network caching, hosting services closer to endpoints, and support for non-public networks (NPNs) and public land mobile networks (PLMNs). It also supports diverse mobility, scalable resource assignment, and efficient control and data plane resource usage. The 5G system is applicable to both NPNs and PLMNs unless otherwise specified, and includes specific requirements for each. It addresses high data rates, user density, mobility, variable data rates, coverage, traffic density, connection density, and support for services like UAV control, AR, factory automation, and V2X applications.<SEP>The 5G system is a network architecture that supports a UE with a 5G subscription roaming into a 5G Visited Mobile Network that has a roaming agreement with the UE's 5G Home Mobile Network. It enables both home network provided data connectivity and visited network provided data connectivity, as well as support for services in either the home or visited network on a service-by-service basis. It also provides mechanisms for limiting access to services for roaming UEs based on roaming agreements and for directing UE traffic over a partnership network, subject to operator agreements.<SEP>The 5G system supports most existing EPS services and introduces many new services. It enables access to existing EPS services using new 5G access technologies, even when EPS specifications originally indicate E-UTRA(N) only. The 5G system does not support a few EPS capabilities, which are identified in clause 5.1.2.2.<SEP>The 5G system is the next-generation mobile network architecture designed to support advanced services and",chunk-0b42ea99701a892e35159c27b3d527ce<SEP>chunk-7aed1737f9a1c2ac2d7a169d37c78358<SEP>chunk-4fc44c8e593530e1da8ba74762026470<SEP>chunk-9a5198edffaf93e20db2c6ea7e0059cc<SEP>chunk-b62e8c8ab4c4d56d3516125d75c14c84,../3GPP-trunked/Rel-19/22_series/22261-ja0.md1<SEP>../3GPP-trunked/Rel-19/22_series/22261-ja0.md4<SEP>../3GPP-trunked/Rel-19/22_series/22261-ja0.md5.1.2.1<SEP>../3GPP-trunked/Rel-19/22_series/22261-ja0.md5.1.1<SEP>../3GPP-trunked/Rel-19/22_series/22261-ja0.md5.1.2.2,1770175267,Rel-19/22_series/22261-ja0/graph_chunk_entity_relation.graphml,Rel-19,5G system,mobility
Faulty Handover Algorithm,Legacy service support,Legacy service support,Concept,"Legacy service support is a requirement in the 5G system that mandates support for all EPS capabilities as defined in 3GPP TS 22.011, 22.101, 22.278, 22.185, 22.071, 22.115, 22.153, 22.173, and 22.468. However, several specific service continuities and fallback mechanisms are explicitly not supported, including voice service continuity from NG-RAN to GERAN, UTRAN CS, or UTRAN, CS fallback to GERAN or UTRAN, seamless handover to GERAN or UTRAN, access to 5G core via GERAN or UTRAN, video service continuity between 5GS and UMTS, IP address preservation during mobility between 5GS and GSM/UMTS, and service continuity between 5GS and CDMA2000.",chunk-b62e8c8ab4c4d56d3516125d75c14c84,../3GPP-trunked/Rel-19/22_series/22261-ja0.md5.1.2.2,1770175257,Rel-19/22_series/22261-ja0/graph_chunk_entity_relation.graphml,Rel-19,Legacy service support,handover; mobility
Faulty Handover Algorithm,N15,N15,Signal,N15 is a signaling interface in 5G core networks used for communication between the PCF and the Access and Mobility Management Function (AMF). It supports policy control signaling during mobility and access management procedures.,chunk-9f20e5ac96ba0787a93cb997dc8b1fe1,../3GPP-trunked/Rel-19/32_series/32423-j20.md4.20,1770200277,Rel-19/22_series/22268-j00/graph_chunk_entity_relation.graphml,Rel-19,N15,mobility
Faulty Handover Algorithm,SSC Mode 3,SSC Mode 3,Technology,"SSC Mode 3 is a session and service continuity mode used in PDU Session management, ensuring session continuity during mobility. It is specified in the URSP rules for both S-NSSAI-a and S-NSSAI-b.",chunk-c503745a39758c92de89a0e307fe123c,../3GPP-trunked/Rel-19/23_series/23700-66-j00.md6.11.2.2,1770201236,Rel-19/22_series/22369-j30/graph_chunk_entity_relation.graphml,Rel-19,SSC Mode 3,mobility
Faulty Handover Algorithm,5GC procedures,5GC procedures,Concept,"5GC procedures are network procedures in the 5G Core that include MM (Mobility Management) and SM (Session Management) procedures, and are not impacted by the described changes.",chunk-437f18fa20c7f014185d8a3c0b0d48b1,../3GPP-trunked/Rel-19/23_series/23700-66-j00.md6.11.3,1770201251,Rel-19/22_series/22369-j30/graph_chunk_entity_relation.graphml,Rel-19,5GC procedures,mobility
Faulty Handover Algorithm,MM procedures,MM procedures,Concept,"MM procedures are Mobility Management procedures within the 5GC that handle mobility-related functions such as registration, tracking area updates, and authentication.",chunk-437f18fa20c7f014185d8a3c0b0d48b1,../3GPP-trunked/Rel-19/23_series/23700-66-j00.md6.11.3,1770201251,Rel-19/22_series/22369-j30/graph_chunk_entity_relation.graphml,Rel-19,MM procedures,mobility
Faulty Handover Algorithm,MSC Server,MSC Server,Technology,MSC Server is a network element that manages call control and mobility functions in a mobile network and may be included in a trace record.,chunk-fe871e3da430726af272bd72b0cf79e6,../3GPP-trunked/Rel-19/32_series/32423-j20.md4.1,1770199845,Rel-19/22_series/22840-j00/graph_chunk_entity_relation.graphml,Rel-19,MSC Server,mobility
Faulty Handover Algorithm,SGSN,SGSN,Technology,SGSN (Serving GPRS Support Node) is a network element that manages packet data session and mobility in a GPRS network and may be included in a trace record.,chunk-fe871e3da430726af272bd72b0cf79e6,../3GPP-trunked/Rel-19/32_series/32423-j20.md4.1,1770199845,Rel-19/22_series/22840-j00/graph_chunk_entity_relation.graphml,Rel-19,SGSN,mobility
Faulty Handover Algorithm,BSSMAP,BSSMAP,Technology,"BSSMAP is a signaling protocol used in mobile networks for communication between the MSC and BSS. It supports various messages and information elements related to call handling, location management, and handover procedures.",chunk-85f6f8c6ff86af3b6c0ef22071650a73,../3GPP-trunked/Rel-19/32_series/32423-j20.md4.2,1770199845,Rel-19/22_series/22840-j00/graph_chunk_entity_relation.graphml,Rel-19,BSSMAP,handover; handover procedure
Faulty Handover Algorithm,HANDOVER REQUIRED PAGING,HANDOVER REQUIRED PAGING,Concept,"HANDOVER REQUIRED PAGING is a BSSMAP message used to initiate paging for a handover process, requiring the use of Cell Identifier List (Preferred) and triggered under specific conditions.",chunk-85f6f8c6ff86af3b6c0ef22071650a73,../3GPP-trunked/Rel-19/32_series/32423-j20.md4.2,1770199845,Rel-19/22_series/22840-j00/graph_chunk_entity_relation.graphml,Rel-19,HANDOVER REQUIRED PAGING,handover
Faulty Handover Algorithm,MAP,MAP,Technology,"MAP is a signaling protocol used in mobile networks for communication between network elements such as MSC, HLR, and VLR, supporting services like call control, SMS, and subscriber data management.<SEP>MAP is a signaling protocol used in mobile networks for managing mobility and call control, defined in TS 29.002. It supports various procedures including handover preparation, access signaling, and identification, and is associated with specific messages and parameters such as IMSI, RAB ID, and error indicators.",chunk-b68b1449c05b918c615b607703833122<SEP>chunk-85f6f8c6ff86af3b6c0ef22071650a73,../3GPP-trunked/Rel-19/32_series/32423-j20.md4.2,1770199845,Rel-19/22_series/22840-j00/graph_chunk_entity_relation.graphml,Rel-19,MAP,handover; mobility
Faulty Handover Algorithm,RANAP,RANAP,Technology,"RANAP is a radio access network application protocol used in UMTS networks for managing radio resources and mobility, defined in TS 25.413. It supports procedures such as RAB assignment, relocation, paging, and error indication, and includes parameters like RAB ID, Cause, and Identity fields.",chunk-b68b1449c05b918c615b607703833122,../3GPP-trunked/Rel-19/32_series/32423-j20.md4.2,1770199845,Rel-19/22_series/22840-j00/graph_chunk_entity_relation.graphml,Rel-19,RANAP,mobility
Faulty Handover Algorithm,Handover Number,Handover Number,Terminology,,chunk-b68b1449c05b918c615b607703833122,../3GPP-trunked/Rel-19/32_series/32423-j20.md4.2,1770199846,Rel-19/22_series/22840-j00/graph_chunk_entity_relation.graphml,Rel-19,Handover Number,handover
Faulty Handover Algorithm,traffic switching,traffic switching,Concept,"Traffic switching is a functionality within the 5G system that enables the transfer of user data from one 3GPP access network to another during an active session, supporting seamless handover and continuity.",chunk-8a64335dc7d1f6f7de98b98e3098f95e,../3GPP-trunked/Rel-19/22_series/22841-j00.md4,1770176542,Rel-19/22_series/22841-j00/graph_chunk_entity_relation.graphml,Rel-19,traffic switching,handover
Faulty Handover Algorithm,AAM,AAM,Concept,AAM stands for Advanced Air Mobility and is defined in the present document as a concept related to the operation of uncrewed aerial systems in urban and suburban environments.,chunk-38224542e442f48dc9667046ac7c6374,../3GPP-trunked/Rel-19/22_series/22843-j20.md3.2,1770200680,Rel-19/22_series/22843-j20/graph_chunk_entity_relation.graphml,Rel-19,AAM,mobility
Faulty Handover Algorithm,Mobility and service continuity,Mobility and service continuity,Concept,"Mobility and service continuity is a key aspect in 5G network sharing scenarios, focusing on maintaining",chunk-85e1c58a787a0901c95de93289745f86,../3GPP-trunked/Rel-19/22_series/22851-j10.md1,1770199718,Rel-19/22_series/22851-j10/graph_chunk_entity_relation.graphml,Rel-19,Mobility and service continuity,mobility
Faulty Handover Algorithm,CN aspects,CN aspects,Concept,CN aspects refer to the core network-related functionalities and considerations in the context of mobility and service continuity during transitions between non-shared 4G/5G networks and shared 5G networks.,chunk-85e1c58a787a0901c95de93289745f86,../3GPP-trunked/Rel-19/22_series/22851-j10.md1,1770199718,Rel-19/22_series/22851-j10/graph_chunk_entity_relation.graphml,Rel-19,CN aspects,mobility
Faulty Handover Algorithm,HANDOVER NOTIFY PATH SWITCH REQUEST,HANDOVER NOTIFY PATH SWITCH REQUEST,Concept,HANDOVER NOTIFY PATH SWITCH REQUEST is a signaling message in the S1 interface that is part of the handover procedure and is used to notify the target eNodeB of the path switch during a handover. It is defined in TS 36.413 and is mandatory for both sender and receiver.,chunk-e8359b6ddc061fa129d6ea85a6a989a7,../3GPP-trunked/Rel-19/32_series/32423-j20.md4.12,1770200071,Rel-19/22_series/22856-j20/graph_chunk_entity_relation.graphml,Rel-19,HANDOVER NOTIFY PATH SWITCH REQUEST,handover; handover procedure
Faulty Handover Algorithm,HANDOVER REQUIRED,HANDOVER REQUIRED,Concept,HANDOVER REQUIRED is a signaling message in the S1 interface sent from the source eNodeB to the MME to initiate the handover procedure. It is mandatory for both sender and receiver and is defined in TS 36.413.,chunk-e8359b6ddc061fa129d6ea85a6a989a7,../3GPP-trunked/Rel-19/32_series/32423-j20.md4.12,1770200071,Rel-19/22_series/22856-j20/graph_chunk_entity_relation.graphml,Rel-19,HANDOVER REQUIRED,handover; handover procedure
Faulty Handover Algorithm,LOCATION RESPONSE,LOCATION RESPONSE,Signal,"LOCATION RESPONSE is a signaling message used in the S3/S10 interface with GTPv2-C protocol, carrying RAN Cause and Selected PLMN ID information as part of the mobility management procedure defined in TS 29.274.",chunk-e14775e2b711b96b094ae6116243d3f4,../3GPP-trunked/Rel-19/32_series/32423-j20.md4.12,1770200071,Rel-19/22_series/22856-j20/graph_chunk_entity_relation.graphml,Rel-19,LOCATION RESPONSE,mobility
Faulty Handover Algorithm,GTPv2-C,GTPv2-C,Technology,"GTPv2-C is a control plane protocol used for signaling between network nodes in LTE, such as MME and SGW, supporting mobility and session management procedures.",chunk-e14775e2b711b96b094ae6116243d3f4,../3GPP-trunked/Rel-19/32_series/32423-j20.md4.12,1770200071,Rel-19/22_series/22856-j20/graph_chunk_entity_relation.graphml,Rel-19,GTPv2-C,mobility
Faulty Handover Algorithm,X2,X2,Technology,"X2 is a wireless interface in LTE networks that connects two eNodeBs, facilitating inter-eNodeB communication for mobility management and handover procedures.",chunk-9a98e15965b34a32af72e9791af706ee,../3GPP-trunked/Rel-19/32_series/32423-j20.md4.13,1770200081,Rel-19/22_series/22856-j20/graph_chunk_entity_relation.graphml,Rel-19,X2,handover; handover procedure; mobility
Faulty Handover Algorithm,X2AP,X2AP,Technology,"X2AP is the X2 Application Protocol used over the X2 interface for exchanging control information between eNodeBs, including handover and RLF reporting.<SEP>X2AP (X2 Application Protocol) is the control plane protocol used on the X2 interface for signaling between eNodeBs, supporting functions such as handover preparation, SGNB addition, and RLF indication.",chunk-9a98e15965b34a32af72e9791af706ee<SEP>chunk-d49a372292f47db9aab0f78e5c36b5bc,../3GPP-trunked/Rel-19/32_series/32423-j20.md4.13,1770200081,Rel-19/22_series/22856-j20/graph_chunk_entity_relation.graphml,Rel-19,X2AP,handover
Faulty Handover Algorithm,UE History Information,UE History Information,Concept,"UE History Information is an information element in X2AP messages that contains historical data about the UE's previous connections, used during handover procedures.",chunk-9a98e15965b34a32af72e9791af706ee,../3GPP-trunked/Rel-19/32_series/32423-j20.md4.13,1770200081,Rel-19/22_series/22856-j20/graph_chunk_entity_relation.graphml,Rel-19,UE History Information,handover; handover procedure
Faulty Handover Algorithm,HANDOVER REQUEST,HANDOVER REQUEST,Signal,"HANDOVER REQUEST is a signaling message sent from the source eNodeB to the target eNodeB over the X2 interface to initiate a handover of a UE, containing necessary context information for the target.",chunk-9a98e15965b34a32af72e9791af706ee,../3GPP-trunked/Rel-19/32_series/32423-j20.md4.13,1770200081,Rel-19/22_series/22856-j20/graph_chunk_entity_relation.graphml,Rel-19,HANDOVER REQUEST,handover
Faulty Handover Algorithm,Handover Notify,Handover Notify,Signal,Handover Notify is a signaling message,chunk-9a98e15965b34a32af72e9791af706ee,../3GPP-trunked/Rel-19/32_series/32423-j20.md4.13,1770200081,Rel-19/22_series/22856-j20/graph_chunk_entity_relation.graphml,Rel-19,Handover Notify,handover
Faulty Handover Algorithm,Handover Type,Handover Type,Terminology,,chunk-d49a372292f47db9aab0f78e5c36b5bc,../3GPP-trunked/Rel-19/32_series/32423-j20.md4.13,1770200082,Rel-19/22_series/22856-j20/graph_chunk_entity_relation.graphml,Rel-19,Handover Type,handover
Faulty Handover Algorithm,MME,MME,Technology,"MME is the Mobility Management Entity,",chunk-4487483e384352de7113c87b53f8c00e,../3GPP-trunked/Rel-19/32_series/32423-j20.md4.13,1770200082,Rel-19/22_series/22856-j20/graph_chunk_entity_relation.graphml,Rel-19,MME,mobility
Faulty Handover Algorithm,BSSAP+,BSSAP+,Technology,"BSSAP+ (BSS Application Part Plus) is a signaling protocol used for communication between the BSS and the MSC/VLR over the Gs interface, supporting GPRS-related procedures.<SEP>BSSAP+ is an enhanced version of the BSSAP protocol used in the Gs interface for handling mobility and session management, supporting signals such as LOCATION-UPDATE-REQUEST, MS-ACTIVITY-INDICATION, and TMSI-REALLOCATION-COMPLETE, and defined in TS 29.018.",chunk-4411b49d1b36beb6776ebb723ea5a246<SEP>chunk-1a1ec11419b537ac9406e97df160dafe,../3GPP-trunked/Rel-19/32_series/32423-j20.md4.4,1770199955,Rel-19/22_series/22865-j20/graph_chunk_entity_relation.graphml,Rel-19,BSSAP+,mobility
Faulty Handover Algorithm,Iur,Iur,Technology,"Iur is a logical interface in UTRAN connecting two RNCs, enabling handover and resource management between neighboring RNCs. It is used in trace recording sessions to capture RNSAP messages between the traced RNC and a neighboring RNC.",chunk-64b3aecf257bc5018ec34d263de5bfe4,../3GPP-trunked/Rel-19/32_series/32423-j20.md4.6,1770199955,Rel-19/22_series/22865-j20/graph_chunk_entity_relation.graphml,Rel-19,Iur,handover
Faulty Handover Algorithm,BSSAP,BSSAP,Technology,"BSSAP is a signaling protocol used in the Gs interface for handling mobility and session management between BSS and MSC, and is referenced in TS 29.01",chunk-1a1ec11419b537ac9406e97df160dafe,../3GPP-trunked/Rel-19/32_series/32423-j20.md4.4,1770199967,Rel-19/22_series/22865-j20/graph_chunk_entity_relation.graphml,Rel-19,BSSAP,mobility
Faulty Handover Algorithm,PMIP,PMIP,Technology,PMIP is a protocol used in the S2a/S2b interface for managing mobility and session management in IP-based networks.,chunk-054893aabc3f26cedae92a03e56b3ae3,../3GPP-trunked/Rel-19/32_series/32423-j20.md4.11,1770200058,Rel-19/22_series/22865-j20/graph_chunk_entity_relation.graphml,Rel-19,PMIP,mobility
Faulty Handover Algorithm,AMF Trace Record Content,AMF Trace Record Content,Concept,"AMF Trace Record Content is a standardized record format that captures detailed signaling information for the AMF (Access and Mobility Management Function) during both management-based and signaling-based activation. It includes interface-specific message details, formats, and varying levels of detail (Minimum, Medium, Maximum) across multiple interfaces such as N2, N8, N11, N12, N14, N15, N20, and N22. The record supports decoded and encoded message formats, with specific fields for message names, record extensions, node identifiers, and extracted information elements from inter-node communications.>",chunk-6722d0a488f60b363cd6ab41e7f71f2b,../3GPP-trunked/Rel-19/32_series/32423-j20.md4.18,1770200266,Rel-19/22_series/22916-j00/graph_chunk_entity_relation.graphml,Rel-19,AMF Trace Record Content,mobility
Faulty Handover Algorithm,N2,N2,Signal,"N2 is a 5G interface between the AMF and the gNB-CU-CP or ng-eNB, used for signaling related to access and mobility management. It supports both decoded and",chunk-6722d0a488f60b363cd6ab41e7f71f2b,../3GPP-trunked/Rel-19/32_series/32423-j20.md4.18,1770200266,Rel-19/22_series/22916-j00/graph_chunk_entity_relation.graphml,Rel-19,N2,mobility
Faulty Handover Algorithm,N11,N11,Signal,"N11 is a 5G interface between the AMF and the SMF (Session Management Function), used for signaling related to session management procedures. It supports decoded and encoded message formats, with fields for message names, record extensions, and extracted information elements from messages between the traced AMF and SMF.<SEP>N11 is a signaling interface between the SMF and the AMF (Access and Mobility Management Function), used for mobility and session management coordination. It supports both decoded and encoded message formats, with varying levels of detail depending on the trace depth.",chunk-6722d0a488f60b363cd6ab41e7f71f2b<SEP>chunk-7c86638429dfab626c6b04c8f397794f,../3GPP-trunked/Rel-19/32_series/32423-j20.md4.18<SEP>../3GPP-trunked/Rel-19/32_series/32423-j20.md4.19,1770200275,Rel-19/22_series/22916-j00/graph_chunk_entity_relation.graphml,Rel-19,N11,mobility
Faulty Handover Algorithm,N22,N22,Signal,"N22 is a signaling message type used in the communication between the traced AMF and NSSF. It includes decoded and encoded forms, with specific information elements such as Message name, Record extensions, NSSF ID of the connected NSSF, and IE extracted from N22 messages. The encoded version preserves the raw message content as received.<SEP>N22 is a specific interface used between the traced NSSF and the AMF (Access and Mobility Management Function) for exchanging signaling messages. It supports trace recording with decoded and encoded message formats, and its trace details vary by trace depth level.",chunk-e37da75acd466c94168b6b9256d99dbe<SEP>chunk-19f103eaf5edd1c41524565fb5e472ea,../3GPP-trunked/Rel-19/32_series/32423-j20.md4.18<SEP>../3GPP-trunked/Rel-19/32_series/32423-j20.md4.24,1770200320,Rel-19/22_series/22916-j00/graph_chunk_entity_relation.graphml,Rel-19,N22,mobility
Faulty Handover Algorithm,5G-GUTI,5G-GUTI,Technology,5G-GUTI is a 5G Globally Unique Temporary Identifier used to identify a user equipment (UE) in the 5G System (5GS) during mobility and session management.,chunk-37b9481de0fea637b5b54202a954d591,../3GPP-trunked/Rel-19/23_series/23003-j20.md1.2,1770195333,Rel-19/23_series/23003-j20/graph_chunk_entity_relation.graphml,Rel-19,5G-GUTI,mobility
Faulty Handover Algorithm,5G NSWO,5G NSWO,Concept,5G NSWO is a 5G Non-Seamless WLAN offload mechanism that enables offloading of traffic from 5G to WLAN without seamless handover continuity.,chunk-37b9481de0fea637b5b54202a954d591,../3GPP-trunked/Rel-19/23_series/23003-j20.md1.2,1770195333,Rel-19/23_series/23003-j20/graph_chunk_entity_relation.graphml,Rel-19,5G NSWO,handover
Faulty Handover Algorithm,5G-S-TMSI,5G-S-TMSI,Technology,5G-S-TMSI is a 5G S-Temporary Mobile Subscription Identifier used in the 5G System (5GS) to temporarily identify a user subscription during mobility and session management.,chunk-37b9481de0fea637b5b54202a954d591,../3GPP-trunked/Rel-19/23_series/23003-j20.md1.2,1770195333,Rel-19/23_series/23003-j20/graph_chunk_entity_relation.graphml,Rel-19,5G-S-TMSI,mobility
Faulty Handover Algorithm,Mobility Management Entity (MME),Mobility Management Entity (MME),Technology,Mobility Management Entity (MME) is a network function that stores all subscriber data required for EPS mode transmission and other purposes for mobile subscribers currently located in the area controlled by the MME.,chunk-f8d90039986e63a619c30ea2b660839a,../3GPP-trunked/Rel-19/23_series/23008-j00.md1.2,1770166816,Rel-19/23_series/23008-j00/graph_chunk_entity_relation.graphml,Rel-19,Mobility Management Entity (MME),mobility
Faulty Handover Algorithm,5G connection and mobility,5G connection and mobility,Concept,"5G connection and mobility refers to the network functionality related to maintaining and managing user equipment connectivity and movement within a 5G network, which is the context for the ChargingDataResponse type.",chunk-8e42208666ac305506877c01278d3ebd,../3GPP-trunked/Rel-19/32_series/32291-j20.md6.1.6.2.4.2,1770197603,Rel-19/23_series/23180-j00/graph_chunk_entity_relation.graphml,Rel-19,5G connection and mobility,mobility
Faulty Handover Algorithm,Policy and Charging Control Framework,Policy and Charging Control Framework,Concept,"The Policy and Charging Control Framework is a Stage 2 framework defined in the present document for the 5G System as specified in TS 23.501 [2] and TS 23.502 [3]. It encompasses high-level functions including Flow Based Charging for network usage, Policy Control for session management and service data flows, Management of access and mobility related policies, and Management of UE policy information.",chunk-7f53b1f5f6d9c44056149b38e48af3b2,../3GPP-trunked/Rel-19/23_series/23503-j30.md1,1770196071,Rel-19/23_series/23204-j10/graph_chunk_entity_relation.graphml,Rel-19,Policy and Charging Control Framework,mobility
Faulty Handover Algorithm,Access and Mobility Related Policies,Access and Mobility Related Policies,Concept,Access and Mobility Related Policies are managed by the Policy and Charging Control Framework and relate to network access and mobility management in the 5G System.,chunk-7f53b1f5f6d9c44056149b38e48af3b2,../3GPP-trunked/Rel-19/23_series/23503-j30.md1,1770196071,Rel-19/23_series/23204-j10/graph_chunk_entity_relation.graphml,Rel-19,Access and Mobility Related Policies,mobility
Faulty Handover Algorithm,Logged MBSFN MDT,Logged MBSFN MDT,Concept,"Logged MBSFN MDT is a type of measurement data collection defined in clause 6.2.2 that focuses on Multicast Broadcast Single Frequency Network Measurement Data Tracking. It supports independent session activation from other mobility-related performance measurements and call trace collection, and is subject to specific configuration and deactivation rules.",chunk-4a136b97098deb244fd4af9e360cfd12,../3GPP-trunked/Rel-19/32_series/32421-j20.md6.2.2,1770195911,Rel-19/23_series/23289-j50/graph_chunk_entity_relation.graphml,Rel-19,Logged MBSFN MDT,mobility
Faulty Handover Algorithm,AS layer,AS layer,Technology,"Access Stratum layer is a technology layer in the 5G protocol stack responsible for handling radio resource management, mobility, and security functions between the UE and the network.",chunk-fc427379d638e871fbd80bf131bda182,../3GPP-trunked/Rel-19/23_series/23304-j30.mdNone,1770165874,Rel-19/23_series/23304-j30/graph_chunk_entity_relation.graphml,Rel-19,AS layer,mobility
Faulty Handover Algorithm,SGSN/MME,SGSN/MME,Technology,"SGSN/MME is a network node that handles mobility management and session management for UEs, and is responsible for initiating the Update CSG Location Procedure to retrieve CSG subscription data from the CSS.",chunk-076e81246046d18e83c5493b69c2ef03,../3GPP-trunked/Rel-19/23_series/23401-j20.md1,1770165817,Rel-19/23_series/23401-j20/graph_chunk_entity_relation.graphml,Rel-19,SGSN/MME,mobility
Faulty Handover Algorithm,Service continuity support,Service continuity support,Concept,"Service continuity support is a functionality provided to ensure uninterrupted service during UE mobility or load balancing. It is implemented by the SEALDD layer, which maintains the transport layer connection through interaction with the SEALDD context and requests the 5GC to perform seamless data transmission, such as IP replacement procedure or simultaneous connectivity.",chunk-4518c9c71800cf976fa2b4a9687be586,../3GPP-trunked/Rel-19/23_series/23433-j50.mdNone,1770168172,Rel-19/23_series/23433-j50/graph_chunk_entity_relation.graphml,Rel-19,Service continuity support,mobility
Faulty Handover Algorithm,SEALDD context,SEALDD context,Technology,SEALDD context is a data structure or state maintained by the SEALDD layer to support the continuity of transport layer connections during UE mobility or load balancing.,chunk-4518c9c71800cf976fa2b4a9687be586,../3GPP-trunked/Rel-19/23_series/23433-j50.mdNone,1770168172,Rel-19/23_series/23433-j50/graph_chunk_entity_relation.graphml,Rel-19,SEALDD context,mobility
Faulty Handover Algorithm,simultaneous connectivity,simultaneous connectivity,Concept,"simultaneous connectivity is a seamless data transmission method used during service continuity support that allows the UE to maintain multiple connections simultaneously, ensuring uninterrupted service during mobility or load balancing.",chunk-4518c9c71800cf976fa2b4a9687be586,../3GPP-trunked/Rel-19/23_series/23433-j50.mdNone,1770168172,Rel-19/23_series/23433-j50/graph_chunk_entity_relation.graphml,Rel-19,simultaneous connectivity,mobility
Faulty Handover Algorithm,UE mobility,UE mobility,Concept,"UE mobility refers to the movement of the User Equipment across network cells, which triggers the need for service continuity support to maintain ongoing sessions.",chunk-4518c9c71800cf976fa2b4a9687be586,../3GPP-trunked/Rel-19/23_series/23433-j50.mdNone,1770168172,Rel-19/23_series/23433-j50/graph_chunk_entity_relation.graphml,Rel-19,UE mobility,mobility
Faulty Handover Algorithm,Applicable Triggers in the GMLC,Applicable Triggers in the GMLC,Concept,Applicable Triggers in the GMLC refers to the set of conditions or events that initiate specific procedures or actions within the Gateway Mobile Location Center (GMLC). These triggers are defined in section 5.4.1.2 and are relevant to location-based services and mobility management.,chunk-c304dcec2db4dc1c100bd5cedb30e588,../3GPP-trunked/Rel-19/32_series/32271-j10.md5.4.1.2,1770196722,Rel-19/23_series/23434-j50/graph_chunk_entity_relation.graphml,Rel-19,Applicable Triggers in the GMLC,mobility
Faulty Handover Algorithm,AM Policy Association,AM Policy Association,Concept,AM Policy Association is an association between the AMF and the PCF (i.e. the PCF for the UE) for performing access and mobility related policy control for a UE.,chunk-ad394ae3e7d8515564dba60b91dea492,../3GPP-trunked/Rel-19/23_series/23503-j30.md3.1,1770196058,Rel-19/23_series/23503-j30/graph_chunk_entity_relation.graphml,Rel-19,AM Policy Association,mobility
Faulty Handover Algorithm,ACT,ACT,Technology,ACT stands for Application Context Transfer and involves the transfer of application context between edge nodes during mobility or service continuity.,chunk-dba085bdaf7ff3aac2a2a15512533494,../3GPP-trunked/Rel-19/23_series/23558-j50.md3.3<SEP>../3GPP-trunked/Rel-19/23_series/23558-j50.mdNone,1770168105,Rel-19/23_series/23558-j50/graph_chunk_entity_relation.graphml,Rel-19,ACT,mobility
Faulty Handover Algorithm,handovers per BSC per hour,handovers per BSC per hour,Concept,"Handovers per BSC per hour is a measured value that quantifies the number of handover events occurring within a Base Station Controller (BSC) during an hour.)##
(entity",chunk-f35b2a8f7cb6ccb0137cdae03f5c6c7c,../3GPP-trunked/Rel-19/32_series/32401-j00.md4.1.1,1770195696,Rel-19/23_series/23700-03-j00/graph_chunk_entity_relation.graphml,Rel-19,handovers per BSC per hour,handover
Faulty Handover Algorithm,Key Performance Indicator (KPI),Key Performance Indicator (KPI),Concept,"Key Performance Indicator (KPI) is performance data calculated according to the formula specified in the Key Performance Indicator definition. It represents an indicator of network performance and can be sub-categorized into Accessibility, Integrity, Utilization, Retainability, Mobility, Energy Efficiency, Reliability, Air-Interface Efficiency, and Availability. Further sub-categories are not precluded.",chunk-cd02b07cdd5f4d9a6cc65dccffd3f89c,../3GPP-trunked/Rel-19/32_series/32401-j00.md3.1,1770165071,Rel-19/23_series/23700-29-j00/graph_chunk_entity_relation.graphml,Rel-19,Key Performance Indicator (KPI),mobility
Faulty Handover Algorithm,Mobility,Mobility,Category,"Mobility is a sub-category of Key Performance Indicator (KPI) that assesses the performance of user movement across network cells.)##
(entity<",chunk-cd02b07cdd5f4d9a6cc65dccffd3f89c,../3GPP-trunked/Rel-19/32_series/32401-j00.md3.1,1770165071,Rel-19/23_series/23700-29-j00/graph_chunk_entity_relation.graphml,Rel-19,Mobility,mobility
Faulty Handover Algorithm,VMSC,VMSC,Technology,"VMSC is an acronym for Visited MSC, a mobile switching center that handles call routing and mobility management for users visiting a foreign network.",chunk-832eb5ea43f333e7f91f0b86c36bd4d5,../3GPP-trunked/Rel-19/32_series/32240-j20.md3.3,1770165080,Rel-19/23_series/23700-29-j00/graph_chunk_entity_relation.graphml,Rel-19,VMSC,mobility
Faulty Handover Algorithm,ServiceProfileChargingInformation,ServiceProfileChargingInformation,Concept,"ServiceProfileChargingInformation is a type used within NSMChargingInformation as an element of the listOfServiceProfile<SEP>ServiceProfileChargingInformation is a type defined in Table 6.1.6.2.6.4-1 that contains attributes related to service profile charging information. It includes fields such as serviceProfileIdentifier, sNSSAIList, sST, latency, availability, resourceSharingLevel, jitter, reliability, maxNumberofUEs, coverageArea, uEMobilityLevel, delayToleranceIndicator, dLThptPerSlice, dLThptPerUE, uLThptPerSlice, uLThptPerUE, maxNumberofPDUsessions, kPIMonitoringList, supportedAccessTechnology, v2XCommunicationModeIndicator, energyEfficiency, and addServiceProfileChargingInfo. Each attribute has a specified data type, cardinality, and applicability.",chunk-0dd4328cd7994cc64b539596e33f20ed<SEP>chunk-3489a097eb0cf540c5009c3a505036bc,../3GPP-trunked/Rel-19/32_series/32291-j20.md6.1.6.2.6.3<SEP>../3GPP-trunked/Rel-19/32_series/32291-j20.md6.1.6.2.6.4,1770197767,Rel-19/23_series/23700-45-j00/graph_chunk_entity_relation.graphml,Rel-19,ServiceProfileChargingInformation,mobility
Faulty Handover Algorithm,uEMobilityLevel,uEMobilityLevel,Terminology,,chunk-3489a097eb0cf540c5009c3a505036bc,../3GPP-trunked/Rel-19/32_series/32291-j20.md6.1.6.2.6.4,1770197766,Rel-19/23_series/23700-45-j00/graph_chunk_entity_relation.graphml,Rel-19,uEMobilityLevel,mobility
Faulty Handover Algorithm,ROAMING_DEFAULT,ROAMING_DEFAULT,Concept,"ROAMING_DEFAULT is a value of ChargingCharacteristicsSelectionMode indicating that the subscriber belongs to the same PLMN as the Access and Mobility Management Function (AMF), but the AMF belongs to a different PLMN than the SMF.",chunk-87da64e252d614d9536aa5d6a0f0ec84,../3GPP-trunked/Rel-19/32_series/32291-j20.md6.1.6.3.5,1770198540,Rel-19/23_series/23700-49-j00/graph_chunk_entity_relation.graphml,Rel-19,ROAMING_DEFAULT,mobility
Faulty Handover Algorithm,Access and Mobility Management Function,Access and Mobility Management Function,Terminology,,chunk-87da64e252d614d9536aa5d6a0f0ec84,../3GPP-trunked/Rel-19/32_series/32291-j20.md6.1.6.3.5,1770198540,Rel-19/23_series/23700-49-j00/graph_chunk_entity_relation.graphml,Rel-19,Access and Mobility Management Function,mobility
Faulty Handover Algorithm,RegistrationMessageType,RegistrationMessageType,Concept,"RegistrationMessageType is an enumeration defined in Table 6.1.6.3.30-1 that specifies the type of registration message in a system. It includes five values: INITIAL, MOBILITY, PERIODIC, EMERGENCY, and DEREGISTRATION, each corresponding to a specific registration scenario.",chunk-1e2d45a21566c4248aa1864979e3f8dc,../3GPP-trunked/Rel-19/32_series/32291-j20.md6.1.6.3.30,1770198647,Rel-19/23_series/23700-49-j00/graph_chunk_entity_relation.graphml,Rel-19,RegistrationMessageType,mobility
Faulty Handover Algorithm,MOBILITY,MOBILITY,Concept,"MOBILITY is a value in the RegistrationMessageType enumeration that indicates a mobility registration update, triggered when a user equipment moves to a new location.",chunk-1e2d45a21566c4248aa1864979e3f8dc,../3GPP-trunked/Rel-19/32_series/32291-j20.md6.1.6.3.30,1770198647,Rel-19/23_series/23700-49-j00/graph_chunk_entity_relation.graphml,Rel-19,MOBILITY,mobility
Faulty Handover Algorithm,5G connection and mobility Specified Data Type,5G connection and mobility Specified Data Type,Concept,5G connection and mobility Specified Data Type is a data type defined in section 6.1.6.2.4 that pertains to the management and handling of connection and mobility-related information in 5G networks.)##,chunk-d7f283de89c370d6c1ff01b6dbac9cef,../3GPP-trunked/Rel-19/32_series/32291-j20.md6.1.6.2.4,1770197555,Rel-19/23_series/23700-59-j00/graph_chunk_entity_relation.graphml,Rel-19,5G connection and mobility Specified Data Type,mobility
Faulty Handover Algorithm,aMFId,aMFId,Technology,"aMFId is a field in ChargingDataRequest that represents the AMF identifier, with data type AmfId, cardinality 0..1, and is used to identify the Access and Mobility Management Function in 5G networks.",chunk-43928de59c859cff891671ad1cb597e0,../3GPP-trunked/Rel-19/32_series/32291-j20.md6.1.6.2.4.1,1770197600,Rel-19/23_series/23700-59-j00/graph_chunk_entity_relation.graphml,Rel-19,aMFId,mobility
Faulty Handover Algorithm,locationReportingChargingInformation,locationReportingChargingInformation,Concept,"locationReportingChargingInformation is an attribute of the ChargingDataResponse type that holds 5G connection and mobility-specific location reporting charging information. It has a data type of LocationReportingChargingInformation, is optional (OC), and occurs 0 to 1 time.",chunk-8e42208666ac305506877c01278d3ebd,../3GPP-trunked/Rel-19/32_series/32291-j20.md6.1.6.2.4.2,1770197600,Rel-19/23_series/23700-59-j00/graph_chunk_entity_relation.graphml,Rel-19,locationReportingChargingInformation,mobility
Faulty Handover Algorithm,3GPP TS 32.256 [31],3GPP TS 32.256 [31],UNKNOWN,This clause specifies additional attributes of the type ChargingDataResponse defined in clause 6.1.6.2.1.2 for 5G connection and mobility described in 3GPP TS 32.256 [31],chunk-8e42208666ac305506877c01278d3ebd,../3GPP-trunked/Rel-19/32_series/32291-j20.md6.1.6.2.4.2,1770197609,Rel-19/23_series/23700-59-j00/graph_chunk_entity_relation.graphml,Rel-19,3GPP TS 32.256 [31],mobility
Faulty Handover Algorithm,5GS registration type IE,5GS registration type IE,Technology,"5GS registration type IE is a field in the registration procedure that indicates the type of registration, such as ""mobility registration updating"" or ""SNPN onboarding registration"", and determines whether requested",chunk-0a353e7ad74ac1b9e957b4d3675aa15d,../3GPP-trunked/Rel-19/24_series/24501-j20.md4.6.2.1,1770207231,Rel-19/24_series/24080-j10/graph_chunk_entity_relation.graphml,Rel-19,5GS registration type IE,mobility
Faulty Handover Algorithm,NB-N1 mode,NB-N1 mode,Technology,"NB-N1 mode is a UE operation mode in which the UE does not include the requested NSSAI during the registration procedure when the 5GS registration type IE indicates ""mobility registration updating"", and the procedure is not initiated to change the current slice(s).",chunk-0a353e7ad74ac1b9e957b4d3675aa15d,../3GPP-trunked/Rel-19/24_series/24501-j20.md4.6.2.1,1770207231,Rel-19/24_series/24080-j10/graph_chunk_entity_relation.graphml,Rel-19,NB-N1 mode,mobility
Faulty Handover Algorithm,Access Category 0,Access Category 0,Concept,"Access Category 0 is used for MT access, handover of ongoing MMTEL voice call, MMTEL video call, or SMSoIP from non-3GPP access, or upon receipt of ""call-pull-initiated"" indication from upper layers. It is associated with the access attempt condition specified in attempt 1.",chunk-9ce3dd67bc144b62fdd606288bb1247c,../3GPP-trunked/Rel-19/24_series/24501-j20.md4.5.2,1770207235,Rel-19/24_series/24080-j10/graph_chunk_entity_relation.graphml,Rel-19,Access Category 0,handover
Faulty Handover Algorithm,Rule #1,Rule #1,Concept,"Rule #1 defines an access category for responses to paging or NOTIFICATION over non-3GPP access, 5GMM connection management for LPP or SLPP messages without ongoing 5GC-MO-LR or SL-MO-LR, handover of MMTEL voice/video call or SMSoIP from non-3GPP access, or receipt of ""call-pull-initiated"" indication from upper layers. The access category assigned is 0 (= MT_acc).",chunk-6d968a93b0f967d41836f716a853efd1,../3GPP-trunked/Rel-19/24_series/24501-j20.md4.5.2,1770207244,Rel-19/24_series/24080-j10/graph_chunk_entity_relation.graphml,Rel-19,Rule #1,handover
Faulty Handover Algorithm,P-TMSI,P-TMSI,Technology,"P-TMSI is a packet-Temporary Mobile Subscriber Identity used in packet-switched domains to identify a user equipment (UE) in a routing area, often associated with GUTI and RAI for mobility management.<SEP>P-TMSI (Packet-TMSI) is a temporary identity assigned by the SGSN to a UE in GERAN/UTRAN for packet data session management, used to identify the UE in the packet-switched domain.",chunk-bb1f2d13170d67528fd65ac8992c8cd5<SEP>chunk-42eec776d41ac963851cb7973db6a6a8,../3GPP-trunked/Rel-19/23_series/23003-j20.md2.8.2.1<SEP>../3GPP-trunked/Rel-19/23_series/23003-j20.md2.8.2.1.2,1770207393,Rel-19/24_series/24080-j10/graph_chunk_entity_relation.graphml,Rel-19,P-TMSI,mobility
Faulty Handover Algorithm,Temporary and Area Identities,Temporary and Area Identities,Concept,Temporary and Area Identities refer to identifiers used in the EUTRAN and UTRAN/GERAN networks for managing user equipment location and mobility. The mapping between these identities is defined in section 2.8.2.,chunk-f35ed1455458c1a522f006f2cbfb7b88,../3GPP-trunked/Rel-19/23_series/23003-j20.md2.8.2,1770207328,Rel-19/24_series/24080-j10/graph_chunk_entity_relation.graphml,Rel-19,Temporary and Area Identities,mobility
Faulty Handover Algorithm,Routeing Area Update Request,Routeing Area Update Request,Concept,"Routeing Area Update Request is a message constructed using temporary and location area identities in GERAN/UTRAN, specifically for updating the routing area of a user equipment (UE) during mobility.",chunk-4ef3d696ebab5bac272bd66fe00f88e6,../3GPP-trunked/Rel-19/23_series/23003-j20.md2.8.2.0,1770207357,Rel-19/24_series/24080-j10/graph_chunk_entity_relation.graphml,Rel-19,Routeing Area Update Request,mobility
Faulty Handover Algorithm,Tracking Area Update Request,Tracking Area Update Request,Concept,"Tracking Area Update Request is a message constructed using temporary and location area identities in E-UTRAN, specifically for updating the tracking area of a user equipment (UE) during mobility.",chunk-4ef3d696ebab5bac272bd66fe00f88e6,../3GPP-trunked/Rel-19/23_series/23003-j20.md2.8.2.0,1770207357,Rel-19/24_series/24080-j10/graph_chunk_entity_relation.graphml,Rel-19,Tracking Area Update Request,mobility
Faulty Handover Algorithm,MME to SGSN handover,MME to SGSN handover,UNKNOWN,The movement of a UE from an MME to an SGSN triggers the MME to SGSN handover procedure,chunk-d9e2d3e9935d184adcd68347f82dbd69,../3GPP-trunked/Rel-19/23_series/23003-j20.md2.8.2.1.1,1770207366,Rel-19/24_series/24080-j10/graph_chunk_entity_relation.graphml,Rel-19,MME to SGSN handover,handover; handover procedure
Faulty Handover Algorithm,Introduction,Introduction,UNKNOWN,The movement of a UE from an MME to an SGSN triggers the MME to SGSN handover procedure,chunk-d9e2d3e9935d184adcd68347f82dbd69,../3GPP-trunked/Rel-19/23_series/23003-j20.md2.8.2.1.1,1770207366,Rel-19/24_series/24080-j10/graph_chunk_entity_relation.graphml,Rel-19,Introduction,handover; handover procedure
Faulty Handover Algorithm,S4 SGSN,S4 SGSN,UNKNOWN,The MME to SGSN handover procedure supports the use of an S4 SGSN as the target SGSN,chunk-d9e2d3e9935d184adcd68347f82dbd69,../3GPP-trunked/Rel-19/23_series/23003-j20.md2.8.2.1.1,1770207366,Rel-19/24_series/24080-j10/graph_chunk_entity_relation.graphml,Rel-19,S4 SGSN,handover; handover procedure
Faulty Handover Algorithm,Mapping from 5G-GUT,Mapping from 5G-GUT,Concept,Mapping from 5G-GUT is a procedure defined in section 2.10.2.1 that describes the process of converting a 5G-GUT (5G Global Unique Temporary Identifier) into an M-TMSI (Mobile Termination Temporary Subscriber Identity). This mapping is used in the 5G core network for identity management and mobility handling.,chunk-f55a809468a08a3c11744680c7e157f6,../3GPP-trunked/Rel-19/23_series/23003-j20.md2.10.2.1,1770207402,Rel-19/24_series/24080-j10/graph_chunk_entity_relation.graphml,Rel-19,Mapping from 5G-GUT,mobility
Faulty Handover Algorithm,Intermediate UE-to-Network Relay,Intermediate UE-to-Network Relay,Technology,"Intermediate UE-to-Network Relay is a relay node that serves one or more 5G ProSe Remote UEs and can act as an intermediary in multi-hop UE-to-Network Relay scenarios. It supports mobility by establishing Layer-2 links with Remote UEs and updating the 5G ProSe UE-to-Network Relay via the Layer-2 Link Modification procedure when a new Remote UE joins the link.<SEP>Intermediate UE-to-Network Relay is a relay node that forwards the Relay Discovery Additional Information message with Hop-Count=2 and may include additional information such as Hop-Count, Announcer Info, and NCGI. It can detect changes in additional parameters and send updated messages to the 5G ProSe UE-to-Network Relay.",chunk-c0ee4ed72d47407747e3897ac4211fb7<SEP>chunk-44009f13128135cdc03b8e48ee07342b,../3GPP-trunked/Rel-19/23_series/23700-03-j00.md6.1.2.5<SEP>../3GPP-trunked/Rel-19/23_series/23700-03-j00.md6.1.2.8,1770208054,Rel-19/24_series/24193-j20/graph_chunk_entity_relation.graphml,Rel-19,Intermediate UE-to-Network Relay,mobility
Faulty Handover Algorithm,IP-CAN,IP-CAN,Concept,"IP-CAN (IP Connectivity Access Network) is a network that provides IP connectivity to a User Equipment (UE). It can support bearer grouping or not, and the presence or absence of grouping affects the handling of signaling during handover between different IP-CANs.",chunk-e208631df6013a8a25c31f56678ab239,../3GPP-trunked/Rel-19/24_series/24229-j20.md3.3,1770204622,Rel-19/24_series/24229-j20/graph_chunk_entity_relation.graphml,Rel-19,IP-CAN,handover
Faulty Handover Algorithm,handover,handover,Concept,"Handover is a process where a UE transitions from one IP-CAN to another. If handover occurs from an IP-CAN with grouping to one without grouping and back, the signalled grouping may be lost.",chunk-e208631df6013a8a25c31f56678ab239,../3GPP-trunked/Rel-19/24_series/24229-j20.md3.3,1770204622,Rel-19/24_series/24229-j20/graph_chunk_entity_relation.graphml,Rel-19,handover,handover
Faulty Handover Algorithm,grouping,grouping,Concept,"Grouping refers to the bundling of bearers in an IP-CAN. Some IP-CANs support bearer grouping, while others do not. Loss of grouping can occur during handover between IP-CANs with and without grouping.",chunk-e208631df6013a8a25c31f56678ab239,../3GPP-trunked/Rel-19/24_series/24229-j20.md3.3,1770204622,Rel-19/24_series/24229-j20/graph_chunk_entity_relation.graphml,Rel-19,grouping,handover
Faulty Handover Algorithm,reregistration,reregistration,Concept,"Reregistration is the process of re-authenticating and re-establishing session context in the IM CN subsystem. When handover occurs without reregistration, the same identities and security credentials are retained.",chunk-e208631df6013a8a25c31f56678ab239,../3GPP-trunked/Rel-19/24_series/24229-j20.md3.3,1770204622,Rel-19/24_series/24229-j20/graph_chunk_entity_relation.graphml,Rel-19,reregistration,handover
Faulty Handover Algorithm,IM CN subsystem,IM CN subsystem,Technology,"IM CN subsystem (IP Multimedia Core Network subsystem) is a network domain responsible for managing multimedia services. It maintains identities and security credentials for UE access, which remain unchanged during handover without reregistration.<SEP>The IM CN subsystem is a functional entity in the IP Multimedia Subsystem that includes various functional components interacting through defined reference points. It must comply with SIP, SDP, and other protocols as specified in annex A and referenced standards.<SEP>IM CN subsystem is the IP Multimedia Core Network subsystem that provides IP-based multimedia services in 3GPP networks, including session control and service delivery.<SEP>IM CN subsystem is a network component responsible for providing IP Multimedia services, including session management and user authentication, and is accessed by UEs through various IP-CANs.<SEP>The IM CN subsystem is a component of the IMS architecture responsible for providing IP multimedia services, and its secure access is defined in TS 33.203 [19], which outlines multiple access security mechanisms.<SEP>The IM CN subsystem is a core network component in 3GPP systems responsible for managing IP multimedia services, including registration, authentication, and session control. It includes entities such as UE, P-CSCF, and S-CSCF, and supports security mechanisms like IMS AKA and SIP digest authentication.<SEP>IM CN subsystem is the core network subsystem responsible for handling IP Multimedia services, where the ""cpc"" and ""oli"" URI parameters are subject to domain-specific restrictions.",chunk-e208631df6013a8a25c31f56678ab239<SEP>chunk-388fe27a2d1464810a48cfd330f79dc9<SEP>chunk-e18a18526564428a287fcdd97f9bd85a<SEP>chunk-612a8c774265fb68d805f34d4ef99205<SEP>chunk-18e66c49947ed59ee7b2c9a36d793c98<SEP>chunk-85532951810849e85a0f14f55fc18ef2<SEP>chunk-5249cb8b24806baf489930fdaa992ee9,../3GPP-trunked/Rel-19/24_series/24229-j20.md3.3<SEP>../3GPP-trunked/Rel-19/24_series/24229-j20.md4.1<SEP>../3GPP-trunked/Rel-19/24_series/24229-j20.md4.2<SEP>../3GPP-trunked/Rel-19/24_series/24229-j20.md4.4.12,1770204724,Rel-19/24_series/24229-j20/graph_chunk_entity_relation.graphml,Rel-19,IM CN subsystem,handover
Faulty Handover Algorithm,location areas,location areas,Concept,Location areas are geographical regions used in mobile networks for managing mobile device tracking and routing. They are identified within the network to support location-based services and handover procedures.,chunk-ccdac0d917aca60c27d1691cf943802f,../3GPP-trunked/Rel-19/23_series/23003-j20.md4,1770207616,Rel-19/24_series/24247-j10/graph_chunk_entity_relation.graphml,Rel-19,location areas,handover; handover procedure
Faulty Handover Algorithm,old SGSN,old SGSN,Technology,"old SGSN is the Serving Gateway Support Node that previously served the UE and stores the UE's RAI, P-TMSI, and P-TMSI Signature for identity comparison during the handover process.",chunk-19a2bfb0a85e853cc610d34a066595ae,../3GPP-trunked/Rel-19/23_series/23003-j20.md2.8.2.2.3,1770207385,Rel-19/24_series/24257-j20/graph_chunk_entity_relation.graphml,Rel-19,old SGSN,handover
Faulty Handover Algorithm,new MME,new MME,Technology,new MME is the Mobility Management Entity that takes over the UE's session after handover and performs reverse mapping of the GUTI to retrieve RAI and P-TMSI for identity,chunk-19a2bfb0a85e853cc610d34a066595ae,../3GPP-trunked/Rel-19/23_series/23003-j20.md2.8.2.2.3,1770207385,Rel-19/24_series/24257-j20/graph_chunk_entity_relation.graphml,Rel-19,new MME,handover; mobility
Faulty Handover Algorithm,GERAN/UTRAN,GERAN/UTRAN,Technology,"GERAN/UTRAN is a radio access technology used in 2G and 3G networks, comprising GSM EDGE Radio Access Network and UMTS Terrestrial Radio Access Network, respectively. It is referenced in the context of mobility transitions and identifier mapping to E-UTRAN.",chunk-377c1c90ed5a5d0b4e24ce7ea16b997b,../3GPP-trunked/Rel-19/23_series/23003-j20.md2.8.2.2.2,1770207387,Rel-19/24_series/24257-j20/graph_chunk_entity_relation.graphml,Rel-19,GERAN/UTRAN,mobility
Faulty Handover Algorithm,2.10.2.1.1,2.10.2.1.1,UNKNOWN,The I to GUTI procedure involves the UE during mobility in a 5G network<SEP>The I to GUTI procedure occurs within the context of a 5G network during UE mobility,chunk-d36312532a7a5be976d40e50413cdd5d,../3GPP-trunked/Rel-19/23_series/23003-j20.md2.10.2.1.1,1770207412,Rel-19/24_series/24257-j20/graph_chunk_entity_relation.graphml,Rel-19,2.10.2.1.1<SEP>2.10.2.1.1)##,mobility
Faulty Handover Algorithm,mobility procedure,mobility procedure,Concept,"Mobility procedure is a process defined in clause 6.1.2.5 that may be triggered during relay re-selection when a new relay with a smaller Hop-Count is found, potentially resulting in the movement of all Remote UEs connected via an Intermediate UE-to-Network Relay.",chunk-7e84ca163fa327373199ee49dbd2a50c,../3GPP-trunked/Rel-19/23_series/23700-03-j00.md6.1.2.3,1770207881,Rel-19/24_series/24379-j20/graph_chunk_entity_relation.graphml,Rel-19,mobility procedure,mobility
Faulty Handover Algorithm,Control plane CIoT 5GS optimization,Control plane CIoT 5GS optimization,Concept,"Control plane CIoT 5GS optimization is a signaling optimization technique that enables efficient transport of user data (IP, Ethernet, Unstructured, or SMS) over the control plane via the Access and Mobility Management Function (AMF), including optional header compression for IP and Ethernet data.",chunk-7f19af8fba98546b9e8c4bfa65440b68,../3GPP-trunked/Rel-19/24_series/24501-j20.md3.1,1770205510,Rel-19/24_series/24501-j20/graph_chunk_entity_relation.graphml,Rel-19,Control plane CIoT 5GS optimization,mobility
Faulty Handover Algorithm,5GMM-IDLE mode,5GMM-IDLE mode,Concept,"5GMM-IDLE mode, when used standalone in this specification, refers to a UE that can be in 5GMM-IDLE mode over 3GPP access or over non-3GPP access.<SEP>5GMM-IDLE mode is a state of the UE over non-3GPP access where the UE is not actively connected to the network and is in a low-power state, requiring registration procedures to re-establish connectivity.<SEP>5GMM-IDLE mode is a state in 5G mobility management where the UE is registered but not actively connected, allowing for reduced signaling and power consumption, and supporting registration procedures during inter-system changes.<SEP>5GMM-IDLE mode is a state of the UE in which the UE is not actively communicating with the network, and access control is performed only for event a) defined in subclause 4.5.1 when operator-defined access category definitions are stored for the selected PLMN or RPLMN, or for the selected SNPN or RSNPN.<SEP>5GMM-IDLE mode is a state of the UE in which it is not actively connected to the 5G core network, and no user plane or control plane data is being transferred. In this mode, the UE can initiate access attempts upon receiving a request from upper layers, and access control and checking are performed based on access identities and categories.<SEP>5GMM-IDLE mode is a state in the 5G Mobility Management (5GMM) where the UE is not actively connected for NAS signaling, and may be in a suspended state for connection recovery or following a fallback indication from lower layers.",chunk-afaaedce69806c8417598d8d89a82321<SEP>chunk-dbdeb2c7a5be9a2ce2d242cb3eebd41f<SEP>chunk-c0ed2579ce2c6e2f9c9612135478c0e2<SEP>chunk-ba3366856f62aa455b0deeeeb8040614<SEP>chunk-096396f39e964a709b7e9983a3428f4e<SEP>chunk-7c744ab7cb7f4a621fb03c0d0f38a052,../3GPP-trunked/Rel-19/24_series/24501-j20.md3.1<SEP>../3GPP-trunked/Rel-19/24_series/24501-j20.md4.4.2.2<SEP>../3GPP-trunked/Rel-19/24_series/24501-j20.md4.4.2.5<SEP>../3GPP-trunked/Rel-19/24_series/24501-j20.md4.5.3<SEP>../3GPP-trunked/Rel-19/24_series/24501-j20.md4.5.4.1<SEP>../3GPP-trunked/Rel-19/24_series/24501-j20.md4.5.5,1770206198,Rel-19/24_series/24501-j20/graph_chunk_entity_relation.graphml,Rel-19,5GMM-IDLE mode,mobility
Faulty Handover Algorithm,5GMM-CONNECTED mode,5GMM-CONNECTED mode,Concept,"**5GMM-CONNECTED mode** is a state in 5G mobility management where the User Equipment (UE) is registered with the 5G Core Network (5GC) and maintains an active connection for data transfer and network services. This mode applies to both 3GPP and non-3GPP access types, enabling the UE to remain connected and responsive to network interactions. In this state, the UE actively communicates with the Access and Mobility Management Function (AMF), maintaining an active session and supporting mobility management procedures. The UE must delete the mapped 5G NAS security context upon completion of an inter-system change, ensuring security integrity during transitions. Access control is enforced for specific events (e.g., events 1 to 8 as defined in subclause 4.5.1), and access barring checks are performed by lower layers during access attempts when the UE is in RRC Inactive state. Furthermore, 5GMM-CONNECTED mode supports inter-system mobility, including transitions from S1 mode (E-UTRAN) to N1 mode (5G NR), ensuring continuity of service. The state is characterized by active network connectivity, registration, and support for real-time data exchange, making it essential for applications requiring low latency<SEP>5GMM-CONNECTED mode is a state of the UE where it is connected to the 5G core network and capable of handling NAS signaling and PDU session management. It is one of the conditions under which access control and checking are performed.",chunk-e859fb10619faf70104c8f8867850cfb<SEP>chunk-0f59e5c90c7e4a7e9ba4079c7596b271<SEP>chunk-dbdeb2c7a5be9a2ce2d242cb3eebd41f<SEP>chunk-c0ed2579ce2c6e2f9c9612135478c0e2<SEP>chunk-63ab7af6ba0c6867f02081029b11ae74<SEP>chunk-26e9895e73293cacd5527250af07e779<SEP>chunk-ba3366856f62aa455b0deeeeb8040614<SEP>chunk-a39cb003d5f34d7a7fd3f0978e0bcc9d<SEP>chunk-7c744ab7cb7f4a621fb03c0d0f38a052,../3GPP-trunked/Rel-19/24_series/24501-j20.md3.1<SEP>../3GPP-trunked/Rel-19/24_series/24501-j20.md4.4.2.1.1<SEP>../3GPP-trunked/Rel-19/24_series/24501-j20.md4.4.2.2<SEP>../3GPP-trunked/Rel-19/24_series/24501-j20.md4.4.2.4<SEP>../3GPP-trunked/Rel-19/24_series/24501-j20.md4.4.2.5<SEP>../3GPP-trunked/Rel-19/24_series/24501-j20.md4.5.1<SEP>../3GPP-trunked/Rel-19/24_series/24501-j20.md4.5.3<SEP>../3GPP-trunked/Rel-19/24_series/24501-j20.md4.5.4.2,1770206183,Rel-19/24_series/24501-j20/graph_chunk_entity_relation.graphml,Rel-19,5GMM-CONNECTED mode,mobility
Faulty Handover Algorithm,N1 NAS signalling connection,N1 NAS signalling connection,Concept,"An N1 NAS signalling connection is a peer-to-peer N1 mode connection between the User Equipment (UE) and the Access and Mobility Management Function (AMF). It is formed by the concatenation of an RRC connection via the Uu reference point and an NG connection via the N2 reference point for 3GPP access, or by the concatenation of an IPsec tunnel via the NWu reference point and an NG connection via the N2 reference point for non-3GPP access.",chunk-1e263c8eb41ee3da7eefccd71fba6432,../3GPP-trunked/Rel-19/24_series/24501-j20.md3.1,1770205998,Rel-19/24_series/24501-j20/graph_chunk_entity_relation.graphml,Rel-19,N1 NAS signalling connection,mobility
Faulty Handover Algorithm,non-access stratum (NAS) procedures,non-access stratum (NAS) procedures,Concept,"The non-access stratum (NAS) procedures in the 5G system (5GS) are specified in the present document and are used by protocols for mobility management between the user equipment (UE) and the access and mobility management function (AMF) for both 3GPP access and non-3GPP access, and for session management between the user equipment (UE) and the session management function (SMF) for both 3GPP access and non-3GPP access.",chunk-b65adc70baf48213629471a19485eccb,../3GPP-trunked/Rel-19/24_series/24501-j20.md1,1770205509,Rel-19/24_series/24501-j20/graph_chunk_entity_relation.graphml,Rel-19,non-access stratum (NAS) procedures,mobility
Faulty Handover Algorithm,5G system (5GS),5G system (5GS),Concept,"The 5G system (5GS) is a network architecture that supports mobility management and session management for user equipment (UE) using either 3GPP access or non-3GPP access, and includes components such as the access and mobility management function (AMF), session management function (SMF), and policy control function (PCF).",chunk-b65adc70baf48213629471a19485eccb,../3GPP-trunked/Rel-19/24_series/24501-j20.md1,1770205509,Rel-19/24_series/24501-j20/graph_chunk_entity_relation.graphml,Rel-19,5G system (5GS),mobility
Faulty Handover Algorithm,5GMM protocol,5GMM protocol,Technology,The 5GMM protocol is defined in the present document and provides procedures for the control of mobility when the user equipment (UE) is using the,chunk-b65adc70baf48213629471a19485eccb,../3GPP-trunked/Rel-19/24_series/24501-j20.md1,1770205509,Rel-19/24_series/24501-j20/graph_chunk_entity_relation.graphml,Rel-19,5GMM protocol,mobility
Faulty Handover Algorithm,NG radio access network (NG-RAN),NG radio access network (NG-RAN),Technology,"The NG radio access network (NG-RAN) is a component of the 5G system (5GS) that supports mobility management and session management for user equipment (UE) using 3GPP access, and is involved in inter-system mobility with E-UTRAN and non-3GPP access networks connected to the EPC or 5GCN.",chunk-b65adc70baf48213629471a19485eccb,../3GPP-trunked/Rel-19/24_series/24501-j20.md1,1770205509,Rel-19/24_series/24501-j20/graph_chunk_entity_relation.graphml,Rel-19,NG radio access network (NG-RAN),mobility
Faulty Handover Algorithm,S-NSSAI based congestion control,S-NSSAI based congestion control,Concept,Type of congestion control at session management level that is applied to reject session management requests from UEs or release PDU sessions when the associated S-NSSAI and optionally the associated DNN are congested. It can be activated at the SMF over session management level and also activated at the AMF over mobility management level.,chunk-d3985caebdfbdc7c3369d156e809eeb6,../3GPP-trunked/Rel-19/24_series/24501-j20.md3.1,1770205555,Rel-19/24_series/24501-j20/graph_chunk_entity_relation.graphml,Rel-19,S-NSSAI based congestion control,mobility
Faulty Handover Algorithm,non-access stratum,non-access stratum,Concept,"The non-access stratum (NAS) is the highest stratum of the control plane between the UE and the AMF over the N1 reference point, supporting both 3GPP and non-3GPP access. It provides functions including UE mobility support, session management, and NAS transport for various payloads such as SMS, LPP, SLPP, LCS, UPP-CMI container, UE policy container, SOR transparent container, and UE parameters update information.",chunk-d746b0dd6d255f5944650a06361cf36f,../3GPP-trunked/Rel-19/24_series/24501-j20.md4.1,1770205566,Rel-19/24_series/24501-j20/graph_chunk_entity_relation.graphml,Rel-19,non-access stratum,mobility
Faulty Handover Algorithm,mobility of the user equipment,mobility of the user equipment,Concept,"Mobility of the user equipment refers to the support of UE movement across network areas, including authentication, identification, generic UE configuration update, and security mode control procedures.",chunk-d746b0dd6d255f5944650a06361cf36f,../3GPP-trunked/Rel-19/24_series/24501-j20.md4.1,1770205566,Rel-19/24_series/24501-j20/graph_chunk_entity_relation.graphml,Rel-19,mobility of the user equipment,mobility
Faulty Handover Algorithm,5GMM common procedures,5GMM common procedures,Concept,5GMM common procedures are a set of standardized signalling procedures within the 5G Mobility Management (5GMM) framework that include the control of NAS security.,chunk-d746b0dd6d255f5944650a06361cf36f,../3GPP-trunked/Rel-19/24_series/24501-j20.md4.1,1770205566,Rel-19/24_series/24501-j20/graph_chunk_entity_relation.graphml,Rel-19,5GMM common procedures,mobility
Faulty Handover Algorithm,elementary procedures for 5GS mobility management,elementary procedures for 5GS mobility management,Concept,Elementary procedures for,chunk-d746b0dd6d255f5944650a06361cf36f,../3GPP-trunked/Rel-19/24_series/24501-j20.md4.1,1770205566,Rel-19/24_series/24501-j20/graph_chunk_entity_relation.graphml,Rel-19,elementary procedures for 5GS mobility management,mobility
Faulty Handover Algorithm,5GMM transport message,5GMM transport message,Concept,"A 5GMM transport message is a mobility management message in the 5GS used to carry 5GSM messages as piggybacked information elements. It enables the parallel execution of 5GMM and 5GSM procedures between the UE, AMF, and SMF.",chunk-ebb23b8d5a748a35123e536b1b520872,../3GPP-trunked/Rel-19/24_series/24501-j20.md4.2,1770205572,Rel-19/24_series/24501-j20/graph_chunk_entity_relation.graphml,Rel-19,5GMM transport message,mobility
Faulty Handover Algorithm,5G NAS security context,5G NAS security context,Concept,"The 5G NAS security context is a security state maintained by both the User Equipment (UE) and the Access and Mobility Management Function (AMF) to enable secure exchange of Non-Access Stratum (NAS) signaling messages in 5G networks. It encompasses critical security parameters, including integrity protection, ciphering, NAS COUNT values (both uplink and downlink), message authentication codes, selected NAS algorithms, and a key set identifier (ngKSI). The context is established during primary authentication and key agreement, security mode control procedures, N1-to-N1 handovers, or inter-system transitions from S1 mode to N1 mode. It supports both 3GPP and non-3GPP access within the same PLMN, maintaining separate NAS COUNT counters for each access type—resulting in two pairs of counters when both access types are used. The context may be native (independent of prior contexts) or mapped (derived from a previous context, e.g., during handover), and is activated upon successful registration with the same PLMN over either 3GPP or non-3GPP access. The current 5G NAS security context refers to the most recently established and active instance, while non-current contexts are retained temporarily to ensure continuity<SEP>A 5G NAS security context is a set of security parameters maintained by the AMF and UE to enable secure exchange of NAS messages. It is required for integrity protection and encryption of NAS signaling, and its absence triggers special handling rules for certain messages.",chunk-e859fb10619faf70104c8f8867850cfb<SEP>chunk-ec223676ecf152c40ae34db586e1d91b<SEP>chunk-976f107a496501dc6ebdc7b3437b39be<SEP>chunk-271beb7d1fe2c1b6d63a054506e7b878<SEP>chunk-7ddc7021e3bbd564e76be4d14fa69d8c<SEP>chunk-95c9d65358373078ace4933aae94b9f3<SEP>chunk-82b9ef174e9ae7d49b678ced2326c9fb<SEP>chunk-335a5e81ee52d4365dddefb35b30af5d<SEP>chunk-1bdc80f9e0e79539377212798dce1ac1<SEP>chunk-0031ba031d5089753ff47b861f398139<SEP>chunk-ba3366856f62aa455b0deeeeb8040614<SEP>chunk-021b79a7cc50c12d66933dc161261781<SEP>chunk-ba4d4e7481832a002ba5bfa188c4fa2d<SEP>chunk-1b7f566ef414e18b1d67b12d8cedbf12<SEP>chunk-daecd9cfa64de8bf371ec61f98e7f366,../3GPP-trunked/Rel-19/24_series/24501-j20.md4.4.2.1.1<SEP>../3GPP-trunked/Rel-19/24_series/24501-j20.md4.4.2.1.3<SEP>../3GPP-trunked/Rel-19/24_series/24501-j20.md4.4.2.1.2<SEP>../3GPP-trunked/Rel-19/24_series/24501-j20.md4.4.2.2<SEP>../3GPP-trunked/Rel-19/24_series/24501-j20.md4.4.2.3<SEP>../3GPP-trunked/Rel-19/24_series/24501-j20.md4.4.2.5<SEP>../3GPP-trunked/Rel-19/24_series/24501-j20.md4.4.2.6<SEP>../3GPP-trunked/Rel-19/24_series/24501-j20.md4.4.3.1<SEP>../3GPP-trunked/Rel-19/24_series/24501-j20.md4.4.3.2<SEP>../3GPP-trunked/Rel-19/24_series/24501-j20.md4.4.3.5<SEP>../3GPP-trunked/Rel-19/24_series/24501-j20.md4.4.4.1<SEP>../3GPP-trunked/Rel-19/24_series/24501-j20.md4.4.4.3,1770206049,Rel-19/24_series/24501-j20/graph_chunk_entity_relation.graphml,Rel-19,5G NAS security context,handover; mobility
Faulty Handover Algorithm,N1 mode to N1 mode handover,N1 mode to N1 mode handover,Concept,"N1 mode to N1 mode handover is a mobility procedure where the UE transitions between different AMFs within the 5G core network while maintaining N1 mode, during which a new 5G NAS security context may be created.<SEP>N1 mode to N1 mode handover is a procedure in which a UE transitions between two network nodes (AMFs) within the same N1 mode, during which a new 5G NAS security context may be derived and activated. This process involves the use of the Intra N1 mode NAS transparent container IE and is governed by 3GPP TS 33.501 [24].<SEP>N1 mode to N1 mode handover is a mobility procedure where the UE remains in N1 mode, and secure NAS message exchange is re-established between the target AMF and the UE by transmitting NAS security parameters encapsulated in AS signaling from the target AMF to the UE.",chunk-976f107a496501dc6ebdc7b3437b39be<SEP>chunk-82b9ef174e9ae7d49b678ced2326c9fb<SEP>chunk-021b79a7cc50c12d66933dc161261781,../3GPP-trunked/Rel-19/24_series/24501-j20.md4.4.2.1.1<SEP>../3GPP-trunked/Rel-19/24_series/24501-j20.md4.4.2.3<SEP>../3GPP-trunked/Rel-19/24_series/24501-j20.md4.4.2.5,1770205748,Rel-19/24_series/24501-j20/graph_chunk_entity_relation.graphml,Rel-19,N1 mode to N1 mode handover,handover; mobility
Faulty Handover Algorithm,5GMM-DEREGISTERED,5GMM-DEREGISTERED,Concept,"5GMM-DEREGISTERED is a state in the 5G Mobility Management state machine where the UE is deregistered from the network, and the native 5G NAS security context is marked as valid only when entering this state from any other state except 5G<SEP>5GMM-DEREGISTERED is a state in which the UE is not registered on the network. When the UE leaves this state for any other state except 5GMM-NULL, it triggers the invalidation of 5G NAS security contexts under specific conditions.<SEP>5GMM-DEREGISTERED is a state assigned to a UE by the network when the UE is marked as deregistered, based on additional criteria such as whether the UE is still performing periodic registration updates or responding to paging.",chunk-0031ba031d5089753ff47b861f398139<SEP>chunk-daecd9cfa64de8bf371ec61f98e7f366<SEP>chunk-85bf0b92f090fed64219c2d88627a829,../3GPP-trunked/Rel-19/24_series/24501-j20.md4.4.2.1.3<SEP>../3GPP-trunked/Rel-19/24_series/24501-j20.md4.4.2.1.2<SEP>../3GPP-trunked/Rel-19/24_series/24501-j20.md4.4.4.3,1770205998,Rel-19/24_series/24501-j20/graph_chunk_entity_relation.graphml,Rel-19,5GMM-DEREGISTERED,mobility
Faulty Handover Algorithm,5GMM-NULL,5GMM-NULL,Concept,"5GMM-NULL is a state in the 5G Mobility Management state machine representing the initial or null state where no registration has been performed, and the UE is not registered on any access network.<SEP>5GMM-NULL is a state that the UE may transition to from 5GMM-DEREGISTERED, but in which no invalidation of 5G NAS security contexts occurs.",chunk-0031ba031d5089753ff47b861f398139<SEP>chunk-daecd9cfa64de8bf371ec61f98e7f366,../3GPP-trunked/Rel-19/24_series/24501-j20.md4.4.2.1.3<SEP>../3GPP-trunked/Rel-19/24_series/24501-j20.md4.4.2.1.2,1770205745,Rel-19/24_series/24501-j20/graph_chunk_entity_relation.graphml,Rel-19,5GMM-NULL,mobility
Faulty Handover Algorithm,target AMF,target AMF,Technology,The target AMF is the Access and Mobility,chunk-976f107a496501dc6ebdc7b3437b39be,../3GPP-trunked/Rel-19/24_series/24501-j20.md4.4.2.3,1770205745,Rel-19/24_series/24501-j20/graph_chunk_entity_relation.graphml,Rel-19,target AMF,mobility
Faulty Handover Algorithm,Intra N1 mode NAS transparent container IE,Intra N1 mode NAS transparent container IE,Concept,"The Intra N1 mode NAS transparent container IE is a container included in the handover command sent during an N1 mode to N1 mode handover. It carries the 8 least significant bits of the downlink NAS COUNT, an indication of whether a new KAMF should be derived, the ngKSI, message authentication code, and selected NAS algorithms. It is used by the UE to derive a new 5G NAS security context and is defined in subclause 9.11.2.6 of 3GPP TS 33.501 [24].",chunk-976f107a496501dc6ebdc7b3437b39be,../3GPP-trunked/Rel-19/24_series/24501-j20.md4.4.2.3,1770205745,Rel-19/24_series/24501-j20/graph_chunk_entity_relation.graphml,Rel-19,Intra N1 mode NAS transparent container IE,handover
Faulty Handover Algorithm,AS signalling,AS signalling,Signal,AS signalling refers to the access stratum signaling used to transfer NAS security related parameters from the target AMF to the UE during an N1 mode to N1 mode handover. These parameters are used by the UE to create a new 5G NAS security context.,chunk-82b9ef174e9ae7d49b678ced2326c9fb,../3GPP-trunked/Rel-19/24_series/24501-j20.md4.4.2.5,1770205747,Rel-19/24_series/24501-j20/graph_chunk_entity_relation.graphml,Rel-19,AS signalling,handover
Faulty Handover Algorithm,NAS signall,NAS signall,Signal,"NAS signall refers to Non-Access Stratum signaling messages used for communication between the User Equipment and the core network, particularly for managing mobility and session control.",chunk-87c075f0cf0189cf4a39f81e2c8777f4,../3GPP-trunked/Rel-19/24_series/24501-j20.md4.4.4,1770205917,Rel-19/24_series/24501-j20/graph_chunk_entity_relation.graphml,Rel-19,NAS signall,mobility
Faulty Handover Algorithm,5GMM NAS messages,5GMM NAS messages,Concept,5GMM NAS messages are signaling messages in the 5G Mobility Management (5GMM) layer that require integrity protection once a valid 5G NAS security context is established and in use. Integrity protection is mandatory for both the UE and the network under specified conditions.,chunk-ba4d4e7481832a002ba5bfa188c4fa2d,../3GPP-trunked/Rel-19/24_series/24501-j20.md4.4.4.1,1770205923,Rel-19/24_series/24501-j20/graph_chunk_entity_relation.graphml,Rel-19,5GMM NAS messages,mobility
Faulty Handover Algorithm,NAS signalling messages,NAS signalling messages,Concept,"NAS signalling messages are signaling messages processed by the 5GMM entity in the UE or forwarded to the 5GSM entity, and are subject to integrity checking unless explicitly exempted under specific conditions.<SEP>NAS signalling messages are signaling messages used in the 5G core network for mobility and session management between the UE and the AMF. They include registration, authentication, deregistration, service request, and control plane service request messages, and are subject to integrity checking unless specific exceptions apply.",chunk-95c9d65358373078ace4933aae94b9f3<SEP>chunk-068f4cb9722e52d3574f59af8c9e7234,../3GPP-trunked/Rel-19/24_series/24501-j20.md4.4.4.2<SEP>../3GPP-trunked/Rel-19/24_series/24501-j20.md4.4.4.3,1770205999,Rel-19/24_series/24501-j20/graph_chunk_entity_relation.graphml,Rel-19,NAS signalling messages,mobility
Faulty Handover Algorithm,5GMM entity,5GMM entity,Technology,"The 5GMM entity is a component in the UE responsible for handling 5GMM (5G Mobility Management) procedures, including processing and integrity checking of NAS signalling messages.",chunk-068f4cb9722e52d3574f59af8c9e7234,../3GPP-trunked/Rel-19/24_series/24501-j20.md4.4.4.2,1770205930,Rel-19/24_series/24501-j20/graph_chunk_entity_relation.graphml,Rel-19,5GMM entity,mobility
Faulty Handover Algorithm,5GMM entity in the AMF,5GMM entity in the AMF,Technology,"The 5GMM entity in the AMF is a functional component responsible for handling 5GMM (5G Mobility Management) signaling, including processing and forwarding NAS messages, and enforcing integrity checks under specified conditions.",chunk-95c9d65358373078ace4933aae94b9f3,../3GPP-trunked/Rel-19/24_series/24501-j20.md4.4.4.3,1770205999,Rel-19/24_series/24501-j20/graph_chunk_entity_relation.graphml,Rel-19,5GMM entity in the AMF,mobility
Faulty Handover Algorithm,5GMM procedures,5GMM procedures,Concept,"5GMM (5G Mobility Management) procedures are mobility management processes initiated by NAS when detecting specific events, such as the need to",chunk-0f59e5c90c7e4a7e9ba4079c7596b271,../3GPP-trunked/Rel-19/24_series/24501-j20.md4.5.1,1770206002,Rel-19/24_series/24501-j20/graph_chunk_entity_relation.graphml,Rel-19,5GMM procedures,mobility
Faulty Handover Algorithm,Mobility manage,Mobility manage,Concept,"Mobility manage is a procedure or function related to mobility management, referenced in section 4.6.2.",chunk-16b99f2ac364fde951916508883f20b6,../3GPP-trunked/Rel-19/24_series/24501-j20.md4.6.2,1770206173,Rel-19/24_series/24501-j20/graph_chunk_entity_relation.graphml,Rel-19,Mobility manage,mobility
Faulty Handover Algorithm,EMM specific procedures,EMM specific procedures,Concept,"EMM specific procedures are part of the EPS Mobility Management protocol used to manage the UE's mobility and registration state, required for establishing a PDN connection in S1 mode.",chunk-11675c25ce64ce43b5d650023adc816e,../3GPP-trunked/Rel-19/24_series/24501-j20.md4.5.4.2,1770206183,Rel-19/24_series/24501-j20/graph_chunk_entity_relation.graphml,Rel-19,EMM specific procedures,mobility
Faulty Handover Algorithm,EMM procedures,EMM procedures,Concept,"EMM procedures are specific procedures performed by the UE to manage mobility and session management in the EPS network, including authentication, attachment, and tracking area updates, and are required to establish a PDN connection for IMS access.",chunk-ce65d5663f13e7e03ca89327a3f8e360,../3GPP-trunked/Rel-19/24_series/24501-j20.md4.5.5,1770206198,Rel-19/24_series/24501-j20/graph_chunk_entity_relation.graphml,Rel-19,EMM procedures,mobility
Faulty Handover Algorithm,5G Core Network,5G Core Network,Concept,"5G Core Network is the central part of the 5G system that manages session control, mobility management, and user data handling, interfacing with the 5G Access Network and external networks.",chunk-f04bcc775a1888d07b9cb86c1360d820,../3GPP-trunked/Rel-19/24_series/24502-j20.md3.1,1770205389,Rel-19/24_series/24502-j20/graph_chunk_entity_relation.graphml,Rel-19,5G Core Network,mobility
Faulty Handover Algorithm,non-seamless non-3GPP offload,non-seamless non-3GPP offload,Concept,non-seamless non-3GPP offload is a term defined in 3GPP TS 23.501 [15] and refers to a type of offload from 3GPP to non-3GPP access that does not support seamless handover between access types.,chunk-f416ead913e4b99233347cc837a2ba13,../3GPP-trunked/Rel-19/24_series/24526-j20.md3.1,1770205079,Rel-19/24_series/24526-j20/graph_chunk_entity_relation.graphml,Rel-19,non-seamless non-3GPP offload,handover
Faulty Handover Algorithm,Relay reselection and mobility support,Relay reselection and mobility support,Concept,"Relay reselection and mobility support is a feature defined in section 6.1.2.5 that handles mobility scenarios for 5G ProSe Remote UEs and Intermediate UE-to-Network Relays. It supports two types of mobility: (1) mobility of a single 5G ProSe Remote UE when it loses connection with its old relay and selects a new relay offering the same service identified by the same RSC, and (2) mobility of an Intermediate UE-to-Network Relay with multiple child relays and remote UEs. The process involves establishing a Layer-2 link with a new relay, updating the 5G ProSe UE-to-Network Relay via the Layer-2 Link Modification procedure, and switching the connection/routing context. If the Root Relay Info differs, the procedure in clause 6.1.2.4 is repeated, potentially causing IP address/prefix or RAN anchor point changes. It is preferable to connect to a new relay sharing the same Root Relay to maintain continuity.",chunk-c0ee4ed72d47407747e3897ac4211fb7,../3GPP-trunked/Rel-19/23_series/23700-03-j00.md6.1.2.5,1770208039,Rel-19/24_series/24554-j10/graph_chunk_entity_relation.graphml,Rel-19,Relay reselection and mobility support,mobility
Faulty Handover Algorithm,Eees_AppContextRelocation,Eees_AppContextRelocation,Concept,"Eees_AppContextRelocation is a service API under the Edge Enabler Server that supports two operations: Determine and Initiate, both using Request/Response semantics, and is consumed by EEC and EAS.<SEP>Eees_AppContextRelocation is a procedure defined in section 5.5 for relocating application context within a system. It is associated with the handling of application state information during mobility or service transitions.",chunk-fe0c2b5279b6374f7f4b98a5a4f4da41<SEP>chunk-818113e7286582b5b726ef1f23262e33,../3GPP-trunked/Rel-19/24_series/24558-j20.md5.1<SEP>../3GPP-trunked/Rel-19/24_series/24558-j20.md5.5,1770208615,Rel-19/24_series/24558-j20/graph_chunk_entity_relation.graphml,Rel-19,Eees_AppContextRelocation,mobility
Faulty Handover Algorithm,HTTP POST message,HTTP POST message,Signal,"HTTP POST message is a request method used by the EEC to send registration data to the EES. It is sent to the ""EEC Registrations"" collection resource to create a new resource representing the EEC. The message body includes EEC ID, optional UE identifier, AC Profile(s), proposed expiration time, EEC context ID, ACR scenario(s), and optionally UE mobility support requirement and UE type if EdgeApp_2 is supported.<SEP>HTTP POST message is a request method used by the EEC to send a subscription request to the EES on the ""ACR events subscriptions"" resource.",chunk-9c7c2bc15707e421248a6424e2b62189<SEP>chunk-74688fd1255395b0713292a4c892c190,../3GPP-trunked/Rel-19/24_series/24558-j20.md5.2.2.2.2<SEP>../3GPP-trunked/Rel-19/24_series/24558-j20.md5.4.2.2.2,1770208625,Rel-19/24_series/24558-j20/graph_chunk_entity_relation.graphml,Rel-19,HTTP POST message,mobility
Faulty Handover Algorithm,EEC registration request,EEC registration request,Concept,The EEC registration request is a message sent by the EEC to the EES containing UE mobility support requirement information and optionally UE type information. It triggers the EES to store relevant data in the EEC context and initiate appropriate actions based on the request contents.,chunk-a4879e62bd5579a04425f7c5fe055882,../3GPP-trunked/Rel-19/24_series/24558-j20.md5.2.2.2.2,1770208488,Rel-19/24_series/24558-j20/graph_chunk_entity_relation.graphml,Rel-19,EEC registration request,mobility
Faulty Handover Algorithm,UE mobility support requirement,UE mobility support requirement,Concept,"UE mobility support requirement is a parameter in the EEC registration request that indicates whether the UE requires mobility support. If set to true, the EES must subscribe to UE’s location or analytics information using 3GPP core network capabilities; if false, the EES may decide to fetch one-time location or subscribe to NEF or NWDAF based on ECSP policy and EAS requirements.",chunk-a4879e62bd5579a04425f7c5fe055882,../3GPP-trunked/Rel-19/24_series/24558-j20.md5.2.2.2.2,1770208488,Rel-19/24_series/24558-j20/graph_chunk_entity_relation.graphml,Rel-19,UE mobility support requirement,mobility
Faulty Handover Algorithm,EEC context,EEC context,Concept,"EEC context is a data structure maintained by the EES that stores information received from the EEC registration request, including UE mobility support requirement,",chunk-a4879e62bd5579a04425f7c5fe055882,../3GPP-trunked/Rel-19/24_series/24558-j20.md5.2.2.2.2,1770208488,Rel-19/24_series/24558-j20/graph_chunk_entity_relation.graphml,Rel-19,EEC context,mobility
Faulty Handover Algorithm,ECSP policy,ECSP policy,Concept,"ECSP policy is a set of rules or guidelines that govern the behavior of the EES when handling UE mobility support requirement information, particularly when the requirement is set to false, influencing decisions on location or analytics data acquisition.<SEP>ECSP policy is a set of rules defined by the Edge Computing Service Policy that governs EAS discovery, registration requirements, EAS selection, and instantiation decisions. It determines whether EEC registration is required before EAS discovery and influences EAS identification and selection.",chunk-1c5f429d3e2a070e659ba129f59d594c<SEP>chunk-a4879e62bd5579a04425f7c5fe055882,../3GPP-trunked/Rel-19/24_series/24558-j20.md5.2.2.2.2<SEP>../3GPP-trunked/Rel-19/24_series/24558-j20.md5.3.2.2.2,1770208548,Rel-19/24_series/24558-j20/graph_chunk_entity_relation.graphml,Rel-19,ECSP policy,mobility
Faulty Handover Algorithm,EAS requirements,EAS requirements,Concept,"EAS requirements are specifications or conditions that guide the EES in determining how to handle UE location or analytics information when the UE mobility support requirement is false, influencing whether to fetch one-time location or subscribe to NEF or NWDAF.",chunk-a4879e62bd5579a04425f7c5fe055882,../3GPP-trunked/Rel-19/24_series/24558-j20.md5.2.2.2.2,1770208488,Rel-19/24_series/24558-j20/graph_chunk_entity_relation.graphml,Rel-19,EAS requirements,mobility
Faulty Handover Algorithm,Minimization of Service Interruption Phase 2,Minimization of Service Interruption Phase 2,Concept,"Minimization of Service Interruption Phase 2 is a technical objective aimed at reducing or eliminating service disruptions during handover or network transitions, as part of the MINT_Ph2 initiative.",chunk-4928a94238ef8d8697d58021025862ad,../3GPP-trunked/Rel-19/24_series/24812-j00.md1,1770203858,Rel-19/24_series/24812-j00/graph_chunk_entity_relation.graphml,Rel-19,Minimization of Service Interruption Phase 2,handover
Faulty Handover Algorithm,MM-E,MM-E,Concept<SEP>UNKNOWN,"MM-E is a reference point between a MMES (Mobility Management Entity Server) and Metaverse VAL (Virtual Asset Layer) servers, used for communication and coordination in the context of mobility management and virtual asset handling.<SEP>MM-E is the reference point that connects Metaverse VAL servers to MMES for data exchange and coordination",chunk-8e9d21c90ea52469c5167fe08937584e,../3GPP-trunked/Rel-19/23_series/23700-21-j10.md6.1.3.3,1770202943<SEP>1770202947,Rel-19/26_series/26502-j00/graph_chunk_entity_relation.graphml,Rel-19,MM-E<SEP>MM-E)##,mobility
Faulty Handover Algorithm,Registration Procedure,Registration Procedure,Concept,"Registration Procedure is a process in which a UE indicates its presence to the network, typically during initial access or mobility. In the context of EE roaming, the UE signals support for EE roaming if the NAS layer approach is adopted, and the Beneficiary PLMN may initiate EE roaming based on this indication.",chunk-b7c2e84b92fb3a0bbbf519aef3725dbd,../3GPP-trunked/Rel-19/23_series/23700-66-j00.md6.35.3.1,1770202428,Rel-19/26_series/26506-j00/graph_chunk_entity_relation.graphml,Rel-19,Registration Procedure,mobility
Faulty Handover Algorithm,VAL server subscription procedure,VAL server subscription procedure,Concept,"The VAL server subscription procedure is a process defined for obtaining information about UEs with interest in spatial anchors. It extends the capabilities of SEAL LMS by incorporating spatial anchor awareness, allowing a VAL server to detect UEs that have discovered and are within range of or becoming out of range of spatial anchors of interest. The procedure involves a subscription request from a VAL server to the mobile metaverse enabler server (MMES), which includes the VAL server identifier, security credentials, notification endpoint, and detection filters such as spatial anchor identifiers, service identifiers, location areas, and spatial anchor range. The MMES authorizes the request, detects UE interest based on location and mobility data, and sends notifications to the VAL server when UEs enter or exit the spatial anchor range.",chunk-ad174f37347e8ef18249b3d2c22a5f37,../3GPP-trunked/Rel-19/23_series/23700-21-j10.md7.3.1.2,1770203203,Rel-19/26_series/26855-j00/graph_chunk_entity_relation.graphml,Rel-19,VAL server subscription procedure,mobility
Faulty Handover Algorithm,CHO,CHO,Concept,"CHO stands for Conditional Handover and is an abbreviation defined in the present document, taking precedence over any definition in TR 21.905 [1] or TS 23.501 [4].",chunk-3140952a8ee0fb3020520e526f4563f0,../3GPP-trunked/Rel-19/28_series/28552-j30.mdNone,1770237092,Rel-19/28_series/28552-j30/graph_chunk_entity_relation.graphml,Rel-19,CHO,handover
Faulty Handover Algorithm,HO,HO,Concept,"HO stands for Handover and is an abbreviation defined in the present document, taking precedence over any definition in TR 21.905 [1] or TS 23.501 [4].",chunk-3140952a8ee0fb3020520e526f4563f0,../3GPP-trunked/Rel-19/28_series/28552-j30.mdNone,1770237092,Rel-19/28_series/28552-j30/graph_chunk_entity_relation.graphml,Rel-19,HO,handover
Faulty Handover Algorithm,Conditional handover,Conditional handover,Concept,Conditional handover is a handover executed by the User Equipment (UE) as defined in the present document.,chunk-b6d2fff69ae9dd782e71769354d38713,../3GPP-trunked/Rel-19/28_series/28552-j30.mdNone,1770236515,Rel-19/28_series/28552-j30/graph_chunk_entity_relation.graphml,Rel-19,Conditional handover,handover
Faulty Handover Algorithm,Dual Active Protocol Stack,Dual Active Protocol Stack,Concept,Dual Active Protocol Stack is a handover procedure where the User Equipment (UE) connects to the target before releasing the connection to the source.,chunk-b6d2fff69ae9dd782e71769354d38713,../3GPP-trunked/Rel-19/28_series/28552-j30.mdNone,1770236516,Rel-19/28_series/28552-j30/graph_chunk_entity_relation.graphml,Rel-19,Dual Active Protocol Stack,handover; handover procedure
Faulty Handover Algorithm,Legacy handover,Legacy handover,Concept,"Legacy handover is a handover executed by the source gNB, in contrast to Conditional Handover.",chunk-b6d2fff69ae9dd782e71769354d38713,../3GPP-trunked/Rel-19/28_series/28552-j30.mdNone,1770236516,Rel-19/28_series/28552-j30/graph_chunk_entity_relation.graphml,Rel-19,Legacy handover,handover
Faulty Handover Algorithm,AMFMeanRegNbr,AMFMeanRegNbr,Concept,AMFMeanRegNbr is a Key Performance Indicator (KPI) that represents the mean number of subscribers registered to a network slice instance through the Access and Mobility Management Function (AMF). It is calculated by counting the number of registered subscribers in the AMF and is categorized as an Integer with a KPI type of MEAN.,chunk-5169e084cbfc871a8f69c3f5865d1736,../3GPP-trunked/Rel-19/28_series/28554-j30.md6.2.1,1770233788,Rel-19/28_series/28554-j30/graph_chunk_entity_relation.graphml,Rel-19,AMFMeanRegNbr,mobility
Faulty Handover Algorithm,End to end KPI concept,End to end KPI concept,Concept,"End to end KPI concept is a framework defined in the present document that encompasses various performance metrics for network evaluation. It includes categories such as Accessibility, Integrity, Utilization, Retainability, Mobility, Energy Efficiency, and Reliability, with some definitions referenced in external documents.",chunk-632033475cc1ee89383e5cc79aa74a31,../3GPP-trunked/Rel-19/28_series/28554-j30.md4,1770233809,Rel-19/28_series/28554-j30/graph_chunk_entity_relation.graphml,Rel-19,End to end KPI concept,mobility
Faulty Handover Algorithm,AMFMaxRegNbr,AMFMaxRegNbr,Concept,"AMFMaxRegNbr is a Key Performance Indicator (KPI) that represents the maximum number of subscribers registered to a network slice through the Access and Mobility Management Function (AMF). It is an integer value obtained by counting subscribers registered in the AMF to a specific network slice. The KPI type is CUM, indicating it is a cumulative metric.",chunk-86c8ce5e6c4aee267e0f25561c5b0ca2,../3GPP-trunked/Rel-19/28_series/28554-j30.md6.2.6,1770233858,Rel-19/28_series/28554-j30/graph_chunk_entity_relation.graphml,Rel-19,AMFMaxRegNbr,mobility
Faulty Handover Algorithm,Sequence of Activation/Deactivation,Sequence of Activation/Deactivation,Concept,"The sequence in which beams are activated or deactivated is critical in real-time scenarios. It affects load sharing among remaining beams and handover performance, with non-optimal sequences leading to call drops and throughput degradation.",chunk-684eee250ce02a7ae67a59686e20c895,../3GPP-trunked/Rel-19/28_series/28866-j00.md5.1.2.1,1770233358,Rel-19/28_series/28866-j00/graph_chunk_entity_relation.graphml,Rel-19,Sequence of Activation/Deactivation,handover
Faulty Handover Algorithm,Handover Performance,Handover Performance,Concept,Handover performance describes the quality of transitions between beams during user mobility,chunk-684eee250ce02a7ae67a59686e20c895,../3GPP-trunked/Rel-19/28_series/28866-j00.md5.1.2.1,1770233358,Rel-19/28_series/28866-j00/graph_chunk_entity_relation.graphml,Rel-19,Handover Performance,handover; mobility
Faulty Handover Algorithm,5GMM Cause,5GMM Cause,Concept,"5GMM Cause is a cause code defined in clause 9.11.3.2 of 3GPP TS 24.501, which specifies the reason for a 5GMM (5G Mobility Management) event or failure. It is used to determine the value encoded in the 5GMM-Cause AVP.",chunk-1d84ee5b6ff4dae589ce919a8b400d7e,../3GPP-trunked/Rel-19/29_series/29214-j00.md5.3.70,1770187516,Rel-19/29_series/29176-j10/graph_chunk_entity_relation.graphml,Rel-19,5GMM Cause,mobility
Faulty Handover Algorithm,AccessAndMobilitySubscriptionData,AccessAndMobilitySubscriptionData,Technology,AccessAndMobilitySubscriptionData is a resource that may be cacheable and requires ETag for conditional GET requests.,chunk-fa81b410df894e0dfe0b0964ec30b7ea,../3GPP-trunked/Rel-19/29_series/29504-j20.md6.1.2.2.4,1770192380,Rel-19/29_series/29213-j00/graph_chunk_entity_relation.graphml,Rel-19,AccessAndMobilitySubscriptionData,mobility
Faulty Handover Algorithm,Policy Control Function,Policy Control Function,Concept,"Policy Control Function (PCF) is the<SEP>The Policy Control Function (PCF) is a core network function in the 5G system responsible for managing and enforcing policy decisions. It provides the Npcf_EventExposure service to other network functions.<SEP>The Policy Control Function (PCF) is a functional element that provides policy control decision and flow-based charging control functionalities as defined in 3GPP TS 29.512 [9], access and mobility policy decisions for UE Service Area Restrictions and RAT/RFSP control as defined in 3GPP TS 29.507 [10], and UE Policy decisions for Access Network Discovery and Selection Policy and UE Route Selection Policy (URSP) as defined in 3GPP TS 29.525 [11]. It enables network control over service data flow detection, gating, QoS, and flow-based charging (excluding credit management) toward the SMF/UPF. The PCF offers these capabilities to NF service consumers such as the AF and NEF as defined in 3GPP TS 29.514 [12] and 3GPP TS 29.214 [13], and also provides access and mobility policy control to NF service consumers as defined in 3GPP TS 29.534 [23]. Additionally, the PCF supports the Policy Event Exposure Service",chunk-28a7f34cc5af4eb63681f71da49abd92<SEP>chunk-f1ed570a90c46a3b8d19ddd48785186a<SEP>chunk-529044f0fff0941782327c2c5f70dff8,../3GPP-trunked/Rel-19/29_series/29214-j00.md1<SEP>../3GPP-trunked/Rel-19/29_series/29523-j00.md4.1.2<SEP>../3GPP-trunked/Rel-19/29_series/29523-j00.md4.1.3.1,1770186621,Rel-19/29_series/29214-j00/graph_chunk_entity_relation.graphml,Rel-19,Policy Control Function,mobility
Faulty Handover Algorithm,CHEM,CHEM,Technology,"CHEM is Coverage and Handoff Enhancements using Multimedia error robustness feature, a technology designed to improve handover performance and coverage in multimedia services by leveraging error robustness mechanisms.",chunk-592cffc753c06dad470fae31a23c1386,../3GPP-trunked/Rel-19/29_series/29214-j00.md3.2,1770186593,Rel-19/29_series/29214-j00/graph_chunk_entity_relation.graphml,Rel-19,CHEM,handover
Faulty Handover Algorithm,Access and Mobility Policy Decision,Access and Mobility Policy Decision,Concept,Access and Mobility Policy Decision is a functionality provided by the PCF that controls UE Service Area Restrictions and RAT/RFSP (Radio Access Technology/Radio Frequency Selection Policy) as defined in 3GPP TS 29.507 [10].,chunk-28a7f34cc5af4eb63681f71da49abd92,../3GPP-trunked/Rel-19/29_series/29523-j00.md4.1.3.1,1770186621,Rel-19/29_series/29214-j00/graph_chunk_entity_relation.graphml,Rel-19,Access and Mobility Policy Decision,mobility
Faulty Handover Algorithm,PLMN identifier notification,PLMN identifier notification,Concept,"PLMN identifier notification is a type of event subscription that provides the PLMN Identifier or SNPN Identifier of the UE's current location. The SNPN Identifier includes both the PLMN Identifier and the NID. Mobility between non-equivalent SNPNs and between SNPN and PLMN is not supported, and only changes in equivalent SNPNs trigger reports when the UE is in SNPN access mode.",chunk-b1d47f1c092f35766a332d773fe7479b,../3GPP-trunked/Rel-19/29_series/29523-j00.md4.2.2.1,1770186699,Rel-19/29_series/29214-j00/graph_chunk_entity_relation.graphml,Rel-19,PLMN identifier notification,mobility
Faulty Handover Algorithm,IP flow mobility affected service data flows,IP flow mobility affected service data flows,Concept,"IP flow mobility affected service data flows are a subset of service data flows within an AF session that are impacted by IP flow mobility, as specified in 3GPP TS 29.212 [8]. These flows are included within the Flows AVP at the command level in the RAR command sent by the PCRF.",chunk-f30447eee98ec2121ee60bf9437d768c,../3GPP-trunked/Rel-19/29_series/29214-j00.md4.4.6.4,1770186725,Rel-19/29_series/29214-j00/graph_chunk_entity_relation.graphml,Rel-19,IP flow mobility affected service data flows,mobility
Faulty Handover Algorithm,IP flow mobility,IP flow mobility,UNKNOWN,3GPP TS 29.212 [8],chunk-f30447eee98ec2121ee60bf9437d768c,../3GPP-trunked/Rel-19/29_series/29214-j00.md4.4.6.4,1770186726,Rel-19/29_series/29214-j00/graph_chunk_entity_relation.graphml,Rel-19,IP flow mobility,mobility
Faulty Handover Algorithm,PS_TO_CS_HANDOVER,PS_TO_CS_HANDOVER,Concept,"PS_TO_CS_HANDOVER is a value of the Abort-Cause AVP with code 3, used when the PCRF initiates AF session termination due to",chunk-9c40279a3cd14bbd3ec3d4492050add8,../3GPP-trunked/Rel-19/29_series/29214-j00.md5.3.1,1770186967,Rel-19/29_series/29214-j00/graph_chunk_entity_relation.graphml,Rel-19,PS_TO_CS_HANDOVER,handover
Faulty Handover Algorithm,Abort-Cause AVP,Abort-Cause AVP,Concept,"Abort-Cause AVP is an AVP (Attribute-Value Pair) with code 500, of type Enumerated, used to indicate the cause of an abort session request (ASR) or a RAR (Redirect-Action-Response) signaling the release of a bearer. It is defined with specific values including BEARER_RELEASED, INSUFFICIENT_SERVER_RESOURCES, INSUFFICIENT_BEARER_RESOURCES, PS_TO_CS_HANDOVER, and SPONSORED_DATA_CONNECTIVITY_DISALLOWED.",chunk-9c40279a3cd14bbd3ec3d4492050add8,../3GPP-trunked/Rel-19/29_series/29214-j00.md5.3.1,1770186967,Rel-19/29_series/29214-j00/graph_chunk_entity_relation.graphml,Rel-19,Abort-Cause AVP,handover
Faulty Handover Algorithm,A2xCapability,A2xCapability,Concept,"A2xCapability is a data type defined in section 5.6.3.12 that indicates the A2X capabilities of a UE. It is applicable to A2X use cases.<SEP>A2xCapability is a data structure representing the A2X capabilities supported by the UE. It is used in inter-AMF mobility scenarios and feature renegotiation, and is included only when the ""A2X"" feature is supported.<SEP>A2xCapability is an enumeration that indicates the A2X capabilities supported by the UE for A2X communication. It complies with the provisions defined in Table 5.6.3.12-1 and includes values: EUTRA_PC5, NR_PC5, and UU.",chunk-9ed34b3dbc64f3b178d6787c29ec49d8<SEP>chunk-e74e0c34bb72716957b685f7a75be072<SEP>chunk-7654917f4f29a6e9bb6cc0fd29a34104,../3GPP-trunked/Rel-19/29_series/29525-j20.md5.6.1<SEP>../3GPP-trunked/Rel-19/29_series/29525-j20.md5.6.2.4<SEP>../3GPP-trunked/Rel-19/29_series/29525-j20.md5.6.3.12,1770190994,Rel-19/29_series/29244-j10/graph_chunk_entity_relation.graphml,Rel-19,A2xCapability,mobility
Faulty Handover Algorithm,Pc5Capability,Pc5Capability,Technology,"Pc5Capability is a data type defined in section 5.6.3.5 that indicates the specific PC5 RAT(s) supported by the UE for V2X communications and/or A2X communications over the PC5 reference point. It is applicable to V2X.<SEP>Pc5Capability is a data structure representing the PC5 capability for V2X communications supported by the UE. It is used in the context of inter-AMF mobility and feature renegotiation, and is only included when the ""V2X"" feature is supported.",chunk-9ed34b3dbc64f3b178d6787c29ec49d8<SEP>chunk-e74e0c34bb72716957b685f7a75be072,../3GPP-trunked/Rel-19/29_series/29525-j20.md5.6.1<SEP>../3GPP-trunked/Rel-19/29_series/29525-j20.md5.6.2.4,1770190861,Rel-19/29_series/29244-j10/graph_chunk_entity_relation.graphml,Rel-19,Pc5Capability,mobility
Faulty Handover Algorithm,pc5Capab,pc5Capab,Concept,"pc5Capab is a parameter indicating the PC5 capability for V2X communications supported by the UE. It must be provided when available at the NF service consumer and is included by the target AMF only in inter-AMF mobility scenarios and for the trigger ""FEAT_RENEG"". It requires the ""V2X"" feature to be supported.",chunk-9ed34b3dbc64f3b178d6787c29ec49d8,../3GPP-trunked/Rel-19/29_series/29525-j20.md5.6.2.4,1770190861,Rel-19/29_series/29244-j10/graph_chunk_entity_relation.graphml,Rel-19,pc5Capab,mobility
Faulty Handover Algorithm,LOC_CH,LOC_CH,Concept,LOC_CH is an enumeration value of RequestTrigger indicating a location change trigger where the tracking area of the UE has changed. This event is used to initiate policy control requests based on UE mobility across tracking areas.,chunk-e95b1785b2a61140524993109746a4e4,../3GPP-trunked/Rel-19/29_series/29525-j20.md5.6.3.3,1770190956,Rel-19/29_series/29244-j10/graph_chunk_entity_relation.graphml,Rel-19,LOC_CH,mobility
Faulty Handover Algorithm,roaming allowed or not allowed for the requested DNN(s) and S-NSSAI(s),roaming allowed or not allowed for the requested DNN(s) and S-NSSAI(s),Concept,roaming allowed or not allowed for the requested DNN(s) and S-NSSAI(s) is a policy control condition that determines whether roaming is permitted for specific Data Network Names (DNNs) and Single Network Slice Selection Assistance Information (S-NSSAI) values. This condition applies only in roaming scenarios when the Network Function (NF) service consumer is the Access and Mobility Management Function (AMF).,chunk-3c53bdbec1eb071a762ab4edb37aaf09,../3GPP-trunked/Rel-19/29_series/29525-j20.md5.6.3.3,1770190956,Rel-19/29_series/29244-j10/graph_chunk_entity_relation.graphml,Rel-19,roaming allowed or not allowed for the requested DNN(s) and S-NSSAI(s),mobility
Faulty Handover Algorithm,Access and Mobility Policy Control Service,Access and Mobility Policy Control Service,Concept,"Access and Mobility Policy Control Service is a service defined in the current document, responsible for managing access and mobility policies within a network. It is identified under section 4.)##<SEP>The Access and Mobility Policy Control Service (Npcf_AMPolicyControl) is a service provided by the Policy Control Function (PCF) through the Npcf service-based interface, responsible for managing access and mobility policies.<SEP>The Access and Mobility Policy Control Service is a service defined in 3GPP TS 23.502 [3] and 3GPP TS 23.503 [4], provided by the Policy Control Function (PCF). It delivers access control and mobility management related policies to the NF service consumer and supports policy creation during UE registration, notification of updated subscribed policies, and deletion of the policy context for a UE.",chunk-32751a1e4658ce46bd650400beec0751<SEP>chunk-468bbacec7311b521599e5c330e80399<SEP>chunk-304b635f7bcac2f4557b76f4768c1eac,../3GPP-trunked/Rel-19/29_series/29507-j20.md4<SEP>../3GPP-trunked/Rel-19/29_series/29507-j20.md4.1.2<SEP>../3GPP-trunked/Rel-19/29_series/29507-j20.md4.1.1,1770191056,Rel-19/29_series/29244-j10/graph_chunk_entity_relation.graphml,Rel-19,Access and Mobility Policy Control Service,mobility
Faulty Handover Algorithm,Access and Mobility Management function,Access and Mobility Management function,Technology<SEP>UNKNOWN,"The Access and Mobility Management function (AMF) is a network function that provides registration management, connection management, reachability management, and mobility management services.<SEP>AMF is the abbreviation for Access and Mobility Management function",chunk-428bf4d8e561ac2e234f5d5ea435881d,../3GPP-trunked/Rel-19/29_series/29507-j20.md4.1.3.2,1770191053,Rel-19/29_series/29244-j10/graph_chunk_entity_relation.graphml,Rel-19,Access and Mobility Management function<SEP>Access and Mobility Management function)##,mobility
Faulty Handover Algorithm,Registration management,Registration management,Concept,Registration management is a service provided by the Access and Mobility Management function (AMF) to handle user equipment registration in the network.,chunk-428bf4d8e561ac2e234f5d5ea435881d,../3GPP-trunked/Rel-19/29_series/29507-j20.md4.1.3.2,1770191053,Rel-19/29_series/29244-j10/graph_chunk_entity_relation.graphml,Rel-19,Registration management,mobility
Faulty Handover Algorithm,Connection management,Connection management,Concept,"Connection management is a service provided by the Access and Mobility Management function (AMF) to manage the establishment, maintenance, and release of connections between user equipment and the network.",chunk-428bf4d8e561ac2e234f5d5ea435881d,../3GPP-trunked/Rel-19/29_series/29507-j20.md4.1.3.2,1770191053,Rel-19/29_series/29244-j10/graph_chunk_entity_relation.graphml,Rel-19,Connection management,mobility
Faulty Handover Algorithm,Reachability management,Reachability management,Concept,"Reachability management is a service provided by the Access and Mobility Management function (AMF) to ensure that user equipment can be reached when needed, such as for incoming calls or messages.",chunk-428bf4d8e561ac2e234f5d5ea435881d,../3GPP-trunked/Rel-19/29_series/29507-j20.md4.1.3.2,1770191053,Rel-19/29_series/29244-j10/graph_chunk_entity_relation.graphml,Rel-19,Reachability management,mobility
Faulty Handover Algorithm,Mobility Management,Mobility Management,Concept,"Mobility Management is a service provided by the Access and Mobility Management function (AMF) to manage the movement of user equipment across network areas, ensuring continuous connectivity.",chunk-428bf4d8e561ac2e234f5d5ea435881d,../3GPP-trunked/Rel-19/29_series/29507-j20.md4.1.3.2,1770191053,Rel-19/29_series/29244-j10/graph_chunk_entity_relation.graphml,Rel-19,Mobility Management,mobility
Faulty Handover Algorithm,Npcf service-based interface,Npcf service-based interface,Technology,The Npcf service-based interface is the interface exposed by the Policy Control Function (PCF) to provide services such as Access and Mobility Policy Control Service (Npcf_AMPolicyControl) to other network functions.,chunk-32751a1e4658ce46bd650400beec0751,../3GPP-trunked/Rel-19/29_series/29507-j20.md4.1.2,1770191054,Rel-19/29_series/29244-j10/graph_chunk_entity_relation.graphml,Rel-19,Npcf service-based interface,mobility
Faulty Handover Algorithm,N15 Reference Point,N15 Reference Point,Technology,"The N15 Reference Point is the interface used by the Access and Mobility Management Function (AMF) to access the Access and Mobility Policy Control Service at the Policy Control Function (PCF), particularly in roaming scenarios where it connects the V-PCF in the visited network to the AMF.",chunk-32751a1e4658ce46bd650400beec0751,../3GPP-trunked/Rel-19/29_series/29507-j20.md4.1.2,1770191054,Rel-19/29_series/29244-j10/graph_chunk_entity_relation.graphml,Rel-19,N15 Reference Point,mobility
Faulty Handover Algorithm,policy creation,policy creation,Concept,Policy creation is a functionality of the Access and Mobility Policy Control Service that is triggered by a request from the NF service consumer during UE registration.,chunk-468bbacec7311b521599e5c330e80399,../3GPP-trunked/Rel-19/29_series/29507-j20.md4.1.1,1770191056,Rel-19/29_series/29244-j10/graph_chunk_entity_relation.graphml,Rel-19,policy creation,mobility
Faulty Handover Algorithm,notification of updated policies,notification of updated policies,Concept,Notification of updated policies is a functionality of the Access and Mobility Policy Control Service that informs the NF service consumer about policy updates to which it is subscribed.,chunk-468bbacec7311b521599e5c330e80399,../3GPP-trunked/Rel-19/29_series/29507-j20.md4.1.1,1770191056,Rel-19/29_series/29244-j10/graph_chunk_entity_relation.graphml,Rel-19,notification of updated policies,mobility
Faulty Handover Algorithm,deletion of the policy context for a UE,deletion of the policy context for a UE,Concept,Deletion of the policy context for a UE is a functionality of the Access and Mobility Policy Control Service that removes the stored policy context associated with a specific user equipment (UE).,chunk-468bbacec7311b521599e5c330e80399,../3GPP-trunked/Rel-19/29_series/29507-j20.md4.1.1,1770191056,Rel-19/29_series/29244-j10/graph_chunk_entity_relation.graphml,Rel-19,deletion of the policy context for a UE,mobility
Faulty Handover Algorithm,EventNotify for a single UE,EventNotify for a single UE,Concept,"EventNotify for a single UE is a procedure supported by the EventNotify service operation, where notifications are sent to one individual user equipment device.<SEP>EventNotify for a single UE is a service operation used during specific location procedures including Deferred 5GC-MT-LR for periodic, triggered, and UE available location events, Unified Location Service Exposure Procedure without routing by a UDM, and SL-MT-LR procedures for periodic and triggered location events. It enables the consumer NF (e.g., (H)GMLC, NEF, NWDAF) to receive notifications about geodetic and optionally local or civic location, completion or activation of deferred location, mobility of a target UE to a new AMF/MME, active state of location reporting over user plane, or statistics on location reporting over user plane when certain events are detected.",chunk-98f950dbce618918a1cf843a60af0b6e<SEP>chunk-f0d8861b91c2ae52e4dc7cfbe4aaf81e,../3GPP-trunked/Rel-19/29_series/29515-j20.md5.2.2.5.1<SEP>../3GPP-trunked/Rel-19/29_series/29515-j20.md5.2.2.5.2,1770188026,Rel-19/29_series/29255-j10/graph_chunk_entity_relation.graphml,Rel-19,EventNotify for a single UE,mobility
Faulty Handover Algorithm,Mobility Management Entity,Mobility Management Entity,Technology,Mobility Management Entity (MME) is a core network component in the Evolved Packet System responsible for managing mobility and session management for user equipment. It interacts with the Home Subscriber Server (HSS) and CSG Subscriber Server (CSS) via Diameter-based interfaces.,chunk-d3822f8fe35a0d6dab4c5a6136dd02e1,../3GPP-trunked/Rel-19/29_series/29272-j10.md1,1770158553,Rel-19/29_series/29272-j10/graph_chunk_entity_relation.graphml,Rel-19,Mobility Management Entity,mobility
Faulty Handover Algorithm,Serving GPRS Support Node,Serving GPRS Support Node,Technology,"Serving GPRS Support Node (SGSN) is a core network component in the GPRS network that manages packet data sessions and mobility for user equipment. It supports the S4 interface and may also support Gn and Gp interfaces, depending on the SGSN type.",chunk-d3822f8fe35a0d6dab4c5a6136dd02e1,../3GPP-trunked/Rel-19/29_series/29272-j10.md1,1770158554,Rel-19/29_series/29272-j10/graph_chunk_entity_relation.graphml,Rel-19,Serving GPRS Support Node,mobility
Faulty Handover Algorithm,MME-HSS,MME-HSS,Application,"MME-HSS is a Diameter-based interface used for communication between the Mobility Management Entity (MME) and the Home Subscriber Server (HSS), supporting the S6a reference point for authentication, subscription data retrieval, and mobility management.",chunk-d3822f8fe35a0d6dab4c5a6136dd02e1,../3GPP-trunked/Rel-19/29_series/29272-j10.md1,1770158554,Rel-19/29_series/29272-j10/graph_chunk_entity_relation.graphml,Rel-19,MME-HSS,mobility
Faulty Handover Algorithm,MME-CSS,MME-CSS,Application,"MME-CSS is a Diameter-based interface used for communication between the Mobility Management Entity (MME) and the CSG Subscriber Server (CSS), supporting the S7a reference point for handling Closed Subscriber Group (CSG) subscription data and access control.",chunk-d3822f8fe35a0d6dab4c5a6136dd02e1,../3GPP-trunked/Rel-19/29_series/29272-j10.md1,1770158555,Rel-19/29_series/29272-j10/graph_chunk_entity_relation.graphml,Rel-19,MME-CSS,mobility
Faulty Handover Algorithm,SGSN-HSS,SGSN-HSS,Application,"SGSN-HSS is a Diameter-based interface used for communication between the Serving GPRS Support Node (SGSN) and the Home Subscriber Server (HSS), supporting the S6d reference point for GPRS subscription data retrieval and mobility management.",chunk-d3822f8fe35a0d6dab4c5a6136dd02e1,../3GPP-trunked/Rel-19/29_series/29272-j10.md1,1770158555,Rel-19/29_series/29272-j10/graph_chunk_entity_relation.graphml,Rel-19,SGSN-HSS,mobility
Faulty Handover Algorithm,5G-SRVCC,5G-SRVCC,Concept,5G-SRVCC is a service that enables seamless handover from,chunk-f5048b52c23f6394afa47d63b726aecd,../3GPP-trunked/Rel-19/29_series/29328-j00.md6.1.1.1,1770186376,Rel-19/29_series/29328-j00/graph_chunk_entity_relation.graphml,Rel-19,5G-SRVCC,handover
Faulty Handover Algorithm,N26 interface,N26 interface,Technology,N26 interface is a standardized interface used between the MME and the SMF to support seamless mobility and data forwarding during EPS to 5GS idle mode transitions.<SEP>N26 interface is a standardized interface used for interworking between EPC (EPS) and 5GC (5GS) to support seamless mobility and data forwarding during handover.,chunk-e7384be5d0d4d9095ea56b05c939b692<SEP>chunk-e158a55fe4f8518fa11959d4fc32d67b,../3GPP-trunked/Rel-19/29_series/29502-j20.md5.2.2.2.2,1770155497,Rel-19/29_series/29502-j20/graph_chunk_entity_relation.graphml,Rel-19,N26 interface,handover; mobility
Faulty Handover Algorithm,EPS to 5GS Idle mode mobility,EPS to 5GS Idle mode mobility,Concept,"EPS to 5GS Idle mode mobility is a procedure enabling a UE to transition from EPS to 5GS in idle mode, including scenarios with data forwarding or handover using the N26 interface, defined in clauses 4.11.1, 4.23.12.3, 4.23.12.5, and 4.23.12.7 of 3GPP TS 23.502 [3].",chunk-8c271a8a9069cfb4685bb09a12ac678a,../3GPP-trunked/Rel-19/29_series/29502-j20.md5.2.2.2.1,1770155500,Rel-19/29_series/29502-j20/graph_chunk_entity_relation.graphml,Rel-19,EPS to 5GS Idle mode mobility,handover; mobility
Faulty Handover Algorithm,Get service operation,Get service operation,Concept,"The Get service operation is a procedure used to retrieve various types of subscription and context data from network functions. It supports multiple data retrieval operations including Slice Selection, Access and Mobility, SMF Selection, Session Management, SMS, UE Context, Trace, LCS Privacy, Group Identifier Translation, Enhanced Coverage Restriction, V2X, ProSe, 5MBS, User Consent, Time Synchronization, Ranging and Sidelink Positioning, A2X, and related data sets.",chunk-39db5e27c7d154097d4c92d610fe4d92,../3GPP-trunked/Rel-19/29_series/29503-j20.md5.2.2.2.1,1770155844,Rel-19/29_series/29503-j20/graph_chunk_entity_relation.graphml,Rel-19,Get service operation,mobility
Faulty Handover Algorithm,Access and Mobility Subscription Data Retrieval,Access and Mobility Subscription Data Retrieval,Concept,"Access and Mobility Subscription Data Retrieval is a procedure using the Get service operation to retrieve subscription data related to access and mobility management for a UE.<SEP>Access and Mobility Subscription Data Retrieval is a service operation where the NF service consumer (e.g. AMF) requests the UE's Access and Mobility Subscription Data from the UDM. The request includes the UE's identity ({/supi}), the type of requested information (/am-data), and query parameters such as supported-features, plmn-id, and shared-data-ids. The response may include the data in a 200 OK message, or error codes like 404 Not Found if no valid subscription data exists. In cases of Indirect Network Sharing, the PLMN ID is set to the selected PLMN ID. The UDM may also include a list of shared AccessAndMobilitySubscriptionData not available at the consumer if not specified in the query. The UDM may initiate a timer to wait for SoR information from SOR-AF and respond before expiration, following behavior in clause C.2 of 3GPP TS 23.122 [20]. If UDM supports SOR-CMCI, it indicates this in the response and updates AuthenticationSoR via Nudr_DataRepository service, based on usim",chunk-ac79bde835fc6edc9527f22d55c83e5b<SEP>chunk-39db5e27c7d154097d4c92d610fe4d92,../3GPP-trunked/Rel-19/29_series/29503-j20.md5.2.2.2.1<SEP>../3GPP-trunked/Rel-19/29_series/29503-j20.md5.2.2.2.3,1770156088,Rel-19/29_series/29503-j20/graph_chunk_entity_relation.graphml,Rel-19,Access and Mobility Subscription Data Retrieval,mobility
Faulty Handover Algorithm,AccessAndMobilitySubscript,AccessAndMobilitySubscript,Concept,"AccessAndMobilitySubscript is a resource defined in section 5.2.3, related to access and mobility management in the context of subscription data.)##",chunk-2a9793dcc32592a1954c2b977987c2dd,../3GPP-trunked/Rel-19/29_series/29505-j20.md5.2.3,1770155870,Rel-19/29_series/29505-j20/graph_chunk_entity_relation.graphml,Rel-19,AccessAndMobilitySubscript,mobility
Faulty Handover Algorithm,new AMF,new AMF,Technology,The new AMF is the entity that assumes the role of the Access and Mobility Management Function after relocation and is responsible for initiating the policy association update with the (V-)PCF.,chunk-bbc331a4c9488f2cb5ba41d37547226b,../3GPP-trunked/Rel-19/29_series/29525-j20.md4.2.3.4,1770190342,Rel-19/29_series/29507-j20/graph_chunk_entity_relation.graphml,Rel-19,new AMF,mobility
Faulty Handover Algorithm,old AMF,old AMF,Technology,The old AMF is the previous Access and Mobility Management Function that transfers the resource URI of,chunk-bbc331a4c9488f2cb5ba41d37547226b,../3GPP-trunked/Rel-19/29_series/29525-j20.md4.2.3.4,1770190342,Rel-19/29_series/29507-j20/graph_chunk_entity_relation.graphml,Rel-19,old AMF,mobility
Faulty Handover Algorithm,UE context,UE context,Concept,"UE context is a data structure that contains information about a User Equipment (UE) during mobility and session management. It includes event subscriptions, SNPN Onboarding indication, AM policy association, UE policy association, UE policy container, and Network Slice Deregistration Inactivity Timer information. The UE context is transferred between AMFs during mobility procedures and must be updated based on the target AMF's capabilities and policies.",chunk-b9b6813da9caa3bf7ecb6eaaf4e74a55,../3GPP-trunked/Rel-19/29_series/29518-j20.md5.2.2.2.1.1,1770158872,Rel-19/29_series/29518-j20/graph_chunk_entity_relation.graphml,Rel-19,UE context,mobility
Faulty Handover Algorithm,source AMF,source AMF,Technology,source AMF is the Access and Mobility Management Function that sends the UE context during mobility procedures. It transfers supported P,chunk-b9b6813da9caa3bf7ecb6eaaf4e74a55,../3GPP-trunked/Rel-19/29_series/29518-j20.md5.2.2.2.1.1,1770158873,Rel-19/29_series/29518-j20/graph_chunk_entity_relation.graphml,Rel-19,source AMF,mobility
Faulty Handover Algorithm,AccessAndMobilityPolicyData,AccessAndMobilityPolicyData,Resource,"AccessAndMobilityPolicyData is a resource defined in section 5.2.3, used for managing access and mobility policies in a network context.)##<SEP>AccessAndMobilityPolicyData is a resource that retrieves access and mobility policy data for a subscriber, accessible via GET, and can be modified via PATCH if the ""AccessAndMobilityPolicyDataModify"" feature is supported.",chunk-401b4ba4cf2847318583534cb6403e5d<SEP>chunk-027a026c9e4cd4b22880004ffe7760b2,../3GPP-trunked/Rel-19/29_series/29519-j20.md5.2.3<SEP>../3GPP-trunked/Rel-19/29_series/29519-j20.md5.2.2,1770161704,Rel-19/29_series/29519-j20/graph_chunk_entity_relation.graphml,Rel-19,AccessAndMobilityPolicyData,mobility
Faulty Handover Algorithm,PolicyDataForIndividualUe,PolicyDataForIndividualUe,Resource,"PolicyDataForIndividualUe is a resource that retrieves multiple policy data sets-access and mobility policy data, UE policy set data, session management policy data, usage monitoring data, and operator specific policy data-for a specific subscriber identified by ueId.",chunk-401b4ba4cf2847318583534cb6403e5d,../3GPP-trunked/Rel-19/29_series/29519-j20.md5.2.2,1770161704,Rel-19/29_series/29519-j20/graph_chunk_entity_relation.graphml,Rel-19,PolicyDataForIndividualUe,mobility
Faulty Handover Algorithm,"Operation, Administration, and Maintenance","Operation, Administration, and Maintenance",Technology,"Operation, Administration, and Maintenance (OAM) is a technology that supports receiving slice load level information, observed service experience, NF load information, network performance information, UE mobility information, UE communication information, expected UE behaviour information (including UE mobility and/or UE communication), abnormal UE behaviour information, and signalling storm information from the NWDAF.",chunk-c8a76c0a996b22231c0ea1e5bce72885,../3GPP-trunked/Rel-19/29_series/29520-j21.md4.2.1.3.2,1770153825,Rel-19/29_series/29520-j21/graph_chunk_entity_relation.graphml,Rel-19,"Operation, Administration, and Maintenance",mobility
Faulty Handover Algorithm,AM Policy Authorization,AM Policy Authorization,Concept,AM Policy Authorization is a procedure defined in section 4.4.26 that involves the authorization of access and mobility policies. It is part of a larger set of procedures related to policy control and management in a network environment.,chunk-bd3134356f5db357d3fdf5ef122e7a0c,../3GPP-trunked/Rel-19/29_series/29522-j20_0_cover.md4.4.26,1770154208,Rel-19/29_series/29522-j20_0_cover/graph_chunk_entity_relation.graphml,Rel-19,AM Policy Authorization,mobility
Faulty Handover Algorithm,Procedures for AF triggered Access and Mobility Influence,Procedures for AF triggered Access and Mobility Influence,Concept<SEP>UNKNOWN,Procedures for AF triggered Access and Mobility Influence is a set of procedures defined in section 4.4.27 that govern the interaction between the Application Function (AF) and the network to influence access and mobility decisions. These procedures are associated with the handling of access and mobility control based on AF triggers.<SEP>The Procedures for AF triggered Access and Mobility Influence are initiated by the Application Function (AF) to influence access and mobility decisions,chunk-3c393f57cfe768bbce0b4ed457c33345,../3GPP-trunked/Rel-19/29_series/29522-j20_0_cover.md4.4.27,1770154226<SEP>1770154227,Rel-19/29_series/29522-j20_0_cover/graph_chunk_entity_relation.graphml,Rel-19,Procedures for AF triggered Access and Mobility Influence<SEP>Procedures for AF triggered Access and Mobility Influence)##,mobility
Faulty Handover Algorithm,Nnef_MSEventExposure,Nnef_MSEventExposure,Service,"Nnef_MSEventExposure is a service provided by the NEF Northbound interface, used for exposing mobility session events. It maps to the Nnef_EventExposure service and is applicable when the event consumer AF is deployed outside the trusted domain, as described in 3GPP TS 26.531 [59], and the subscribed event is one of ""MS_QOE_METRICS"", ""MS_CONSUMPTION"", ""MS_NET_ASSIST_INVOCATION"", ""MS_DYN_POLICY_INVOCATION"", or ""MS_ACCESS_ACTIVITY"".",chunk-560b66bbd4aed9722166ad92e454bb21,../3GPP-trunked/Rel-19/29_series/29522-j20_1_Main-Body_s00_s07.md4.1,1770157165,Rel-19/29_series/29522-j20_1_Main-Body_s00_s07/graph_chunk_entity_relation.graphml,Rel-19,Nnef_MSEventExposure,mobility
Faulty Handover Algorithm,Npcf_UEPolicyControl_Update,Npcf_UEPolicyControl_Update,Concept,"Npcf_UEPolicyControl_Update is a service operation that updates a UE Policy Association and provides corresponding policies to the NF service consumer when policy control request triggers are met or when the AMF is relocated due to UE mobility and the old PCF is selected. It is initiated by an NF service consumer, such as AMF or V-PCF in a roaming case.",chunk-7d3797cbc11ef253614ec44776afbfde,../3GPP-trunked/Rel-19/29_series/29525-j20.md4.2.1,1770189974,Rel-19/29_series/29525-j20/graph_chunk_entity_relation.graphml,Rel-19,Npcf_UEPolicyControl_Update,mobility
Faulty Handover Algorithm,Initial Registration,Initial Registration,Concept,"Initial Registration is a procedure performed by the UE when first connecting to the network, which triggers the provisioning of UE policy sections and the transmission of the ""UE STATE INDICATION"" message during 5GS registration after mobility from EPS.",chunk-2fe90111b54b2a04bd9c172b3c1cc761,../3GPP-trunked/Rel-19/29_series/29525-j20.md4.2.2.2.1.1,1770190064,Rel-19/29_series/29525-j20/graph_chunk_entity_relation.graphml,Rel-19,Initial Registration,mobility
Faulty Handover Algorithm,5GS Registration,5GS Registration,Concept,"5GS Registration is the process by which a UE registers with the 5G System, occurring during mobility from EPS to 5",chunk-2fe90111b54b2a04bd9c172b3c1cc761,../3GPP-trunked/Rel-19/29_series/29525-j20.md4.2.2.2.1.1,1770190064,Rel-19/29_series/29525-j20/graph_chunk_entity_relation.graphml,Rel-19,5GS Registration,mobility
Faulty Handover Algorithm,5GS to EPS mobility with N26,5GS to EPS mobility with N26,Concept,"5GS to EPS mobility with N26 is a scenario where a UE transitions from 5G System (5GS) to Evolved Packet System (EPS) using the N26 interface, and is determined by the ""5gsToEpsMob"" attribute in the PCF. The PCF recovers UE Policy Association data from the AMF, including UE Policy Sections, URSP enforcement indication, OSId(s), and subscribed Policy Control Triggers, to manage policy continuity during the handover.",chunk-6c0ab58520b198734fb060822de4cafd,../3GPP-trunked/Rel-19/29_series/29525-j20.md4.2.2.2.1.1,1770190064,Rel-19/29_series/29525-j20/graph_chunk_entity_relation.graphml,Rel-19,5GS to EPS mobility with N26,handover; mobility
Faulty Handover Algorithm,UE Policy Section,UE Policy Section,Concept,"UE Policy Section is a component of the UE Policy Association that includes UPSCs and related URSP sections provided by the home PLMN to the UE, and is used to manage policy enforcement during 5GS to EPS mobility.",chunk-6c0ab58520b198734fb060822de4cafd,../3GPP-trunked/Rel-19/29_series/29525-j20.md4.2.2.2.1.1,1770190064,Rel-19/29_series/29525-j20/graph_chunk_entity_relation.graphml,Rel-19,UE Policy Section,mobility
Faulty Handover Algorithm,MOBILITY_AND_COMMUN,MOBILITY_AND_COMMUN,Terminology,,chunk-a722cbadbe0e36d207b333dfa36eecce,../3GPP-trunked/Rel-19/29_series/29552-j20.md5.7.9,1770189067,Rel-19/29_series/29526-j00/graph_chunk_entity_relation.graphml,Rel-19,MOBILITY_AND_COMMUN,mobility
Faulty Handover Algorithm,Npcf_AMPolicyControl_Create/Update,Npcf_AMPolicyControl_Create/Update,Technology,"Npcf_AMPolicyControl_Create/Update is a service operation used by AMF to create or update an Access and Mobility Policy Association for a UE, and may include IDs of NWDAFs containing AnLF and their associated Analytic IDs.",chunk-21fcd191d78ceaac4280443f6edb1ad4,../3GPP-trunked/Rel-19/29_series/29552-j20.md5.8.4,1770189253,Rel-19/29_series/29526-j00/graph_chunk_entity_relation.graphml,Rel-19,Npcf_AMPolicyControl_Create/Update,mobility
Faulty Handover Algorithm,5.2.2.4)##,5.2.2.4,UNKNOWN<SEP>Terminology,"Revocation Notif involves the AMF in the process of managing access and mobility, specifically for revoking permissions or credentials",chunk-f56c6763443ff2ca5facd92bcfacc50a<SEP>chunk-cdb777c4d7b64103b6f86490de3f4647,../3GPP-trunked/Rel-19/29_series/29526-j00.md5.2.2.4<SEP>../3GPP-trunked/Rel-19/29_series/29504-j20.md5.2.2.4,1770189406<SEP>1770191966,Rel-19/29_series/29526-j00/graph_chunk_entity_relation.graphml<SEP>Rel-19/29_series/29541-j00/graph_chunk_entity_relation.graphml,Rel-19,5.2.2.4)##<SEP>5.2.2.4,mobility
Faulty Handover Algorithm,Nnssaaf_AIW,Nnssaaf_AIW,Concept,"Nnssaaf_AIW is a defined entity in the context of the document, referenced under section 5.3. It is associated with the AMF (Access and Mobility Management Function) and appears to be related to an interface or service within the 5G core network architecture.<SEP>Nnssaaf_AIW is a service entity that supports various service operations as outlined in Table 5.3.1-1.",chunk-b209fe8893ac2622d54442ab3cc5dffa<SEP>chunk-ecdfbac30f7e9a4de42058eb666ab190,../3GPP-trunked/Rel-19/29_series/29526-j00.md5.3<SEP>../3GPP-trunked/Rel-19/29_series/29526-j00.md5.3.2.1,1770189429,Rel-19/29_series/29526-j00/graph_chunk_entity_relation.graphml,Rel-19,Nnssaaf_AIW,mobility
Faulty Handover Algorithm,AMF relocation scenarios,AMF relocation scenarios,Concept,"AMF relocation scenarios refer to situations where the Access and Mobility Management Function (AMF) is being relocated, and during such scenarios, alternate or backup IP addresses and FQDNs may be provided for notification delivery.",chunk-12beb8edc4647db0f270be9a61933ed9,../3GPP-trunked/Rel-19/29_series/29525-j20.md4.2.3.1,1770190314,Rel-19/29_series/29535-j20/graph_chunk_entity_relation.graphml,Rel-19,AMF relocation scenarios,mobility
Faulty Handover Algorithm,relocation,relocation,Concept,"relocation is a process or procedure that involves the movement or transfer of a user equipment or session from one network entity to another, typically in the context of mobility management within a telecommunications network.)##",chunk-48b915f7428774fbbf609b95ee8bda24,../3GPP-trunked/Rel-19/29_series/29525-j20.md4.2.3.2,1770190320,Rel-19/29_series/29535-j20/graph_chunk_entity_relation.graphml,Rel-19,relocation,mobility
Faulty Handover Algorithm,5gsToEpsMob,5gsToEpsMob,Concept,"5gsToEpsMob is a boolean attribute that, when set to true, indicates the creation of a UE Policy Association is triggered by a 5GS to EPS mobility scenario. The default value is false.",chunk-4407d1f08efad43346bc4dd3887632d3,../3GPP-trunked/Rel-19/29_series/29525-j20.md5.6.2.3,1770190885,Rel-19/29_series/29551-j10/graph_chunk_entity_relation.graphml,Rel-19,5gsToEpsMob,mobility
Faulty Handover Algorithm,Analytics Subscription Transfer,Analytics Subscription Transfer,Concept,"Analytics Subscription Transfer is a procedure initiated by a source NWDAF instance to transfer analytics subscriptions to a target NWDAF instance using the Nnwdaf_EventsSubscription_Transfer service operation. It is triggered when the NWDAF service consumer may change concurrently, such as due to UE mobility, and involves steps including determination of transfer eligibility, NWDAF discovery, request transmission, acceptance, and notification to the service consumer. The procedure is applicable across NF Sets or when the NWDAF is not deployed in a set.>",chunk-42a7d6f0c010a9d98f1474d19a32adcf,../3GPP-trunked/Rel-19/29_series/29552-j20.md5.4.2,1770188830,Rel-19/29_series/29578-j00/graph_chunk_entity_relation.graphml,Rel-19,Analytics Subscription Transfer,mobility
Faulty Handover Algorithm,Prepared analytics subscription transfer,Prepared analytics subscription transfer,Concept,"Prepared analytics subscription transfer is a procedure used by a NWDAF instance to request another NWDAF instance to prepare for transferring analytics subscriptions from the source NWDAF instance, utilizing the Nnwdaf_EventsSubscription_Transfer service operation. This procedure is initiated when the source NWDAF determines it needs to transfer analytics due to UE mobility, internal load resolution, or graceful shutdown. The procedure involves steps such as selecting a target NWDAF, sending a PREPARE request, and optionally transferring analytics context information. The transfer can be completed via HTTP PUT with ""transReqType"" set to ""TRANSFER"" or canceled via HTTP DELETE.",chunk-f5c76b2aa1c4bf368767ab26aa59c0be,../3GPP-trunked/Rel-19/29_series/29552-j20.md5.4.3,1770188830,Rel-19/29_series/29578-j00/graph_chunk_entity_relation.graphml,Rel-19,Prepared analytics subscription transfer,mobility
Faulty Handover Algorithm,Access and Mobility Subscription Data Retrieval service operation,Access and Mobility Subscription Data Retrieval service operation,Terminology,,chunk-29f5df628baee0d2f46370cd2cb1077e,../3GPP-trunked/Rel-19/29_series/29525-j20.md4.2.2.1,1770190010,Rel-19/29_series/29594-j00/graph_chunk_entity_relation.graphml,Rel-19,Access and Mobility Subscription Data Retrieval service operation,mobility
Faulty Handover Algorithm,EpsUrsp feature,EpsUrsp feature,Concept,"EpsUrsp feature is a capability described in clause 5.8 of 3GPP TS 29.512 [31] that enables the PCF to establish a UE Policy Association with the (V-)PCF for the UE for the delivery of URSP only, under specific conditions such as during 5GS to EPS mobility with N26 or during initial attach with default PDN connection.",chunk-c0db4ac304c1890e9258d42a854eed65,../3GPP-trunked/Rel-19/29_series/29525-j20.md4.2.2.1,1770190013,Rel-19/29_series/29594-j00/graph_chunk_entity_relation.graphml,Rel-19,EpsUrsp feature,mobility
Faulty Handover Algorithm,5G connection and mobility charging,5G connection and mobility charging,Concept,"5G connection and mobility charging is a charging service specified in TS 32.256 [31], related to the present document and part of the broader 3GPP charging framework.",chunk-291d36069150ae5b92c67bd0c311e3c2,../3GPP-trunked/Rel-19/32_series/32291-j20.md1,1770193154,Rel-19/32_series/32291-j20/graph_chunk_entity_relation.graphml,Rel-19,5G connection and mobility charging,mobility
Faulty Handover Algorithm,Access and Mobility Data,Access and Mobility Data,Data,"Access and Mobility Data is a data set accessible through the ""nudr-dr:exposure-data:access-and-mobility-data:create"", ""read"", and ""modify"" permissions, allowing creation, reading, and updating of the data.",chunk-023c57b9b663fd8351733fb47d496ceb,../3GPP-trunked/Rel-19/29_series/29504-j20.md6.1.7,1770192684,Rel-19/32_series/32401-j00/graph_chunk_entity_relation.graphml,Rel-19,Access and Mobility Data,mobility
Faulty Handover Algorithm,OpSpecAmPolicyData,OpSpecAmPolicyData,Concept,"OpSpecAmPolicyData is a feature indicating support for operator-specific data changes in the AccessAndMobilityPolicyData resource, and applies to the AM Policy Data resource as specified in 3GPP TS 29",chunk-43e2f431efcea8bd3eb6380c092ebdf2,../3GPP-trunked/Rel-19/29_series/29504-j20.md6.1.8,1770192682,Rel-19/32_series/32421-j20/graph_chunk_entity_relation.graphml,Rel-19,OpSpecAmPolicyData,mobility
Faulty Handover Algorithm,SLAMUP,SLAMUP,Concept,"SLAMUP is a feature indicating support for Spending Limits for Access and Mobility (AM) policies and UE policies in the 5GC, and applies to the Policy Data resource as specified in 3GPP TS 29.519 [3]. This feature requires the support of the CHFInformation feature.",chunk-43e2f431efcea8bd3eb6380c092ebdf2,../3GPP-trunked/Rel-19/29_series/29504-j20.md6.1.8,1770192683,Rel-19/32_series/32421-j20/graph_chunk_entity_relation.graphml,Rel-19,SLAMUP,mobility
Faulty Handover Algorithm,MME functions,MME functions,Concept,"MME functions are the core network functionalities implemented by the MME Application, responsible for managing mobility, session management, and authentication in the LTE network.",chunk-3497bf2a8e0edc287f6f76df4d4387ed,../3GPP-trunked/Rel-19/33_series/33116-j00.md3.1,1770210212,Rel-19/33_series/33116-j00/graph_chunk_entity_relation.graphml,Rel-19,MME functions,mobility
Faulty Handover Algorithm,EPS interworking,EPS interworking,Concept,"3GPP TS 23.501 [7]<SEP>3GPP TS 23.502 [10<SEP>EPS interworking refers to the integration and coordination between the 5G Core Network (5GC) and the Evolved Packet System (EPC)/E-UTRAN, enabling seamless mobility and service continuity for MC service UEs.",chunk-c21e3fcd07c932238d16bb31c368e6ae<SEP>chunk-8060034489eb43cff2173aae2b8c02e1,../3GPP-trunked/Rel-19/23_series/23289-j50.md4.9.1<SEP>../3GPP-trunked/Rel-19/23_series/23289-j50.md4.9.2,1770209268,Rel-19/33_series/33117-j10/graph_chunk_entity_relation.graphml,Rel-19,EPS interworking,mobility
Faulty Handover Algorithm,inter-system mobility,inter-system mobility,Concept,Inter-system mobility is the ability of a mobile communication device (MC service UE) to move between different,chunk-c21e3fcd07c932238d16bb31c368e6ae,../3GPP-trunked/Rel-19/23_series/23289-j50.md4.9.2,1770209266,Rel-19/33_series/33117-j10/graph_chunk_entity_relation.graphml,Rel-19,inter-system mobility,mobility
Faulty Handover Algorithm,MCPTT services,MCPTT services,Concept,"MCPTT services are a type of MC service that requires seamless session continuity during inter-system mobility between 5GC and EPC/E-UTRAN, particularly when transitioning via the N26 interface between AMF in 5GC and MME in EPC.",chunk-c21e3fcd07c932238d16bb31c368e6ae,../3GPP-trunked/Rel-19/23_series/23289-j50.md4.9.2,1770209268,Rel-19/33_series/33117-j10/graph_chunk_entity_relation.graphml,Rel-19,MCPTT services,mobility
Faulty Handover Algorithm,notification capabilities,notification capabilities,Concept,"Notification capabilities are features that allow the MC system to receive alerts or updates from the network regarding specific events related to EPS interworking, such as mobility or session state changes.",chunk-c21e3fcd07c932238d16bb31c368e6ae,../3GPP-trunked/Rel-19/23_series/23289-j50.md4.9.2,1770209268,Rel-19/33_series/33117-j10/graph_chunk_entity_relation.graphml,Rel-19,notification capabilities,mobility
Faulty Handover Algorithm,Lawful Interception,Lawful Interception,Concept,Lawful Interception is a procedure specified in the present document for capturing communications within a 3GPP network. It applies to both internal interfaces within the 3GPP network and external handover interfaces used to transfer intercepted communications to law enforcement. The procedure includes detailed targeting of communications at each interception point and defines the information that must be captured. It also specifies detailed data formats for internal and external interfaces.,chunk-1847779d0eb0427349457b6556977db4,../3GPP-trunked/Rel-19/33_series/33128-j20.md1,1770209558,Rel-19/33_series/33126-j20/graph_chunk_entity_relation.graphml,Rel-19,Lawful Interception,handover
Faulty Handover Algorithm,external handover interfaces,external handover interfaces,Technology,External handover interfaces are communication pathways used to transfer intercepted communications from a 3GPP network to law enforcement authorities.,chunk-1847779d0eb0427349457b6556977db4,../3GPP-trunked/Rel-19/33_series/33128-j20.md1,1770209558,Rel-19/33_series/33126-j20/graph_chunk_entity_relation.graphml,Rel-19,external handover interfaces,handover
Faulty Handover Algorithm,3GPP operator service,3GPP operator service,Concept,"3GPP operator service refers to the mobile communication service provided by a 3GPP-compliant network operator, which is subject to national regulations regarding lawful interception and data handover.",chunk-1847779d0eb0427349457b6556977db4,../3GPP-trunked/Rel-19/33_series/33128-j20.md1,1770209558,Rel-19/33_series/33126-j20/graph_chunk_entity_relation.graphml,Rel-19,3GPP operator service,handover
Faulty Handover Algorithm,External handover interfaces,External handover interfaces,Concept,"External handover interfaces are defined in clause 4.1 and include LI_HI1, LI_HI2, LI_HI3, LI_HI4, LI_HILA, and LI_HIQR. Each interface serves a specific purpose in communication between entities such as LEA, operator, MDF2, MDF3, LEMF, and CSP, and is realized using specified protocols.",chunk-6baad056d78bf20eab5827a545cf7843,../3GPP-trunked/Rel-19/33_series/33128-j20.md4.3,1770209712,Rel-19/33_series/33128-j20/graph_chunk_entity_relation.graphml,Rel-19,External handover interfaces,handover
Faulty Handover Algorithm,LI_HI1,LI_HI1,Concept,"LI_HI1 is an external handover interface used to send warrant and other interception request information from LEA to the operator. It requires support for ETSI TS 103 120 [6], with alternative methods like manual exchange allowed based on national regulatory requirements.<SEP>LI_HI1 is a signaling interface used for the transmission of traffic policies in the context of lawful interception.<SEP>LI_HI1 is a protocol defined in section 5.4, used for specific signaling or communication purposes within the specified context.)##",chunk-30c7d8ce1a793189014ed9f6cbfd5e4d<SEP>chunk-33ebfc2cedebc9c6f968e9353761588b<SEP>chunk-6baad056d78bf20eab5827a545cf7843,../3GPP-trunked/Rel-19/33_series/33128-j20.md4.3<SEP>../3GPP-trunked/Rel-19/33_series/33128-j20.md4.5.2<SEP>../3GPP-trunked/Rel-19/33_series/33128-j20.md5.4,1770210058,Rel-19/33_series/33128-j20/graph_chunk_entity_relation.graphml,Rel-19,LI_HI1,handover
Faulty Handover Algorithm,LI_HI4,LI_HI4,Concept,LI_HI4 is an external handover interface used to send LI notification information from MDF2 or MDF3 to LEMF. It requires support for ETSI TS 102 232-1 [9] and ETSI TS 102 232-7 [10].,chunk-6baad056d78bf20eab5827a545cf7843,../3GPP-trunked/Rel-19/33_series/33128-j20.md4.3,1770209712,Rel-19/33_series/33128-j20/graph_chunk_entity_relation.graphml,Rel-19,LI_HI4,handover
Faulty Handover Algorithm,LI_HILA,LI_HILA,Concept,LI_HILA is an external handover interface used to send location acquisition requests from LEA to CSP and to send location acquisition responses from CSP to LEA. It requires support for ETSI TS 103 120 [6].,chunk-6baad056d78bf20eab5827a545cf7843,../3GPP-trunked/Rel-19/33_series/33128-j20.md4.3,1770209712,Rel-19/33_series/33128-j20/graph_chunk_entity_relation.graphml,Rel-19,LI_HILA,handover
Faulty Handover Algorithm,LI_HIQR,LI_HIQR,Concept,"LI_HIQR is an external handover interface used to send warrant and other identifier association query information from LEA to CSP, and to send query responses from CSP to LEA. It requires support for ETSI TS 103 120 [6].",chunk-6baad056d78bf20eab5827a545cf7843,../3GPP-trunked/Rel-19/33_series/33128-j20.md4.3,1770209712,Rel-19/33_series/33128-j20/graph_chunk_entity_relation.graphml,Rel-19,LI_HIQR,handover
Faulty Handover Algorithm,5G Multicast-Broadcast Service,5G Multicast-Broadcast Service,Concept,"5G Multicast-Broadcast Service (MBS) is a service designed to provide efficient downlink delivery of user traffic for mission critical (MC) group communications. It supports both broadcast and multicast MBS sessions, which consist of one or more QoS flows to meet different service requirements. MBS sessions are established to deliver user data in downlink to multiple MC users, either through point-to-point or point-to-multipoint transmission over the radio. The service area for broadcast or local MBS sessions is configured via the MBS session. MBS enhances reliability and minimizes data loss due to mobility and handover. It enables simultaneous reception of MBS and unicast traffic by MC service UEs, with broadcast MBS sessions accessible regardless of the UE's RRC state, while multicast sessions are only available in RRC-CONNECTED or RRC-INACTIVE states.",chunk-3abeff746b0dd029d0d7cd771680e88e,../3GPP-trunked/Rel-19/23_series/23289-j50.md4.7.1,1770209053,Rel-19/33_series/33203-j00/graph_chunk_entity_relation.graphml,Rel-19,5G Multicast-Broadcast Service,handover; mobility
Faulty Handover Algorithm,Access and Mobility Related Policy Control Requirements,Access and Mobility Related Policy Control Requirements,UNKNOWN,The Policy Control Framework fulfills the Access and Mobility Related Policy Control Requirements as defined in section,chunk-33917c16d1a14530c5e0dbab504bc8ee,../3GPP-trunked/Rel-19/23_series/23503-j30.md4.2.1,1770214228,Rel-19/33_series/33246-j00/graph_chunk_entity_relation.graphml,Rel-19,Access and Mobility Related Policy Control Requirements,mobility
Faulty Handover Algorithm,Policy Control Framework,Policy Control Framework,UNKNOWN,The Policy Control Framework fulfills the Access and Mobility Related Policy Control Requirements as defined in section,chunk-33917c16d1a14530c5e0dbab504bc8ee,../3GPP-trunked/Rel-19/23_series/23503-j30.md4.2.1,1770214228,Rel-19/33_series/33246-j00/graph_chunk_entity_relation.graphml,Rel-19,Policy Control Framework,mobility
Faulty Handover Algorithm,3GPP core network,3GPP core network,Organization,"3GPP core network is the network infrastructure responsible for managing session control, mobility, and connectivity for UEs, and receives indications from the MC service server regarding UE state preferences for MBS sessions.",chunk-e6e76798ddfe42ff2fcaf2c187fef004,../3GPP-trunked/Rel-19/23_series/23289-j50.md7.3.4.1,1770212721,Rel-19/33_series/33250-j00/graph_chunk_entity_relation.graphml,Rel-19,3GPP core network,mobility
Faulty Handover Algorithm,Inter-system mobility,Inter-system mobility,Concept,"Inter-system mobility is a procedure defined in 3GPP TS 23.501 [7] for 5GS/EPS capable MC service UEs, enabling seamless handover between 5GS and EPS during inter-system change. It ensures that the MC service server remains unaware of the change, maintaining continuity of control plane functions such as PCF and user plane functions such as UPF + PGW-U. The procedure is applicable when the MC service UE is registered to a 5GS supporting EPS interworking for MC services and is capable of operating in both 5GS and EPS.",chunk-8ef15923a56e598d9a1890b9f1d03f1b,../3GPP-trunked/Rel-19/23_series/23289-j50.md7.4.2,1770212725,Rel-19/33_series/33250-j00/graph_chunk_entity_relation.graphml,Rel-19,Inter-system mobility,handover; mobility
Faulty Handover Algorithm,Inter-system switching from LTE eMBMS to 5G MBS session,Inter-system switching from LTE eMBMS to 5G MBS session,Concept,"Inter-system switching from LTE eMBMS to 5G MBS session is a procedure described in figure 7.3.3.9.4-1 that enables the MC service UE to transition from an LTE network to a 5G network while maintaining MC service delivery via 5G MBS sessions, either broadcast or multicast. This procedure requires MC service clients to be attached to the EPC and part of the same MC service group X, with MC services available over both 5GS and EPS. The MC service server must be capable of providing services over 5G MBS sessions, and the client must be within the configured service area. It is assumed the client has not received a 5G MBS session announcement while in EPS. The procedure involves handover to 5GS, location information handling via location reports or network notifications, decision by the MC service server to serve via 5G MBS, optional session announcement, UE session join or monitoring, listening status reporting, stream mapping, and media delivery over 5GS.",chunk-9f7b06761a33ffead7812975e5dab1ff,../3GPP-trunked/Rel-19/23_series/23289-j50.md7.3.3.9.4,1770212292,Rel-19/33_series/33310-j31/graph_chunk_entity_relation.graphml,Rel-19,Inter-system switching from LTE eMBMS to 5G MBS session,handover
Faulty Handover Algorithm,forward security,forward security,Concept,"forward security is the property that, given knowledge of Km used between an entity and a second entity, it is computationally infeasible to predict any future Km+n (n > 0) used between a third entity and the second entity. In the context of KgNB key derivation, it means a gNB with knowledge of KgNB shared with a UE cannot predict future KgNB values used between the same UE and another gNB, especially under n-hop forward security where prediction is impossible after n or more handovers.",chunk-42bc2e3ced1da5cb7d7fb3b840167ee7,../3GPP-trunked/Rel-19/33_series/33501-j20.mdNone,1770213091,Rel-19/33_series/33501-j20/graph_chunk_entity_relation.graphml,Rel-19,forward security,handover
Faulty Handover Algorithm,5G SE AV,5G SE AV,Concept,"5G SE AV is the 5G Serving Environment Authentication Vector, used in the serving network to authenticate User Equipment and support secure session establishment during mobility.",chunk-7126c17da1a7594469e302a8634b826f,../3GPP-trunked/Rel-19/33_series/33501-j20.mdNone,1770213093,Rel-19/33_series/33501-j20/graph_chunk_entity_relation.graphml,Rel-19,5G SE AV,mobility
Faulty Handover Algorithm,3GPP TR 21.,3GPP TR 21.,UNKNOWN,5GC stands for 5G Core Network and is a key component of the 5G network architecture responsible for managing core network functions such as session management and mobility.,chunk-6fc5c284ad3012e3d7d62281f2e2dd6f,../3GPP-trunked/Rel-19/33_series/33511-j10.md3.2,1770208331,Rel-19/33_series/33511-j10/graph_chunk_entity_relation.graphml,Rel-19,3GPP TR 21.,mobility
Faulty Handover Algorithm,handover interface,handover interface,Technology,"The handover interface is a physical and logical interface used to request interception measures from a network operator, access provider, or service provider, and to deliver the results of interception from these entities to a law enforcement monitoring facility.",chunk-ac3b92ca129dbde9ff48fc916912da1c,../3GPP-trunked/Rel-19/33_series/33108-j00.md3.1,1770211782,Rel-19/33_series/33514-j00/graph_chunk_entity_relation.graphml,Rel-19,handover interface,handover
Faulty Handover Algorithm,Access and Mobility Management,Access and Mobility Management,Concept,Access and Mobility Management is a functional area related to policy control that triggers a request for policy information from the AMF to the PCF when a Policy Control Request Trigger is met.,chunk-0831223c8c3b19af27f8b24aa7acebad,../3GPP-trunked/Rel-19/23_series/23503-j30.md5.3.3,1770214570,Rel-19/33_series/33523-j10/graph_chunk_entity_relation.graphml,Rel-19,Access and Mobility Management,mobility
Faulty Handover Algorithm,Service continuity,Service continuity,Concept<SEP>UNKNOWN,"Service continuity is a feature defined in section 7.3.3.8.2 that ensures uninterrupted service delivery, particularly in scenarios involving handover or network transitions. It supports both multicast and unicast delivery modes.<SEP>Service continuity supports unicast delivery as one of its delivery modes",chunk-b99f55b7b70576ba323c2c414196f701,../3GPP-trunked/Rel-19/23_series/23289-j50.md7.3.3.8.2,1770211997<SEP>1770211990,Rel-19/33_series/33529-j00/graph_chunk_entity_relation.graphml<SEP>Rel-19/33_series/33757-j00/graph_chunk_entity_relation.graphml,Rel-19,Service continuity<SEP>Service continuity)##,handover
Faulty Handover Algorithm,Path switch between MBS session and 5G,Path switch between MBS session and 5G,UNKNOWN,"The MBS session is supported by the 5G network through the path switch procedure defined in section 7.3.3.8.4, enabling seamless integration between broadcast services and 5G infrastructure<SEP>A path switch occurs between the MBS session and 5G, indicating a handover or routing change in the data path for the broadcast session to maintain connectivity or optimize performance",chunk-d90ee0795bc34dc18a94ef9997dcc947,../3GPP-trunked/Rel-19/23_series/23289-j50.md7.3.3.8.4,1770212050<SEP>1770212005,Rel-19/33_series/33529-j00/graph_chunk_entity_relation.graphml<SEP>Rel-19/33_series/33757-j00/graph_chunk_entity_relation.graphml,Rel-19,Path switch between MBS session and 5G<SEP>Path switch between MBS session and 5G)##,handover
Faulty Handover Algorithm,adaptive reporting,adaptive reporting,Concept,"Adaptive reporting is a feature enabled by the VAL server that allows dynamic adjustment of location reporting configuration based on mobility statistics and predictions. It supports two modes: ""DIRECT UPDATE"" and ""SUGGESTIVE UPDATE"".",chunk-3374ca91c9600a309da6ea20db773a8b,../3GPP-trunked/Rel-19/23_series/23700-72-j00.md6.11.2.1,1770210494,Rel-19/33_series/33545-j00/graph_chunk_entity_relation.graphml,Rel-19,adaptive reporting,mobility
Faulty Handover Algorithm,DIRECT UPDATE,DIRECT UPDATE,Concept,"DIRECT UPDATE is a mode of adaptive reporting where the location management server determines the reporting configuration based on VAL service ID, VAL server ID, and retrieved mobility statistics and predictions of location management client 1. It may adjust report frequency, location accuracy, or positioning method based on UE mobility patterns.",chunk-3374ca91c9600a309da6ea20db773a8b,../3GPP-trunked/Rel-19/23_series/23700-72-j00.md6.11.2.1,1770210494,Rel-19/33_series/33545-j00/graph_chunk_entity_relation.graphml,Rel-19,DIRECT UPDATE,mobility
Faulty Handover Algorithm,location area,location area,Concept,Location area is a geographical region defined in mobile network architecture where user equipment (UE) is managed for location tracking and mobility purposes. It is used as a boundary for retrieving UE location data in the Geofencing UE(s) information request/response procedure.,chunk-52b5704d731654f065d89f583bed1fd1,../3GPP-trunked/Rel-19/23_series/23700-72-j00.md6.2.1.3,1770208865,Rel-19/33_series/33558-j00/graph_chunk_entity_relation.graphml,Rel-19,location area,mobility
Faulty Handover Algorithm,handover scenarios within 5G system,handover scenarios within 5G system,Concept,"Handover scenarios within the 5G system refer to mobility procedures where a UE transitions between network nodes, potentially involving cryptographic key size negotiation and security continuity when both 128-bit and 256-bit algorithms are supported.",chunk-32c6b74ee573d163b89286f0871cb030,../3GPP-trunked/Rel-19/33_series/33700-41-j00.md1,1770210410,Rel-19/33_series/33700-41-j00/graph_chunk_entity_relation.graphml,Rel-19,handover scenarios within 5G system,handover; mobility
Faulty Handover Algorithm,key size negotiation,key size negotiation,Concept,"Key size negotiation is the process by which a UE and network agree on the cryptographic key length (128-bit or 256-bit) during session establishment or handover, requiring mechanisms to prevent downgrade attacks and ensure security consistency.",chunk-32c6b74ee573d163b89286f0871cb030,../3GPP-trunked/Rel-19/33_series/33700-41-j00.md1,1770210410,Rel-19/33_series/33700-41-j00/graph_chunk_entity_relation.graphml,Rel-19,key size negotiation,handover
Faulty Handover Algorithm,forced handovers,forced handovers,Concept,"Forced handovers are network-initiated transitions of a UE from one cell to another, which may occur on GERAN or UTRAN networks after LTE and 5G signaling are blocked, posing a security risk during network decommissioning.",chunk-2bb725a54cea95c1070a8190efe326dc,../3GPP-trunked/Rel-19/33_series/33701-j00.md1,1770212999,Rel-19/33_series/33701-j00/graph_chunk_entity_relation.graphml,Rel-19,forced handovers,handover
Faulty Handover Algorithm,SMF selection management,SMF selection management,Concept,"SMF selection management is a policy control requirement related to the selection of the Session Management Function (SMF) for a PDU Session, governed by the Policy Control Function (PCF) and involving interactions with the Access and Mobility Management Function (AMF).",chunk-868f4d57ada8271134073464c8a3eba0,../3GPP-trunked/Rel-19/23_series/23503-j30.md4.2.5,1770214210,Rel-19/33_series/33745-j10/graph_chunk_entity_relation.graphml,Rel-19,SMF selection management,mobility
Faulty Handover Algorithm,UAM,UAM,Technology,"UAM refers to Urban Air Mobility, a concept involving the use of aerial vehicles for transportation within urban environments. The document examines security and privacy challenges associated with UAM, particularly in relation to network-assisted systems and interactions between service providers and air traffic management functions.",chunk-9dd52969d7292fc39196a5a571965912,../3GPP-trunked/Rel-19/33_series/33759-j00.md1,1770212451,Rel-19/33_series/33759-j00/graph_chunk_entity_relation.graphml,Rel-19,UAM,mobility
Faulty Handover Algorithm,Eees_AppContextRelocation_I,Eees_AppContextRelocation_I,Concept,"Eees_AppContextRelocation_I is a context relocation procedure defined in section 5.5.2.3, associated with the handling of application context during mobility or service continuity. It is part of a larger system or protocol involving entity relocation and state transfer.",chunk-1cf44beebb8a5f22f8d7df1439b2b8b4,../3GPP-trunked/Rel-19/24_series/24558-j20.md5.5.2.3,1770208771,Rel-19/33_series/33776-j00/graph_chunk_entity_relation.graphml,Rel-19,Eees_AppContextRelocation_I,mobility
Faulty Handover Algorithm,AF influence on Access and Mobility related policy control,AF influence on Access and Mobility related policy control,UNKNOWN,clause 4.15.6.9 of TS 23.502 [3],chunk-1c623a3c4f8f1cca07d7d2fcdef846d2,../3GPP-trunked/Rel-19/23_series/23503-j30.md6.1.2.6.0,1770220202,Rel-19/38_series/38101-1-j10_sAnnexes/graph_chunk_entity_relation.graphml,Rel-19,AF influence on Access and Mobility related policy control,mobility
Faulty Handover Algorithm,Policy decisions based on spending limits,Policy decisions based on spending limits,Concept,"Policy decisions based on spending limits is a functionality that enables the PCF to take actions based on the status of policy counters maintained in the CHF. These counters are provided by the CHF in the non-roaming case or the H-CHF in the Home Routed roaming case for the PDU Session, and by the CHF in the non-roaming case or the H-CHF in the roaming case for the UE. The functionality applies to session management (SM), access and mobility management (AM), and UE policy control depending on the roaming scenario. The PCF determines enforcement of SM, UE, and/or AM policies based on subscriber spending limits as defined in clause 6.2.1.3. In the context of this function, UE policy control refers specifically to URSP.",chunk-ec6d2cbd8abae0d4310e8e90f826f3f6,../3GPP-trunked/Rel-19/23_series/23503-j30.md6.1.1.4,1770216707,Rel-19/38_series/38133-j00_cover/graph_chunk_entity_relation.graphml,Rel-19,Policy decisions based on spending limits,mobility
Faulty Handover Algorithm,UE Mobility,UE Mobility,Concept,"UE Mobility is a type of network analytics that can be retrieved via NWDAF services, as described in clause 6.7.2 of TS 23.288 [24]. It involves statistics or predictions related to user equipment mobility, and the PCF can subscribe to notifications using the NWDAF_AnalyticsSubscription_Subscribe service operation with Analytics ID ""UE Mobility"".",chunk-6e1b6baa4e43ba38142a64041c41196c,../3GPP-trunked/Rel-19/23_series/23503-j30.md6.1.1.3,1770216855,Rel-19/38_series/38133-j00_cover/graph_chunk_entity_relation.graphml,Rel-19,UE Mobility,mobility
Faulty Handover Algorithm,Policy decisions based on network analytics,Policy decisions based on network analytics,Concept,"Policy decisions based on network analytics is a functionality that enables the PCF to make policy decisions by leveraging analytics information associated with specific Analytics IDs defined in TS 23.288 [24]. The analytics information can be sourced directly from NWDAF or via DCCF, depending on deployment. The PCF uses local configuration to determine whether to retrieve Analytics IDs directly from NWDAF or through DCCF. The PCF performs discovery and selection of NWDAF and DCCF as per TS 23.501 [2] and subscribes/unsubscribes to analytics data as defined in TS 23.288 [24]. The AMF and/or SMF may include a list of NWDAF instance IDs and associated Analytics IDs in AM/SM Policy Association procedures. The PCF may use these provided instances for subscription or perform its own NWDAF discovery if needed. The relevant Analytics IDs include: ""Load level information"", ""Service Experience"", ""Network Performance"", ""Abnormal behaviour"", ""UE Mobility"", ""UE Communication"", ""User Data Congestion"", ""Data Dispersion"", ""Session Management Congestion Control Experience",chunk-57543a4a83ea4310d62a27eba579f11e,../3GPP-trunked/Rel-19/23_series/23503-j30.md6.1.1.3,1770216855,Rel-19/38_series/38133-j00_cover/graph_chunk_entity_relation.graphml,Rel-19,Policy decisions based on network analytics,mobility
Faulty Handover Algorithm,SA,SA,Technology,"SA refers to Stand-alone network architecture, which is a 5G network deployment mode that operates independently without relying on legacy 4G infrastructure. It supports RRC_IDLE state for mobility management.",chunk-fb4644cf249f0309ff82edc5411b0173,../3GPP-trunked/Rel-19/38_series/38133-j00_cover.md4,1770217232,Rel-19/38_series/38133-j00_cover/graph_chunk_entity_relation.graphml,Rel-19,SA,mobility
Faulty Handover Algorithm,RRC_IDLE state,RRC_IDLE state,Concept<SEP>UNKNOWN,RRC_IDLE state is a state in the radio resource control (RRC) protocol where the mobile device is not actively connected to the network and is in a low-power mode. It is associated with the SA (Stand-alone) network architecture and is used for mobility management.<SEP>RRC_IDLE state is supported by the SA (Stand-alone) network architecture for mobility management,chunk-fb4644cf249f0309ff82edc5411b0173,../3GPP-trunked/Rel-19/38_series/38133-j00_cover.md4,1770217231<SEP>1770217266,Rel-19/38_series/38133-j00_cover/graph_chunk_entity_relation.graphml,Rel-19,RRC_IDLE state<SEP>RRC_IDLE state)##,mobility
Faulty Handover Algorithm,Measurements of inter-RAT E-UTRAN ce,Measurements of inter-RAT E-UTRAN ce,Concept,Measurements of inter-RAT E-UTRAN ce is a procedure defined in section 4.2.2.5 for assessing and evaluating radio measurements between E-UTRAN and other radio access technologies (RATs). It involves cross-technology signal evaluation to support handover and mobility management decisions.,chunk-68e3a9ae954117a786667e08991a6eb5,../3GPP-trunked/Rel-19/38_series/38133-j00_cover.md4.2.2.5,1770217364,Rel-19/38_series/38133-j00_cover/graph_chunk_entity_relation.graphml,Rel-19,Measurements of inter-RAT E-UTRAN ce,handover; mobility
Faulty Handover Algorithm,inter-RAT,inter-RAT,Concept,"inter-RAT refers to the inter-radio access technology scenario where a UE performs measurements or handovers between different radio access technologies, such as between E-UTRAN and another RAT like UTRA or GERAN.",chunk-7cb09bd1664806ef35bbea14666401fa,../3GPP-trunked/Rel-19/38_series/38133-j00_cover.md4.2.2.11,1770217898,Rel-19/38_series/38133-j00_cover/graph_chunk_entity_relation.graphml,Rel-19,inter-RAT,handover
Faulty Handover Algorithm,Measurements of intra-frequency NR cells,Measurements of intra-frequency NR cells,Concept,"Measurements of intra-frequency NR cells refer to the process by which a User Equipment (UE) performs measurements on neighboring NR cells operating on the same frequency band, as part of the mobility management procedure. This is applicable when the UE is configured with relaxed measurement criteria.",chunk-5b39cc78c20605d49721db326aafb391,../3GPP-trunked/Rel-19/38_series/38133-j00_cover.md4.2.2.9,1770217471,Rel-19/38_series/38133-j00_cover/graph_chunk_entity_relation.graphml,Rel-19,Measurements of intra-frequency NR cells,mobility
Faulty Handover Algorithm,Measurements for UE fulfilling low mobility criteria,Measurements for UE fulfilling low mobility criteria,Concept,Measurements for UE fulfilling low mobility criteria is a procedure defined in section 4.2.2.9.2 that applies to User Equipment (UE) meeting low mobility conditions. It involves specific measurement configurations for such UEs.<SEP>Measurements for UE fulfilling low mobility criteria is a procedure defined in section 4.2.2.10.2 that applies to User Equipment (UE) meeting low mobility conditions. It is related to radio resource management and signal measurement processes in a cellular network.<SEP>Measurements for UE fulfilling low mobility criteria is a procedure defined in section 4.2.2.11.2 that applies to User Equipment (UE) meeting low mobility conditions. It involves specific measurement configurations for such UEs.,chunk-3d588c203ef3c80e0c9b1a6209939527<SEP>chunk-7e657eb43175b0e6695a7083228ee6c2<SEP>chunk-a3e2859d54b24adca8b10010497e715e,../3GPP-trunked/Rel-19/38_series/38133-j00_cover.md4.2.2.9.2<SEP>../3GPP-trunked/Rel-19/38_series/38133-j00_cover.md4.2.2.10.2<SEP>../3GPP-trunked/Rel-19/38_series/38133-j00_cover.md4.2.2.11.2,1770217715,Rel-19/38_series/38133-j00_cover/graph_chunk_entity_relation.graphml,Rel-19,Measurements for UE fulfilling low mobility criteria,mobility
Faulty Handover Algorithm,low mobility criteria,low mobility criteria,Concept<SEP>UNKNOWN,"(no description)<SEP>low mobility criteria refers to the conditions or thresholds used to determine whether a User Equipment (UE) is classified as having low mobility, typically involving slow movement or minimal changes in signal characteristics. It is a condition under which Measurements for UE fulfilling low mobility criteria is applied.<SEP>low mobility criteria refers to the conditions that determine whether a User Equipment (UE) is classified as having low mobility, which influences the measurement procedures applied to the UE.<SEP>The procedure is applied to UE that fulfill low mobility criteria",chunk-3d588c203ef3c80e0c9b1a6209939527<SEP>chunk-a3e2859d54b24adca8b10010497e715e<SEP>chunk-7e657eb43175b0e6695a7083228ee6c2,../3GPP-trunked/Rel-19/38_series/38133-j00_cover.md4.2.2.10.2<SEP>../3GPP-trunked/Rel-19/38_series/38133-j00_cover.md4.2.2.11.2<SEP>../3GPP-trunked/Rel-19/38_series/38133-j00_cover.md4.2.2.9.2,1770217716<SEP>1770217426,Rel-19/38_series/38133-j00_cover/graph_chunk_entity_relation.graphml,Rel-19,low mobility criteria<SEP>low mobility criteria)##,mobility
Faulty Handover Algorithm,Measurements for UE fulfilling low mobility and not-at-cell edge criteria,Measurements for UE fulfilling low mobility and not-at-cell edge criteria,Concept,Measurements for UE fulfilling low mobility and not-at-cell edge criteria is a defined set of procedures or conditions related to user equipment (UE) that exhibit low mobility and are not located at the cell edge. These measurements are specified in section 4.2.2.9.4 and are used to optimize network performance under specific UE mobility and positioning conditions.<SEP>Measurements for UE fulfilling low mobility and not-at-cell edge criteria is a defined set of measurements applied to User Equipment (UE) that meet the conditions of low mobility and are not located at the cell edge. These measurements are specified under section 4.2.2.10.4.<SEP>Measurements for UE fulfilling low mobility and not-at-cell edge criteria is a defined set of measurements applied to User Equipment (UE) that meet the conditions of low mobility and are not located at the cell edge. These measurements are specified under section 4.2.2.11.4.,chunk-d09eab12a308242cde9729be3ffa9d8a<SEP>chunk-8ce7b64fac9042a12a52e1e594982023<SEP>chunk-77d386ac73bb4f5d70a2e0d05400f305,../3GPP-trunked/Rel-19/38_series/38133-j00_cover.md4.2.2.9.4<SEP>../3GPP-trunked/Rel-19/38_series/38133-j00_cover.md4.2.2.10.4<SEP>../3GPP-trunked/Rel-19/38_series/38133-j00_cover.md4.2.2.11.4,1770217716,Rel-19/38_series/38133-j00_cover/graph_chunk_entity_relation.graphml,Rel-19,Measurements for UE fulfilling low mobility and not-at-cell edge criteria,mobility
Faulty Handover Algorithm,Measurements of inter-frequency NR cells,Measurements of inter-frequency NR cells,Concept,Measurements of inter-frequency NR cells refer to the process performed by a User Equipment (UE) configured with relaxed measurement criteria to measure neighboring NR cells operating on different frequency bands. This is part of the mobility management procedure in 5G NR networks.,chunk-12c2d2ba95dd4a6ecc22d7aa9d88ec46,../3GPP-trunked/Rel-19/38_series/38133-j00_cover.md4.2.2.10,1770217473,Rel-19/38_series/38133-j00_cover/graph_chunk_entity_relation.graphml,Rel-19,Measurements of inter-frequency NR cells,mobility
Faulty Handover Algorithm,low mobility,low mobility,UNKNOWN,,,,1770217714,Rel-19/38_series/38133-j00_cover/graph_chunk_entity_relation.graphml,Rel-19,low mobility,mobility
Faulty Handover Algorithm,Measurements for UE fulfilling low mobility and not-at-cell edge criterion,Measurements for UE fulfilling low mobility and not-at-cell edge criterion,Concept,"This concept defines measurement procedures for UE that satisfy both low mobility and not-at-cell edge conditions, applicable in section 4.2B.2.10.11 and referenced on page 222.",chunk-f615c23974ca2d3c80e11798ef341688,../3GPP-trunked/Rel-19/38_series/38133-j00_cover.md4.2.2.12,1770217750,Rel-19/38_series/38133-j00_cover/graph_chunk_entity_relation.graphml,Rel-19,Measurements for UE fulfilling low mobility and not-at-cell edge criterion,mobility
Faulty Handover Algorithm,Measurements for a UE fulfilling low mobility and stationary criteria,Measurements for a UE fulfilling low mobility and stationary criteria,Concept,"This concept defines measurement procedures for UE that satisfy both low mobility and stationary criteria, applicable in section 4.2B.2.11.4 and referenced on page 225.",chunk-f615c23974ca2d3c80e11798ef341688,../3GPP-trunked/Rel-19/38_series/38133-j00_cover.md4.2.2.12,1770217750,Rel-19/38_series/38133-j00_cover/graph_chunk_entity_relation.graphml,Rel-19,Measurements for a UE fulfilling low mobility and stationary criteria,mobility
Faulty Handover Algorithm,Relative Time Stamp Accuracy,Relative Time Stamp Accuracy,Concept,"Relative Time Stamp Accuracy is a requirement specified for the RRC Connection Establishment Failure Log Report, ensuring precise timing synchronization during the establishment of an RRC connection.<SEP>Relative Time Stamp Accuracy is a requirement specified in section 4.3C.3 for accurate timing in log reporting related to radio link failure and handover failure. It ensures synchronization between timestamps for reliable failure analysis.",chunk-06fb3849a2b05fc784df644ba8ef5ac2<SEP>chunk-44e3ff5b5220c474dc2c17dd29e214b8,../3GPP-trunked/Rel-19/38_series/38133-j00_cover.md4.3.4<SEP>../3GPP-trunked/Rel-19/38_series/38133-j00_cover.md4.3.5,1770217843,Rel-19/38_series/38133-j00_cover/graph_chunk_entity_relation.graphml,Rel-19,Relative Time Stamp Accuracy,handover; handover failure
Faulty Handover Algorithm,Idle Mode CA/DC Measurement,Idle Mode CA/DC Measurement,Concept,Idle Mode CA/DC Measurement is a procedure defined in section 4.4 that relates to carrier aggregation and dual connectivity measurements in idle mode. It is associated with the identification and evaluation of suitable cells for reselection or handover when the device is in idle state.,chunk-9ca74f07850fe463c99e9cf0cf9a01d0,../3GPP-trunked/Rel-19/38_series/38133-j00_cover.md4.4,1770217823,Rel-19/38_series/38133-j00_cover/graph_chunk_entity_relation.graphml,Rel-19,Idle Mode CA/DC Measurement,handover
Faulty Handover Algorithm,Handover Failure,Handover Failure,Concept,"Handover Failure occurs when a mobile device fails to switch from one cell to another, and its log reporting requires accurate relative time stamping as defined in section 4.3C.3.",chunk-44e3ff5b5220c474dc2c17dd29e214b8,../3GPP-trunked/Rel-19/38_series/38133-j00_cover.md4.3.5,1770217844,Rel-19/38_series/38133-j00_cover/graph_chunk_entity_relation.graphml,Rel-19,Handover Failure,handover; handover failure
Faulty Handover Algorithm,Handover Failure Log Reporting,Handover Failure Log Reporting,Concept,"Handover Failure Log Reporting is a logging mechanism for recording instances of failed handover attempts, which requires accurate relative time stamping as specified in section 4.3C.3.",chunk-44e3ff5b5220c474dc2c17dd29e214b8,../3GPP-trunked/Rel-19/38_series/38133-j00_cover.md4.3.5,1770217844,Rel-19/38_series/38133-j00_cover/graph_chunk_entity_relation.graphml,Rel-19,Handover Failure Log Reporting,handover; handover failure
Faulty Handover Algorithm,Detected cell requirement,Detected cell requirement,Concept,"Detected cell requirement is a condition that must be satisfied during state transition and in Idle mode, ensuring proper cell detection for mobility management and network connectivity.",chunk-3d5e64b7a676b4ab10aa9711329d4ab6,../3GPP-trunked/Rel-19/38_series/38133-j00_cover.md4.4.2.1,1770217862,Rel-19/38_series/38133-j00_cover/graph_chunk_entity_relation.graphml,Rel-19,Detected cell requirement,mobility
Faulty Handover Algorithm,Idle mode,Idle mode,Concept<SEP>UNKNOWN,Idle mode is a state in a mobile network where the device is not actively communicating but remains registered with the network for call reception and location tracking.<SEP>Detected cell requirement is required in Idle mode for proper network registration and mobility management,chunk-3d5e64b7a676b4ab10aa9711329d4ab6,../3GPP-trunked/Rel-19/38_series/38133-j00_cover.md4.4.2.1,1770217862<SEP>1770217886,Rel-19/38_series/38133-j00_cover/graph_chunk_entity_relation.graphml,Rel-19,Idle mode<SEP>Idle mode)##,mobility
Faulty Handover Algorithm,Measurements of inter-frequency CA/DC candidate ce,Measurements of inter-frequency CA/DC candidate ce,Concept,Measurements of inter-frequency CA/DC candidate ce is a procedure defined in section 4.4.2.2 for evaluating candidate cells in inter-frequency Carrier Aggregation (CA) or Dual Connectivity (DC) scenarios. It involves assessing radio conditions for potential cell additions or handovers.,chunk-0b2728cddf8bb6fb1a3e3b173bb30864,../3GPP-trunked/Rel-19/38_series/38133-j00_cover.md4.4.2.2,1770217896,Rel-19/38_series/38133-j00_cover/graph_chunk_entity_relation.graphml,Rel-19,Measurements of inter-frequency CA/DC candidate ce,handover
Faulty Handover Algorithm,measurements,measurements,Concept,"Measurements refer to the process of collecting signal quality and strength data from neighboring cells or frequencies, which is used to evaluate the suitability of a candidate cell for handover or dual connectivity setup.",chunk-7e9e75190cda90dcb27b8998a67bc8e7,../3GPP-trunked/Rel-19/38_series/38133-j00_cover.md4.4.2.4,1770217898,Rel-19/38_series/38133-j00_cover/graph_chunk_entity_relation.graphml,Rel-19,measurements,handover
Faulty Handover Algorithm,NR measurements,NR measurements,Concept,"NR measurements refer to the process of measuring signal characteristics in the New Radio (NR) system, typically involving parameters such as signal strength, quality, and timing for network optimization and handover decisions.)##",chunk-f9891fc8fe97d5c81c8ebc749021803a,../3GPP-trunked/Rel-19/38_series/38133-j00_s10-11.md10.1,1770224160,Rel-19/38_series/38133-j00_s10-11/graph_chunk_entity_relation.graphml,Rel-19,NR measurements,handover
Faulty Handover Algorithm,Intra-frequency RSRP accuracy requirements for FR1,Intra-frequency RSRP accuracy requirements for FR1,Concept,Intra-frequency RSRP accuracy requirements for FR1 are defined in section 10.1.2 and specify the accuracy standards for Reference Signal Received Power (RSRP) measurements within the same frequency band for Frequency Range 1 (FR1). These requirements are critical for ensuring reliable network performance and handover decisions in FR1 systems.,chunk-69bb8facf9f62edb662abd18a3cbeec6,../3GPP-trunked/Rel-19/38_series/38133-j00_s10-11.md10.1.2,1770224164,Rel-19/38_series/38133-j00_s10-11/graph_chunk_entity_relation.graphml,Rel-19,Intra-frequency RSRP accuracy requirements for FR1,handover
Faulty Handover Algorithm,Inter-frequency RSRP accuracy requirements for FR1,Inter-frequency RSRP accuracy requirements for FR1,Concept,Inter-frequency RSRP accuracy requirements for FR1 is a set of specifications that define the required accuracy for Reference Signal Received Power (RSRP) measurements when performed across different frequency bands in the FR1 frequency range. These requirements are critical for ensuring reliable inter-frequency handover and network performance in 5G NR systems.,chunk-253b4b63388948f58d8b0c7800a1dfef,../3GPP-trunked/Rel-19/38_series/38133-j00_s10-11.md10.1.4,1770224263,Rel-19/38_series/38133-j00_s10-11/graph_chunk_entity_relation.graphml,Rel-19,Inter-frequency RSRP accuracy requirements for FR1,handover
Faulty Handover Algorithm,rlm-Relaxation-r17,rlm-Relaxation-r17,Technology,rlm-Relaxation-r17 is a feature introduced in Release 17 that allows the UE to apply relaxed requirements for radio link monitoring when configured with explicit signaling of goodServingCellEvaluationRLM. It is enabled by the network and applies only when specific conditions related to serving cell quality and mobility are met.,chunk-673d7cf7708e9adee900179d66fe882f,../3GPP-trunked/Rel-19/38_series/38133-j00_s8-8.md8.1.1.1,1770220666,Rel-19/38_series/38133-j00_s8-8/graph_chunk_entity_relation.graphml,Rel-19,rlm-Relaxation-r17,mobility
Faulty Handover Algorithm,relaxed requirements,relaxed requirements,Concept,"relaxed requirements refer to the modified criteria defined in clause 8.1.2.4 for SSB-based radio link monitoring and clause 8.1.3.4 for CSI-RS-based radio link monitoring, which are allowed to apply to relaxed RLM measurements on SpCell after fulfilling specific conditions related to serving cell quality and mobility.",chunk-673d7cf7708e9adee900179d66fe882f,../3GPP-trunked/Rel-19/38_series/38133-j00_s8-8.md8.1.1.1,1770220667,Rel-19/38_series/38133-j00_s8-8/graph_chunk_entity_relation.graphml,Rel-19,relaxed requirements,mobility
Faulty Handover Algorithm,Non-session management related functionality,Non-session management related functionality,Concept,"Non-session management related functionality is a set of features provided by the PCF, including access and mobility related policy control, UE policy information control, negotiation for future BDT, and negotiation for planned data transfer with QoS requirements. These functionalities are described in clauses 6.1.2.1, 6.1.2.2, and 6.1.2.4.",chunk-4049908c4a1708513970c95ac6af6e57,../3GPP-trunked/Rel-19/23_series/23503-j30.md6.2.1.1.2,1770228753,Rel-19/38_series/38133-j00_s9-9/graph_chunk_entity_relation.graphml,Rel-19,Non-session management related functionality,mobility
Faulty Handover Algorithm,Access and mobility related policy control,Access and mobility related policy control,Concept,"Access and mobility related policy control is a non-session management related functionality provided by the PCF, described in clause 6.1.2.1, and relates to managing policies for user equipment access and mobility.",chunk-4049908c4a1708513970c95ac6af6e57,../3GPP-trunked/Rel-19/23_series/23503-j30.md6.2.1.1.2,1770228755,Rel-19/38_series/38133-j00_s9-9/graph_chunk_entity_relation.graphml,Rel-19,Access and mobility related policy control,mobility
Faulty Handover Algorithm,inter-frequency measurements,inter-frequency measurements,Concept,"Inter-frequency measurements are a type of RRM measurement performed by the UE across different frequency bands, used for mobility and radio resource management decisions in RRC_CONNECTED state.)##
(entity",chunk-2536fd5154cfa351897faf5b22ded610,../3GPP-trunked/Rel-19/38_series/38133-j00_s9-9.mdNone,1770228903,Rel-19/38_series/38133-j00_s9-9/graph_chunk_entity_relation.graphml,Rel-19,inter-frequency measurements,mobility
Faulty Handover Algorithm,inter-RAT E-UTRAN FDD measurements,inter-RAT E-UTRAN FDD measurements,Concept,"Inter-RAT E-UTRAN FDD measurements are a type of RRM measurement performed by the UE across different radio access technologies, specifically between NR and E-UTRAN FDD, used for mobility and radio resource management decisions in RRC_CONNECTED state.",chunk-2536fd5154cfa351897faf5b22ded610,../3GPP-trunked/Rel-19/38_series/38133-j00_s9-9.mdNone,1770228903,Rel-19/38_series/38133-j00_s9-9/graph_chunk_entity_relation.graphml,Rel-19,inter-RAT E-UTRAN FDD measurements,mobility
Faulty Handover Algorithm,inter-RAT E-UTRAN TDD measurements,inter-RAT E-UTRAN TDD measurements,Concept,"Inter-RAT E-UTRAN TDD measurements are a type of RRM measurement performed by the UE across different radio access technologies, specifically between NR and E-UTRAN TDD, used for mobility and radio resource management decisions in RRC_CONNECTED state.",chunk-2536fd5154cfa351897faf5b22ded610,../3GPP-trunked/Rel-19/38_series/38133-j00_s9-9.mdNone,1770228903,Rel-19/38_series/38133-j00_s9-9/graph_chunk_entity_relation.graphml,Rel-19,inter-RAT E-UTRAN TDD measurements,mobility
Faulty Handover Algorithm,L1-RSRP measurements,L1-RSRP measurements,Concept,"L1-RSRP measurements are a type of RRM measurement based on the reference signal received power at Layer 1, used for signal strength evaluation and mobility decisions in RRC_CONNECTED state.",chunk-2536fd5154cfa351897faf5b22ded610,../3GPP-trunked/Rel-19/38_series/38133-j00_s9-9.mdNone,1770228903,Rel-19/38_series/38133-j00_s9-9/graph_chunk_entity_relation.graphml,Rel-19,L1-RSRP measurements,mobility
Faulty Handover Algorithm,SSB frequency layers,SSB frequency layers,Concept,"SSB frequency layers are determined by the total number of Measurement Objects (MOs) with ssb-ConfigMobility configured, or with ssb-ConfigMobility not configured but csi-rs-ResourceConfigMobility configured with associatedSSB. If multiple MOs have identical ssbfrequency, smtc1, smtc2, and ssbSubcarrierSpacing, they are counted as one SSB frequency layer.",chunk-083d72a5920fd297fbeb182c5307bc32,../3GPP-trunked/Rel-19/38_series/38133-j00_s9-9.md9.1.3.2,1770229123,Rel-19/38_series/38133-j00_s9-9/graph_chunk_entity_relation.graphml,Rel-19,SSB frequency layers,mobility
Faulty Handover Algorithm,CSI-RS frequency layers,CSI-RS frequency layers,Concept,"CSI-RS frequency layers are equal to the number of Measurement Objects (MOs) with csi-rs-ResourceConfigMobility configured, assuming one MO per frequency layer.<SEP>CSI-RS frequency layers is defined as the number of Measurement Objects (MOs) with csi-rs-ResourceConfigMobility configured, assuming one MO per frequency layer.",chunk-1641f1ed02bac36549fe70506196c4b3<SEP>chunk-083d72a5920fd297fbeb182c5307bc32,../3GPP-trunked/Rel-19/38_series/38133-j00_s9-9.md9.1.3.2,1770229123,Rel-19/38_series/38133-j00_s9-9/graph_chunk_entity_relation.graphml,Rel-19,CSI-RS frequency layers,mobility
Faulty Handover Algorithm,Measurement Object,Measurement Object,Technology,"Measurement Object (MO) is a configuration entity used in UE monitoring that defines parameters for measuring radio signals, including ssb-ConfigMobility and csi-rs-ResourceConfigMobility.",chunk-083d72a5920fd297fbeb182c5307bc32,../3GPP-trunked/Rel-19/38_series/38133-j00_s9-9.md9.1.3.2,1770229123,Rel-19/38_series/38133-j00_s9-9/graph_chunk_entity_relation.graphml,Rel-19,Measurement Object,mobility
Faulty Handover Algorithm,frequency layers,frequency layers,Concept,"frequency layers is defined as the total number of Measurement Objects (MOs) with ssb-ConfigMobility configured, or with ssb-ConfigMobility not configured but csi-rs-ResourceConfigMobility configured with associatedSSB. If multiple MOs share the same ssbfrequency, smtc1, smtc2, and ssbSubcarrierSpacing, they are counted as one SSB frequency layer.",chunk-1641f1ed02bac36549fe70506196c4b3,../3GPP-trunked/Rel-19/38_series/38133-j00_s9-9.md9.1.3.2,1770229124,Rel-19/38_series/38133-j00_s9-9/graph_chunk_entity_relation.graphml,Rel-19,frequency layers,mobility
Faulty Handover Algorithm,ssb-ConfigMobility,ssb-ConfigMobility,Terminology,,chunk-1641f1ed02bac36549fe70506196c4b3,../3GPP-trunked/Rel-19/38_series/38133-j00_s9-9.md9.1.3.2,1770229127,Rel-19/38_series/38133-j00_s9-9/graph_chunk_entity_relation.graphml,Rel-19,ssb-ConfigMobility,mobility
Faulty Handover Algorithm,csi-rs-ResourceConfigMobility,csi-rs-ResourceConfigMobility,Terminology,,chunk-1641f1ed02bac36549fe70506196c4b3,../3GPP-trunked/Rel-19/38_series/38133-j00_s9-9.md9.1.3.2,1770229127,Rel-19/38_series/38133-j00_s9-9/graph_chunk_entity_relation.graphml,Rel-19,csi-rs-ResourceConfigMobility,mobility
Faulty Handover Algorithm,NR-E-UTRA dual connectivity UE,NR-E-UTRA dual connectivity UE,Technology,"NR-E-UTRA dual connectivity UE is a user equipment capable of simultaneous connectivity to NR and E-UTRA networks, supporting dual connectivity for enhanced data throughput and mobility management.",chunk-0f5c5987f4255af01aea11a64a67775e,../3GPP-trunked/Rel-19/38_series/38133-j00_s9-9.mdNone,1770229152,Rel-19/38_series/38133-j00_s9-9/graph_chunk_entity_relation.graphml,Rel-19,NR-E-UTRA dual connectivity UE,mobility
Faulty Handover Algorithm,CSI-RS-ResourceConfigMobility,CSI-RS-ResourceConfigMobility,Terminology,,chunk-6a40ccd411247f9caebea4b2ffe9cb0d,../3GPP-trunked/Rel-19/38_series/38133-j00_sA.1-A.3.md2,1770221008,Rel-19/38_series/38133-j00_sA.1-A.3/graph_chunk_entity_relation.graphml,Rel-19,CSI-RS-ResourceConfigMobility,mobility
Faulty Handover Algorithm,CSI-RS-CellMobility,CSI-RS-CellMobility,Terminology,,chunk-6a40ccd411247f9caebea4b2ffe9cb0d,../3GPP-trunked/Rel-19/38_series/38133-j00_sA.1-A.3.md2,1770221008,Rel-19/38_series/38133-j00_sA.1-A.3/graph_chunk_entity_relation.graphml,Rel-19,CSI-RS-CellMobility,mobility
Faulty Handover Algorithm,RRC_IDLE state mobility,RRC_IDLE state mobility,Concept,"RRC_IDLE state mobility refers to the mobility procedures performed by the UE while in RRC_IDLE state, including handover and cell reselection, tested under both EphemerisInfo configurations.",chunk-ef6c4f88526e5bd4d97ccdb3ca6b011a,../3GPP-trunked/Rel-19/38_series/38133-j00_sA.1-A.3.md2,1770221011,Rel-19/38_series/38133-j00_sA.1-A.3/graph_chunk_entity_relation.graphml,Rel-19,RRC_IDLE state mobility,handover; mobility
Faulty Handover Algorithm,Handover,Handover,Concept,"Handover is a mobility procedure where the UE transitions from one cell to another, tested in multiple test cases under both EphemerisInfo configurations.",chunk-ef6c4f88526e5bd4d97ccdb3ca6b011a,../3GPP-trunked/Rel-19/38_series/38133-j00_sA.1-A.3.md2,1770221011,Rel-19/38_series/38133-j00_sA.1-A.3/graph_chunk_entity_relation.graphml,Rel-19,Handover,handover; mobility
Faulty Handover Algorithm,ated policy control,ated policy control,Concept,"ated policy control is a concept related to access and mobility management, referenced in section 6.1.2.1.",chunk-37145357ba512552f5970606ccb6ad05,../3GPP-trunked/Rel-19/23_series/23503-j30.mdNone,1770219983,Rel-19/38_series/38133-j00_sA.17-A.18/graph_chunk_entity_relation.graphml,Rel-19,ated policy control,mobility
Faulty Handover Algorithm,Access and mobility rel,Access and mobility rel,Concept,"Access and mobility rel is a concept defined in section 6.1.2.1, associated with the management of access and mobility in a network context.",chunk-37145357ba512552f5970606ccb6ad05,../3GPP-trunked/Rel-19/23_series/23503-j30.mdNone,1770219983,Rel-19/38_series/38133-j00_sA.17-A.18/graph_chunk_entity_relation.graphml,Rel-19,Access and mobility rel,mobility
Faulty Handover Algorithm,access and mobility related policy control,access and mobility related policy control,Concept,"Access and mobility related policy control is a management function that encompasses service area restrictions, RFSP Index, UE-AMBR, UE Slice-MBR, slice replacement, and SMF selection. It is applied for a UE registered over 3GPP access and is managed by the PCF of the serving PLMN, which may modify policies based on operator-defined rules, UE location, time of day, AF requests, network analytics, and other inputs.",chunk-c0fc4bed8f180ebac744a75a5efcc48f,../3GPP-trunked/Rel-19/23_series/23503-j30.md6.1.2.1.1,1770220042,Rel-19/38_series/38133-j00_sA.17-A.18/graph_chunk_entity_relation.graphml,Rel-19,access and mobility related policy control,mobility
Faulty Handover Algorithm,service area restrictions,service area restrictions,Concept,"Service area restrictions are a component of access and mobility related policy control that define allowed or non-allowed TAIs for a UE. They can be derived from the UE subscription and modified by the PCF through expansion of allowed TAIs, reduction of non-allowed TAIs, or adjustment of the maximum number of allowed TAIs. Enforcement occurs in the UE during CM-IDLE or RRC Inactive states, and in RAN/AMF during CM-CONNECTED state.",chunk-c0fc4bed8f180ebac744a75a5efcc48f,../3GPP-trunked/Rel-19/23_series/23503-j30.md6.1.2.1.1,1770220042,Rel-19/38_series/38133-j00_sA.17-A.18/graph_chunk_entity_relation.graphml,Rel-19,service area restrictions,mobility
Faulty Handover Algorithm,RFSP Index,RFSP Index,Concept,RFSP Index is a parameter managed under access and mobility related policy control that influences radio resource management. The PC,chunk-c0fc4bed8f180ebac744a75a5efcc48f,../3GPP-trunked/Rel-19/23_series/23503-j30.md6.1.2.1.1,1770220042,Rel-19/38_series/38133-j00_sA.17-A.18/graph_chunk_entity_relation.graphml,Rel-19,RFSP Index,mobility
Faulty Handover Algorithm,UE Slice-MBR,UE Slice-MBR,Concept,UE Slice-MBR (UE Slice Maximum Bit Rate) is a parameter managed under access and mobility related policy control that defines the maximum bit rate for a specific network slice. It is used to enforce slice-specific traffic limits and may be adjusted by the PCF based on operator-defined policies.,chunk-c0fc4bed8f180ebac744a75a5efcc48f,../3GPP-trunked/Rel-19/23_series/23503-j30.md6.1.2.1.1,1770220042,Rel-19/38_series/38133-j00_sA.17-A.18/graph_chunk_entity_relation.graphml,Rel-19,UE Slice-MBR,mobility
Faulty Handover Algorithm,slice replacement management,slice replacement management,Concept,"Slice replacement management is a component of access and mobility related policy control that handles the replacement of one network slice with another, based on policy decisions made by the PCF. It ensures continuity and compliance with service requirements during slice transitions.",chunk-c0fc4bed8f180ebac744a75a5efcc48f,../3GPP-trunked/Rel-19/23_series/23503-j30.md6.1.2.1.1,1770220042,Rel-19/38_series/38133-j00_sA.17-A.18/graph_chunk_entity_relation.graphml,Rel-19,slice replacement management,mobility
Faulty Handover Algorithm,SMF selection,SMF selection,Concept,SMF selection is a function within access and mobility related policy control that determines the appropriate Session Management Function for a UE based on policy rules. It is,chunk-c0fc4bed8f180ebac744a75a5efcc48f,../3GPP-trunked/Rel-19/23_series/23503-j30.md6.1.2.1.1,1770220042,Rel-19/38_series/38133-j00_sA.17-A.18/graph_chunk_entity_relation.graphml,Rel-19,SMF selection,mobility
Faulty Handover Algorithm,Access and Mobility Subscription data,Access and Mobility Subscription data,Terminology,"Access and Mobility Subscription data is a set of subscription-related information stored in the UDM, which includes the UE Policy Association indicator for a SUPI as defined in clause 5.2.3.3.1 of TS 23.502 [3].",chunk-5a8cc1ca995e72da0bc8d37c5189a71d,../3GPP-trunked/Rel-19/23_series/23503-j30.md6.1.2.2.5,1770220083,Rel-19/38_series/38133-j00_sA.17-A.18/graph_chunk_entity_relation.graphml,Rel-19,Access and Mobility Subscription data,mobility
Faulty Handover Algorithm,Non-Seamless Offload,Non-Seamless Offload,Concept,"Non-Seamless Offload is a mechanism used by the UE to offload application traffic from one network to another without seamless handover, and is applied when associating an application to a PDU Session or offload path according to the URSP rule with the ""match all"" Traffic descriptor.",chunk-4234a7d08952dde06b2fa091411850fd,../3GPP-trunked/Rel-19/23_series/23503-j30.md6.1.2.2.1,1770220058,Rel-19/38_series/38133-j00_sA.17-A.18/graph_chunk_entity_relation.graphml,Rel-19,Non-Seamless Offload,handover
Faulty Handover Algorithm,URSP rule provisioning in EPS,URSP rule provisioning in EPS,Concept,"URSP rule provisioning in EPS is a procedure that occurs during initial UE attachment to EPS, first PDN connectivity request, or handover from 5GS to EPS. It involves the PCF updating URSP rules in the UE based on new application guidance from an AF, operator policies triggered by time, location, or other conditions, or updates to operator policies while the UE is deregistered. The procedure ensures that applicable URSP rules are delivered to the UE upon reattachment.",chunk-5e99daca2911ccf85aa72113518a4c72,../3GPP-trunked/Rel-19/23_series/23503-j30.md6.1.2.2.3,1770220067,Rel-19/38_series/38133-j00_sA.17-A.18/graph_chunk_entity_relation.graphml,Rel-19,URSP rule provisioning in EPS,handover
Faulty Handover Algorithm,handover from 5GS to EPS,handover from 5GS to EPS,Concept,"Handover from 5GS to EPS is a mobility event where a UE transitions from a 5G system to an EPS network, initiating the need for PCF to update URSP rules in the UE due to changes in network context or policy conditions.",chunk-5e99daca2911ccf85aa72113518a4c72,../3GPP-trunked/Rel-19/23_series/23503-j30.md6.1.2.2.3,1770220067,Rel-19/38_series/38133-j00_sA.17-A.18/graph_chunk_entity_relation.graphml,Rel-19,handover from 5GS to EPS,handover; mobility
Faulty Handover Algorithm,AF influence on Access and Mobility rel,AF influence on Access and Mobility rel,Concept,"AF influence on Access and Mobility rel is a concept defined in clause 6.1.2.6, which describes the impact of the Application Function (AF) on access and mobility management in a network context.",chunk-f796d3c841159174b9a912e8d0c57896,../3GPP-trunked/Rel-19/23_series/23503-j30.md6.1.2.6,1770220110,Rel-19/38_series/38133-j00_sA.17-A.18/graph_chunk_entity_relation.graphml,Rel-19,AF influence on Access and Mobility rel,mobility
Faulty Handover Algorithm,fdd-Add-UE-NR-Capabilities,fdd-Add-UE-NR-Capabilities,Technology,"fdd-Add-UE-NR-Capabilities is a sequence defining additional capabilities for User Equipment (UE) in NR (New Radio) under FDD (Frequency Division Duplex) mode, including physical, MAC, and measurement and mobility parameters with specific configurations.<SEP>fdd-Add-UE-NR-Capabilities is a parameter set used to add UE NR capabilities for FDD mode, and it includes mac-ParametersXDD-Diff and measAndMobParametersFRX-Diff for signaling specific capabilities.<SEP>fdd-Add-UE-NR-Capabilities is a configuration entity used to add NR capabilities for FDD mode in a UE, and it includes parameters such as mac-ParametersXDD-Diff and measAndMobParametersXDD-Diff for MAC and measurement/mobility settings.",chunk-954579e86c44046f7f84ba677cec382c<SEP>chunk-6d2389b4c7be10e9a738dcb2b90b1ea2<SEP>chunk-2130774bfda4587ee282e28dcbc5e230,../3GPP-trunked/Rel-19/38_series/38523-1-j00_s0815-s08161.md8.1.5.1.1.3.3,1770225849,Rel-19/38_series/38174-j00/graph_chunk_entity_relation.graphml,Rel-19,fdd-Add-UE-NR-Capabilities,mobility
Faulty Handover Algorithm,tdd-Add-UE-NR-Capabilities,tdd-Add-UE-NR-Capabilities,Technology,"tdd-Add-UE-NR-Capabilities is a sequence defining additional capabilities for User Equipment (UE) in NR (New Radio) under TDD (Time Division Duplex) mode, including physical, MAC, and measurement and mobility parameters with specific configurations.<SEP>tdd-Add-UE-NR-Capabilities is a parameter set used to add UE NR capabilities for TDD mode, and it includes mac-ParametersXDD-Diff and measAndMobParametersFRX-Diff for signaling specific capabilities.<SEP>tdd-Add-UE-NR-Capabilities is a configuration entity used to add NR capabilities for TDD mode in a UE, and it includes parameters such as mac-ParametersXDD-Diff and measAndMobParametersXDD-Diff for MAC and measurement/mobility settings.",chunk-954579e86c44046f7f84ba677cec382c<SEP>chunk-6d2389b4c7be10e9a738dcb2b90b1ea2<SEP>chunk-2130774bfda4587ee282e28dcbc5e230,../3GPP-trunked/Rel-19/38_series/38523-1-j00_s0815-s08161.md8.1.5.1.1.3.3,1770225849,Rel-19/38_series/38174-j00/graph_chunk_entity_relation.graphml,Rel-19,tdd-Add-UE-NR-Capabilities,mobility
Faulty Handover Algorithm,fr1-Add-UE-NR-Capabilities,fr1-Add-UE-NR-Capabilities,Technology,"fr1-Add-UE-NR-Capabilities is a sequence defining additional capabilities for User Equipment (UE) in NR (New Radio) for the FR1 frequency band, including physical parameters with specific configurations.<SEP>fr1-Add-UE-NR-Capabilities is a parameter set used to add UE NR capabilities for FR1 frequency range, and it includes measAndMobParametersFRX-Diff for signaling specific capabilities.<SEP>fr1-Add-UE-NR-Capabilities is a configuration entity used to add NR capabilities for Frequency Range 1 (FR1) in a UE, and it includes parameters such as measAndMobParametersFRX-Diff for measurement and mobility settings.",chunk-954579e86c44046f7f84ba677cec382c<SEP>chunk-6d2389b4c7be10e9a738dcb2b90b1ea2<SEP>chunk-2130774bfda4587ee282e28dcbc5e230,../3GPP-trunked/Rel-19/38_series/38523-1-j00_s0815-s08161.md8.1.5.1.1.3.3,1770225849,Rel-19/38_series/38174-j00/graph_chunk_entity_relation.graphml,Rel-19,fr1-Add-UE-NR-Capabilities,mobility
Faulty Handover Algorithm,fr2-Add-UE-NR-Capabilities,fr2-Add-UE-NR-Capabilities,Technology,"fr2-Add-UE-NR-Capabilities is a parameter set used to add UE NR capabilities for<SEP>fr2-Add-UE-NR-Capabilities is a configuration entity used to add NR capabilities for Frequency Range 2 (FR2) in a UE, and it includes parameters such as measAndMobParametersFRX-Diff for measurement and mobility settings.",chunk-6d2389b4c7be10e9a738dcb2b90b1ea2<SEP>chunk-2130774bfda4587ee282e28dcbc5e230,../3GPP-trunked/Rel-19/38_series/38523-1-j00_s0815-s08161.md8.1.5.1.1.3.3,1770225853,Rel-19/38_series/38174-j00/graph_chunk_entity_relation.graphml,Rel-19,fr2-Add-UE-NR-Capabilities,mobility
Faulty Handover Algorithm,handoverLTE-EPC,handoverLTE-EPC,Concept,"handoverLTE-EPC is a feature related to handover from LTE to EPC, marked as not checked.",chunk-272fd78d86266458fe0ab95fcb43369e,../3GPP-trunked/Rel-19/38_series/38523-1-j00_s0815-s08161.md8.1.5.1.1.3.3,1770225868,Rel-19/38_series/38174-j00/graph_chunk_entity_relation.graphml,Rel-19,handoverLTE-EPC,handover
Faulty Handover Algorithm,condHandover-r16,condHandover-r16,Concept,"condHandover-r16 is a conditional handover feature in 3GPP Release 16, and is currently checked. It is associated with the parameter configuration pc_condHandover_r16.",chunk-0d5781f25913d16fc1f37536fe1785ff,../3GPP-trunked/Rel-19/38_series/38523-1-j00_s0815-s08161.md8.1.5.1.1.3.3,1770225888,Rel-19/38_series/38174-j00/graph_chunk_entity_relation.graphml,Rel-19,condHandover-r16,handover
Faulty Handover Algorithm,condHandoverFailure-r16,condHandoverFailure-r16,Concept,"condHandoverFailure-r16 is a conditional handover failure detection mechanism in 3GPP Release 16, and is currently checked. It is associated with the parameter configuration pc_condHandoverFailure_r16.)##
(entity",chunk-0d5781f25913d16fc1f37536fe1785ff,../3GPP-trunked/Rel-19/38_series/38523-1-j00_s0815-s08161.md8.1.5.1.1.3.3,1770225888,Rel-19/38_series/38174-j00/graph_chunk_entity_relation.graphml,Rel-19,condHandoverFailure-r16,handover; handover failure
Faulty Handover Algorithm,measAndMobParametersXDD-Diff,measAndMobParametersXDD-Diff,Technology,"measAndMobParametersXDD-Diff is a parameter set used in measAndMobParameters and in fdd-Add-UE-NR-Capabilities and tdd-Add-UE-NR-Capabilities to signal measurement and mobility parameters, including support for sftd-Me<SEP>measAndMobParametersXDD-Diff is a parameter set within fdd-Add-UE-NR-Capabilities and tdd-Add-UE-NR-Capabilities used to signal measurement and mobility parameters for FDD and TDD modes, respectively.",chunk-6d2389b4c7be10e9a738dcb2b90b1ea2<SEP>chunk-2130774bfda4587ee282e28dcbc5e230,../3GPP-trunked/Rel-19/38_series/38523-1-j00_s0815-s08161.md8.1.5.1.1.3.3,1770225890,Rel-19/38_series/38174-j00/graph_chunk_entity_relation.graphml,Rel-19,measAndMobParametersXDD-Diff,mobility
Faulty Handover Algorithm,Cell reselection,Cell reselection,Concept<SEP>UNKNOWN,"Cell reselection is a mobility management procedure in mobile networks that enables a user equipment (UE) or mobile station to switch from one cell to another, primarily in idle mode, to maintain connectivity and optimize signal quality. This process is integral to ensuring continuous network coverage and efficient resource utilization. Cell reselection is governed by specific criteria and parameters, including Qrxlevmin, Qhyst, Qoffset, Treselect, and Pcompensation, which influence the decision-making process based on signal strength, quality, and network conditions. 

The procedure is defined across multiple sections of the 3GPP specifications: Section 6.1.2.4 addresses interband operation between FDD systems, where Pcompensation is used to manage power adjustments during frequency band transitions. Section 6.1.2.7 outlines the general mechanism for cell switching to maintain connectivity and enhance network performance. Section 6.1.2.9 specifies the use of parameters such as Qhyst, Qoffset, and Treselect to determine the optimal cell for reselection. Section 6.1.2.12 further refines the process by incorporating cell status and reservations, particularly through the cellReservedForOther attribute, which affects reselection decisions when a cell is reserved for<SEP>Cell reselection is a procedure used in mobile networks to switch a mobile station from one cell to another based on cell status and cell reservations. It involves the use of Access Identity values 0, 1, 2, and 12 to 14, specifically related to the cellReservedForOperator parameter.<SEP>Cell reselection is a procedure defined in section 6.1.2.7 that enables a mobile station to switch from one cell to another for maintaining connectivity and optimizing network performance.<SEP>Cell reselection is a procedure defined in section 6.1.2.9 that involves selecting a new cell for connection based on parameters Qhyst, Qoffset, and Treselect.<SEP>Cell reselection is a procedure in mobile network operations that allows a mobile station to switch from one cell to another, typically to maintain connectivity and optimize signal quality. It is part of the broader set of mobility management functions.<SEP>Cell reselection is a procedure used in mobile networks to switch a mobile station from one cell to another based on cell status and cell reservations. It is triggered under specific conditions involving Access Identity 11 or 15, particularly when the cell is reserved for the operator.<SEP>Cell reselection is a procedure defined in section 6.1.2.12 that involves selecting a new cell for connection based on cell status and cell reservations, specifically considering the cellReservedForOther attribute.<SEP>Interband operation involves transitions between different frequency bands in FDD systems",chunk-b8f1d5face66cc7f4c5d4bdf6cbebf19<SEP>chunk-d396c8b3e490896085f572423e5ad549<SEP>chunk-8040c16336563d9286d327907fe3f579<SEP>chunk-db658a51d23a929afc2588c21e554b29<SEP>chunk-4a70bad4c82af3b6e061fd43063b889f<SEP>chunk-50bed73d30770246fcd14ca3131316c4<SEP>chunk-32d4c275c931dd6769b6ee2810ff4416<SEP>chunk-d6be3775b5b617654878854686a2ef3f<SEP>chunk-1063963e4441a0d0c49523616edfb723,../3GPP-trunked/Rel-19/38_series/38523-1-j00_cover.md6.1.2.1<SEP>../3GPP-trunked/Rel-19/38_series/38523-1-j00_cover.md6.1.2.5<SEP>../3GPP-trunked/Rel-19/38_series/38523-1-j00_cover.md6.1.2.4<SEP>../3GPP-trunked/Rel-19/38_series/38523-1-j00_cover.md6.1.2.7<SEP>../3GPP-trunked/Rel-19/38_series/38523-1-j00_cover.md6.1.2.9<SEP>../3GPP-trunked/Rel-19/38_series/38523-1-j00_cover.md6.1.2.8<SEP>../3GPP-trunked/Rel-19/38_series/38523-1-j00_cover.md6.1.2.12<SEP>../3GPP-trunked/Rel-19/38_series/38523-1-j00_cover.md6.1.2.14<SEP>../3GPP-trunked/Rel-19/38_series/38523-1-j00_cover.md6.1.2.13,1770223419<SEP>1770222670,Rel-19/38_series/38523-1-j00_cover/graph_chunk_entity_relation.graphml,Rel-19,Cell reselection<SEP>Cell reselection)##,mobility
Faulty Handover Algorithm,Intra NR,Intra NR,Concept,"Intra NR refers to the process of cell reselection within the same 5G New Radio (NR) network, involving mobility management between cells of the same frequency and same network type.",chunk-dec7650d67203407f1a74424d4988d8b,../3GPP-trunked/Rel-19/38_series/38523-1-j00_cover.md6.1.2.3,1770222632,Rel-19/38_series/38523-1-j00_cover/graph_chunk_entity_relation.graphml,Rel-19,Intra NR,mobility
Faulty Handover Algorithm,Pcompensation,Pcompensation,Technology,Pcompensation is a parameter used in cell reselection for interband operation to adjust power levels and ensure proper signal quality during handover between frequency bands.,chunk-4a70bad4c82af3b6e061fd43063b889f,../3GPP-trunked/Rel-19/38_series/38523-1-j00_cover.md6.1.2.5,1770222855,Rel-19/38_series/38523-1-j00_cover/graph_chunk_entity_relation.graphml,Rel-19,Pcompensation,handover
Faulty Handover Algorithm,unique TAC's,unique TAC's,Concept,"Unique TAC's (Tracking Area Codes) refer to distinct tracking area identifiers assigned to different cells or groups of cells, ensuring that each cell can be uniquely identified within a network for mobility management purposes.",chunk-d5526fcab76b14013d4cabdf56be371d,../3GPP-trunked/Rel-19/38_series/38523-1-j00_cover.md6.1.2.15,1770223161,Rel-19/38_series/38523-1-j00_cover/graph_chunk_entity_relation.graphml,Rel-19,unique TAC's,mobility
Faulty Handover Algorithm,unique RAN areas,unique RAN areas,Concept,"Unique RAN areas refer to distinct Radio Access Network regions that are uniquely identified and managed within a shared network environment, enabling proper mobility management and cell reselection based on geographical and network topology.",chunk-d5526fcab76b14013d4cabdf56be371d,../3GPP-trunked/Rel-19/38_series/38523-1-j00_cover.md6.1.2.15,1770223161,Rel-19/38_series/38523-1-j00_cover/graph_chunk_entity_relation.graphml,Rel-19,unique RAN areas,mobility
Faulty Handover Algorithm,unique cell identities,unique cell identities,Concept,"Unique cell identities are individual identifiers assigned to each cell within a network, ensuring that every cell can be uniquely recognized during mobility procedures such as cell reselection.",chunk-d5526fcab76b14013d4cabdf56be371d,../3GPP-trunked/Rel-19/38_series/38523-1-j00_cover.md6.1.2.15,1770223161,Rel-19/38_series/38523-1-j00_cover/graph_chunk_entity_relation.graphml,Rel-19,unique cell identities,mobility
Faulty Handover Algorithm,Repetition of tests,Repetition of tests,Concept,"Repetition of tests is a procedure described in the present document that determines when test cases need to be repeated. Generally, test cases are highly reproducible and do not require repetition unless otherwise specified. However, repetition may be required for test cases involving statistical criteria such as ""at least 90%"" for correct UE behavior in cell re-selection, measurement, and handover. Additionally, repetition may be necessary in test cases from TS 38.523-3 where HARQ retransmissions are not tolerated due to test case characteristics.",chunk-176e40381ea61897833cb7076447b26c,../3GPP-trunked/Rel-19/38_series/38523-1-j00_s00-s06.md4.3,1770226325,Rel-19/38_series/38523-1-j00_s00-s06/graph_chunk_entity_relation.graphml,Rel-19,Repetition of tests,handover
Faulty Handover Algorithm,correct UE behaviour,correct UE behaviour,Concept,"Correct UE behaviour refers to the expected performance of the User Equipment in processes such as cell re-selection, measurement, and handover, which must meet statistical criteria, such as ""at least 90%"". This behaviour is a key metric in evaluating test cases and may influence the need for test repetition.",chunk-176e40381ea61897833cb7076447b26c,../3GPP-trunked/Rel-19/38_series/38523-1-j00_s00-s06.md4.3,1770226325,Rel-19/38_series/38523-1-j00_s00-s06/graph_chunk_entity_relation.graphml,Rel-19,correct UE behaviour,handover
Faulty Handover Algorithm,NR idle mode operations,NR idle mode operations,Concept,"NR idle mode operations refer to the procedures and behaviors of a New Radio (NR) device when it is in idle state, managing connectivity and mobility without active data transmission. This includes monitoring system information, handling paging, and performing cell reselection.)##",chunk-b9f9a38d9af6aead9e2145575f7dfce4,../3GPP-trunked/Rel-19/38_series/38523-1-j00_s00-s06.md6.1,1770226359,Rel-19/38_series/38523-1-j00_s00-s06/graph_chunk_entity_relation.graphml,Rel-19,NR idle mode operations,mobility
Faulty Handover Algorithm,mobility,mobility,Concept,"mobility refers to the UE's ability to maintain or re-establish network connectivity during movement or handover between cells.<SEP>Mobility refers to the ability of a UE to maintain connectivity while moving between cells, and is a key aspect of the Registration procedure that triggers the downloading of an equivalent PLMN list for informed cell reselection.",chunk-0ed94a7a30f0622bcb9ec17881fa8d30<SEP>chunk-f322c9cca712201cd72edb7af2352ed8,../3GPP-trunked/Rel-19/38_series/38523-1-j00_s00-s06.md6.1.1.1.1<SEP>../3GPP-trunked/Rel-19/38_series/38523-1-j00_s00-s06.md6.1.1.3.1,1770226471,Rel-19/38_series/38523-1-j00_s00-s06/graph_chunk_entity_relation.graphml,Rel-19,mobility,handover; mobility
Faulty Handover Algorithm,5GS registration type,5GS registration type,Concept,"5GS registration type is a configuration parameter that determines the type of registration process in 5G System, with possible values including Initial Registration and Mobility Registration, and it influences the execution of subsequent test steps.",chunk-1851232422f45c2582ee29d9ebaa0c13,../3GPP-trunked/Rel-19/38_series/38523-1-j00_s00-s06.md6.1.1.1.3.2,1770226426,Rel-19/38_series/38523-1-j00_s00-s06/graph_chunk_entity_relation.graphml,Rel-19,5GS registration type,mobility
Faulty Handover Algorithm,Mobility Registration,Mobility Registration,Concept,Mobility Registration is a type of 5GS registration that triggers the execution of Steps 4 to 6a1 of the generic test procedure in TS 38.508-1 Table 4.9.5.2.2-1 on a specified NR Cell when set in step 22B or step 29B or step 31B.,chunk-1851232422f45c2582ee29d9ebaa0c13,../3GPP-trunked/Rel-19/38_series/38523-1-j00_s00-s06.md6.1.1.1.3.2,1770226426,Rel-19/38_series/38523-1-j00_s00-s06/graph_chunk_entity_relation.graphml,Rel-19,Mobility Registration,mobility
Faulty Handover Algorithm,5GS Registration Type,5GS Registration Type,Concept,"5GS Registration Type is a configuration setting in 5G System registration, which shall be set as Mobility Registration for R16 onwards UEs according to TS 24.501 subclause 5.2.3.2.5.",chunk-056353ac7dd1949bf79b226987fb8670,../3GPP-trunked/Rel-19/38_series/38523-1-j00_s00-s06.md6.1.1.1.3.2,1770226426,Rel-19/38_series/38523-1-j00_s00-s06/graph_chunk_entity_relation.graphml,Rel-19,5GS Registration Type,mobility
Faulty Handover Algorithm,RRCReconfiguration,RRCReconfiguration,Message,"RRCReconfiguration is a message transmitted by the SS to the UE to initiate handover from NR Cell 1 to NR Cell 2, including the RACH-ConfigDedicated information element. It is used in EN-DC scenarios and contained within RRCConnectionReconfiguration as per 36.508 [7], Table 4.6.1-8 under conditions EN-DC_PSCell_HO and RBConfig_NoKeyChange.<SEP>RRCReconfiguration is a message used in the random access procedure, defined in Table 7.1.1.1.1a.3.3-1, which includes the secondaryCellGroup and masterCellGroup fields. It is used in EN-DC scenarios and contains CellGroupConfig information.",chunk-33d3a50d89fdf681f19e5a9aed1cb020<SEP>chunk-27004585625e0b5c55d9baa2d7af16ff,../3GPP-trunked/Rel-19/38_series/38523-1-j00_s0701-s070112.md7.1.1.1.1.3.2<SEP>../3GPP-trunked/Rel-19/38_series/38523-1-j00_s0701-s070112.md7.1.1.1.1.3.3,1770224251,Rel-19/38_series/38523-1-j00_s0701-s070112/graph_chunk_entity_relation.graphml,Rel-19,RRCReconfiguration,handover
Faulty Handover Algorithm,measAndMobParametersFRX-Diff,measAndMobParametersFRX-Diff,Technology,"measAndMobParametersFRX-Diff is a parameter set within fr1-Add-UE-NR-Capabilities and fr2-Add-UE-NR-Capabilities used to signal measurement and mobility parameters for frequency range-specific configurations.<SEP>measAndMobParametersFRX-Diff is a parameter set used in measAndMobParameters and in fr1-Add-UE-NR-Capabilities and fr2-Add-UE-NR-Capabilities to signal measurement and mobility parameters, including support for ss-SINR-Meas and csi-RSRP-AndRSRQ-MeasWithoutSSB.<SEP>measAndMobParametersFRX-Diff is a sequence containing measurement and mobility parameters for frequency range X, including various signal quality and handover-related measurements.",chunk-d8f8ea46d26ce3ba6430d590bd2566dc<SEP>chunk-6d2389b4c7be10e9a738dcb2b90b1ea2<SEP>chunk-2130774bfda4587ee282e28dcbc5e230,../3GPP-trunked/Rel-19/38_series/38523-1-j00_s0815-s08161.md8.1.5.1.1.3.3,1770224774,Rel-19/38_series/38523-1-j00_s070115-s07014/graph_chunk_entity_relation.graphml,Rel-19,measAndMobParametersFRX-Diff,handover; mobility
Faulty Handover Algorithm,handoverInterF,handoverInterF,Technology,"handoverInterF is a feature related to inter-frequency handover support in NR UE capabilities. Its signaling depends on whether the UE supports single frequency range (FR1 or FR2) or both, and whether handoverInterF is supported in both frequency ranges or only one. If supported in both, it is signaled in measAndMobParameters/measAndMobParametersFRX-Diff; if supported in only one, it is signaled in fr1-Add-UE-NR-Capabilities/measAndMobParametersFRX-Diff or fr2-Add-UE-NR-Capabilities/measAndMobParametersFRX-Diff as appropriate. For dual mode (FDD/TDD), if supported in both modes, it is signaled in measAndMobParameters/measAndMobParametersXDD-Diff; if only in one mode, it is signaled in fdd-Add-UE-NR-Capabilities/measAndMobParametersXDD-Diff or tdd-Add-UE-NR-Capabilities/measAndMobParametersXDD-Diff as appropriate.<SEP>handoverInterF is a feature related to inter-frequency handover, marked as checked with NOTE 14, and associated with the parameter pc_handoverInterF.<SEP>handoverInterF is a mobility feature that enables inter-frequency handover in UE, and its support is signaled in measAndMobParameters/measAndMobParametersXDD-Diff when the UE is single mode (FDD or TDD) or dual mode (FDD and TDD) with support in both modes.<SEP>handoverInterF is a handover feature between frequency ranges that may be supported by a UE. Its support is signaled in measAndMobParameters/measAndMobParametersFRX-Diff if supported in both FR1 and FR2, or in fr1-Add-UE-NR-Capabilities/measAndMobParametersFRX-Diff or fr2-Add-UE-NR-Capabilities/measAndMobParametersFRX-Diff if supported in only one frequency range. It is also signaled in meas<SEP>handoverInterF is a handover parameter in measAndMobParametersFRX-Diff that enables inter-frequency handover, and is marked as checked with NOTE 14.",chunk-272fd78d86266458fe0ab95fcb43369e<SEP>chunk-d20abeb395b1bd4e66c0efc7274daf4e<SEP>chunk-d2f7001c144640295da54c6e2483944a<SEP>chunk-f4f8156a78921f88784c117ac6576a8e<SEP>chunk-d8f8ea46d26ce3ba6430d590bd2566dc,../3GPP-trunked/Rel-19/38_series/38523-1-j00_s0815-s08161.md8.1.5.1.1.3.3,1770224777,Rel-19/38_series/38523-1-j00_s070115-s07014/graph_chunk_entity_relation.graphml,Rel-19,handoverInterF,handover; mobility
Faulty Handover Algorithm,handoverLTE-5GC,handoverLTE-5GC,Concept,"handoverLTE-5GC is a feature related to handover from LTE to 5GC, marked as not checked.",chunk-272fd78d86266458fe0ab95fcb43369e,../3GPP-trunked/Rel-19/38_series/38523-1-j00_s0815-s08161.md8.1.5.1.1.3.3,1770224778,Rel-19/38_series/38523-1-j00_s070115-s07014/graph_chunk_entity_relation.graphml,Rel-19,handoverLTE-5GC,handover
Faulty Handover Algorithm,idleInactiveNR-MeasReport-r16,idleInactiveNR-MeasReport-r16,Technology,"idleInactiveNR-MeasReport-r16 is a capability indicating support for reporting measurements and mobility parameters in idle or inactive states for NR, signaled in measAndMobParameters/measAndMobParametersFRX-Diff when the UE supports a single frequency range (FR1 or FR2) or supports both FR1 and FR2 with idleInactiveNR-MeasReport-r16 supported in both frequency ranges. If supported in only one frequency range, it is signaled in fr1-Add-UE-NR-Capabilities/measAndMobParametersFRX-Diff or fr2-Add-UE-NR-Capabilities/measAndMobParametersFRX-Diff.<SEP>idleInactiveNR-MeasReport-r16 is a capability related to measurement reporting in idle or inactive states for NR, supported in FR1 or FR2 frequency ranges. Its support is signaled in measAndMobParameters/measAndMobParametersFRX-Diff when the UE supports single frequency range or both FR1 and FR2 with this feature supported in both ranges.<SEP>idleInactiveNR-MeasReport-r16 is a measurement reporting feature for idle/inactive NR<SEP>idleInactiveNR-MeasReport-r16 is a capability that enables measurement and mobility reporting in idle and inactive states for NR, and its support is signaled in measAndMobParameters/measAndMobParametersFRX-Diff when the UE supports a single frequency range (FR1 or FR2) or supports both FR1 and FR2 with the feature enabled in both ranges. If supported in only one range, it is signaled in one of fr1-Add-UE-NR-Capabilities/measAndMobParametersFRX-Diff or fr2-Add-UE-NR-Capabilities/measAndMobParametersFRX-Diff as appropriate.",chunk-ec43960e8d9be7c5c5f004d3d896a188<SEP>chunk-d8f8ea46d26ce3ba6430d590bd2566dc<SEP>chunk-a0ac6d527ac900790a5751b8926bda3b<SEP>chunk-bb44585977540fedf07b46335df6c77c,../3GPP-trunked/Rel-19/38_series/38523-1-j00_s0815-s08161.md8.1.5.1.1.3.3,1770224779,Rel-19/38_series/38523-1-j00_s070115-s07014/graph_chunk_entity_relation.graphml,Rel-19,idleInactiveNR-MeasReport-r16,mobility
Faulty Handover Algorithm,condHandoverWithSCG-NRDC-r17,condHandoverWithSCG-NRDC-r17,Concept,"condHandoverWithSCG-NRDC-r17 is a conditional handover mechanism involving Secondary Cell Group (SCG) in NR Dual Connectivity (NRDC) for Release 17, and is currently not checked.",chunk-1aa6536ca5625fa366dad6939c2d4481,../3GPP-trunked/Rel-19/38_series/38523-1-j00_s0815-s08161.md8.1.5.1.1.3.3,1770224782,Rel-19/38_series/38523-1-j00_s070115-s07014/graph_chunk_entity_relation.graphml,Rel-19,condHandoverWithSCG-NRDC-r17,handover
Faulty Handover Algorithm,T311,T311,Concept,"T311 is a timer that runs during certain mobility procedures, such as inter-RAT cell reselection. When T311 is running, it influences the transition to RRC_IDLE, particularly during inter-RAT cell selection.)##
(entity",chunk-c51fca9588e466d2e6211e83d6312651,../3GPP-trunked/Rel-19/38_series/38523-1-j00_s08-s0814.md8.1.1.1.2.2,1770215510,Rel-19/38_series/38523-1-j00_s08-s0814/graph_chunk_entity_relation.graphml,Rel-19,T311,mobility
Faulty Handover Algorithm,Inter-RAT MDT,Inter-RAT MDT,Concept,"8.1.6.2.1<SEP>Inter-RAT MDT is a measurement reporting mechanism used during inter-RAT handover in E-UTRA, where the UE performs measurements across different radio access technologies and reports them to the network.<SEP>Inter-RAT MDT is a feature that enables measurement data collection across different radio access technologies, specifically for monitoring and analyzing connection establishment failures in E-UTRA networks.",chunk-b5f9985d656b74dece1692f543874684<SEP>chunk-d5d88e5b2cbbd2c9f2795fb553a9629d<SEP>chunk-c1720e953325c00ef61728182e742f03,../3GPP-trunked/Rel-19/38_series/38523-1-j00_s08162-s0827.mdNone<SEP>../3GPP-trunked/Rel-19/38_series/38523-1-j00_s08162-s0827.md8.1.6.2.3<SEP>../3GPP-trunked/Rel-19/38_series/38523-1-j00_s08162-s0827.md8.1.6.2.4,1770215682,Rel-19/38_series/38523-1-j00_s08162-s0827/graph_chunk_entity_relation.graphml,Rel-19,Inter-RAT MDT,handover
Faulty Handover Algorithm,E-UTRA Cell 1,E-UTRA Cell 1,Technology,"E-UTRA Cell 1 is the inter-RAT neighbor cell of NR Cell 1 and is used for inter-RAT measurements or handover scenarios<SEP>E-UTRA Cell 1 is the inter-RAT neighbor cell of NR Cell 1, used for inter-RAT measurements and handover testing.)##
(entity<SEP>E-UTRA Cell 1 is the inter-RAT neighbor cell of NR Cell 1 and is used in the test scenario. It operates under system information combination 31 as defined in TS 36.508 [7].",chunk-771584f359ae21bf95c1646ed7eacab8<SEP>chunk-0661b8a780822bed40dd8cd0f86335f2<SEP>chunk-3c951c29b5fb8ba8ddb3de7a65db5545,../3GPP-trunked/Rel-19/38_series/38523-1-j00_s08162-s0827.md8.1.6.2.2.3.1<SEP>../3GPP-trunked/Rel-19/38_series/38523-1-j00_s08162-s0827.md8.1.6.2.1.3.1<SEP>../3GPP-trunked/Rel-19/38_series/38523-1-j00_s08162-s0827.md8.1.6.2.3.3.1,1770215652,Rel-19/38_series/38523-1-j00_s08162-s0827/graph_chunk_entity_relation.graphml,Rel-19,E-UTRA Cell 1,handover
Faulty Handover Algorithm,Reporting at E-UTRA Inter-RAT handover,Reporting at E-UTRA Inter-RAT handover,Concept,"Reporting at E-UTRA Inter-RAT handover refers to the process where measurement data is reported by the UE during handover from E-UTRA to another radio access technology, including events such as Inter-RAT MDT and Radio Link Failure.",chunk-d5d88e5b2cbbd2c9f2795fb553a9629d,../3GPP-trunked/Rel-19/38_series/38523-1-j00_s08162-s0827.md8.1.6.2.3,1770215639,Rel-19/38_series/38523-1-j00_s08162-s0827/graph_chunk_entity_relation.graphml,Rel-19,Reporting at E-UTRA Inter-RAT handover,handover
Faulty Handover Algorithm,HANDOVER FROM E-UTRA COMMAND message,HANDOVER FROM E-UTRA COMMAND message,Signal,,chunk-133989618a40ebcf9849d2b7cf239b05,../3GPP-trunked/Rel-19/38_series/38523-1-j00_s08162-s0827.md8.1.6.2.3.1,1770215642,Rel-19/38_series/38523-1-j00_s08162-s0827/graph_chunk_entity_relation.graphml,Rel-19,HANDOVER FROM E-UTRA COMMAND message,handover
Faulty Handover Algorithm,UE selects the E-UTRA cell after detection of radio link failure in NR cell,UE selects the E-UTRA cell after detection of radio link failure in NR cell,UNKNOWN,with {UE selects the E-UTRA cell after detection of radio link failure in NR cell} ensure that {when {UE receives a HANDOVER FROM E-UTRA COMMAND message} then {UE transmits an RRCReconfigurationComplete message containing rlf-InfoAvailable and enters NR RRC_CONNECTED state}},chunk-133989618a40ebcf9849d2b7cf239b05,../3GPP-trunked/Rel-19/38_series/38523-1-j00_s08162-s0827.md8.1.6.2.3.1,1770215643,Rel-19/38_series/38523-1-j00_s08162-s0827/graph_chunk_entity_relation.graphml,Rel-19,UE selects the E-UTRA cell after detection of radio link failure in NR cell,handover
Faulty Handover Algorithm,mobility registration updating,mobility registration updating,Terminology,,chunk-e09d583c25b9324d5290262f63181b50,../3GPP-trunked/Rel-19/38_series/38523-1-j00_s08162-s0827.md8.1.6.2.3.3.2,1770215677,Rel-19/38_series/38523-1-j00_s08162-s0827/graph_chunk_entity_relation.graphml,Rel-19,mobility registration updating,mobility
Faulty Handover Algorithm,Table 8.1.6.2.3.3.2-3,Table 8.1.6.2.3.3.2-3,Document,"Table 8.1.6.2.3.3.2-3 outlines the main behavior of the test procedure, including step-by-step actions, message sequences, and verdicts for the test execution involving RRC reconfiguration, security mode, and mobility handover between NR and E-UTRA cells.",chunk-798ae3af06066419d2c4e158caf7c3ad,../3GPP-trunked/Rel-19/38_series/38523-1-j00_s08162-s0827.md8.1.6.2.3.3.2,1770215677,Rel-19/38_series/38523-1-j00_s08162-s0827/graph_chunk_entity_relation.graphml,Rel-19,Table 8.1.6.2.3.3.2-3,handover; mobility
Faulty Handover Algorithm,E-UTRA measurement,E-UTRA measurement,Concept,"E-UTRA measurement refers to the process of measuring signal quality and network parameters in the Evolved Universal Terrestrial Radio Access (E-UTRA) network, used for handover decisions and network optimization.",chunk-c1720e953325c00ef61728182e742f03,../3GPP-trunked/Rel-19/38_series/38523-1-j00_s08162-s0827.md8.1.6.2.4,1770215682,Rel-19/38_series/38523-1-j00_s08162-s0827/graph_chunk_entity_relation.graphml,Rel-19,E-UTRA measurement,handover
Faulty Handover Algorithm,5GS mobility management,5GS mobility management,Concept,5GS mobility management is a mobility management function in the 5G System (5GS) that handles the mobility of user equipment (UE) across different network areas. It ensures continuous connectivity and session continuity during handovers and location updates.)##,chunk-0c41bbcdba45545257f0124a76a8de56,../3GPP-trunked/Rel-19/38_series/38523-1-j00_s09-s103.md9.1,1770228295,Rel-19/38_series/38523-1-j00_s09-s103/graph_chunk_entity_relation.graphml,Rel-19,5GS mobility management,handover; mobility
Faulty Handover Algorithm,Mobility management,Mobility management,Concept,Mobility management is a functional area in mobile networks responsible for handling the movement of users across network cells and maintaining connectivity during transitions. It is defined under section 9 of the document.,chunk-a7909a4830917e2d506921f1689b7431,../3GPP-trunked/Rel-19/38_series/38523-1-j00_s09-s103.md9,1770228296,Rel-19/38_series/38523-1-j00_s09-s103/graph_chunk_entity_relation.graphml,Rel-19,Mobility management,mobility
Faulty RF Filters,Nnef_EventExposure_Subscribe,Nnef_EventExposure_Subscribe,Technology,"Nnef_EventExposure_Subscribe is a service invoked by the AF to trigger energy information exposure, including parameters such as desired granularity, desired information type, and optional information like UE ID(s)/GPSI, DNN, S-NSSAI, and filter criteria.",chunk-134585306099fc4c4667bb4fe9f7dd93,../3GPP-trunked/Rel-19/23_series/23700-66-j00.md6.17.3,1770201663,Rel-19/22_series/22125-j20/graph_chunk_entity_relation.graphml,Rel-19,Nnef_EventExposure_Subscribe,filter
Faulty RF Filters,QoS profile criteria,QoS profile criteria,Concept,"QoS profile criteria are conditions used to define data volume measurements for cross-operator accounting. They may include one or more of: Q<SEP>QoS profile criteria are conditions used to filter data volume measurements in the management of cross-operator accounting. They include one or more of: QCI Indicator, GBR Indicator, and ARP Indicator, each specifying a particular quality of service parameter.",chunk-3db0da9c232fb79f68077aac2bd2b93f<SEP>chunk-887edcab2d349f7bd07c71c2afaafc5b,../3GPP-trunked/Rel-19/32_series/32130-j00.md6.1<SEP>../3GPP-trunked/Rel-19/32_series/32130-j00.md6.4.1,1770200273,Rel-19/22_series/22268-j00/graph_chunk_entity_relation.graphml,Rel-19,QoS profile criteria,filter
Faulty RF Filters,PCF/AMF,PCF/AMF,Technology,"The PCF and AMF obtain energy related information and validity information to generate URSP rules and slices.<SEP>PCF/AMF is a network function that acts as a consumer NF and is enabled to support energy-related information. It sends an Analytics request or subscription to NWDAF, including either a new Analytics ID for ""Energy related Information"" or an existing Analytics ID combined with Analytics Filters such as Application ID, S-NSSAI, DNN, and Area of Interest.<SEP>PCF/AMF is a network function acting as a consumer NF that, when enabled, sends a request or subscribes to the EMF to obtain energy-related information.",chunk-2658dfbd71f2bcaf27ce68d018d1fe8b<SEP>chunk-8040d878674cc76f77e18c82593ae0d0<SEP>chunk-437f18fa20c7f014185d8a3c0b0d48b1,../3GPP-trunked/Rel-19/23_series/23700-66-j00.md6.11.3<SEP>../3GPP-trunked/Rel-19/23_series/23700-66-j00.md6.11.3.1<SEP>../3GPP-trunked/Rel-19/23_series/23700-66-j00.md6.11.3.2,1770201321,Rel-19/22_series/22369-j30/graph_chunk_entity_relation.graphml,Rel-19,PCF/AMF,filter
Faulty RF Filters,Energy related Information,Energy related Information,Concept,"Energy related Information is a type of analytics data that can be requested or subscribed to by PCF/AMF via a new Analytics ID or an existing Analytics ID combined with Analytics Filters such as Application ID, S-NSSAI, DNN, and Area of Interest. It is collected and analyzed by NWDAF and delivered to PCF/AMF.",chunk-8040d878674cc76f77e18c82593ae0d0,../3GPP-trunked/Rel-19/23_series/23700-66-j00.md6.11.3.1,1770201258,Rel-19/22_series/22369-j30/graph_chunk_entity_relation.graphml,Rel-19,Energy related Information,filter
Faulty RF Filters,Analytics request,Analytics request,Concept,"Analytics request is a procedure initiated by PCF/AMF to NWDAF to obtain energy-related information. It includes either a new Analytics ID for ""Energy related Information"" or an existing Analytics ID with associated Analytics Filters.",chunk-8040d878674cc76f77e18c82593ae0d0,../3GPP-trunked/Rel-19/23_series/23700-66-j00.md6.11.3.1,1770201258,Rel-19/22_series/22369-j30/graph_chunk_entity_relation.graphml,Rel-19,Analytics request,filter
Faulty RF Filters,Analytics Filters,Analytics Filters,Terminology,,chunk-5f1ae4b05481966deb21326e24a6c8db,../3GPP-trunked/Rel-19/23_series/23700-66-j00.md6.11.4,1770201320,Rel-19/22_series/22369-j30/graph_chunk_entity_relation.graphml,Rel-19,Analytics Filters,filter
Faulty RF Filters,Nnef_EnergyInfo_Subscribe,Nnef_EnergyInfo_Subscribe,Signal,"Nnef_EnergyInfo_Subscribe is a request invoked by the AF to update the filter information of the subscription for network energy-related information.<SEP>Nnef_EnergyInfo_Subscribe is a request signal sent by the AF to the NEF to subscribe for network energy-related information. It includes parameters such as Granularity of Reporting, Filter Information, Reporting Mode, threshold values, and optional indications for top contributors and ordered lists of contributors.",chunk-7cfc6fa062a1e15811dc31886c5e8639<SEP>chunk-a5aabe688f0ef48dae899713464fcd12,../3GPP-trunked/Rel-19/23_series/23700-66-j00.md6.2.3.1,1770200835,Rel-19/22_series/22843-j20/graph_chunk_entity_relation.graphml,Rel-19,Nnef_EnergyInfo_Subscribe,filter
Faulty RF Filters,Filter Information,Filter Information,Terminology,,chunk-7cfc6fa062a1e15811dc31886c5e8639,../3GPP-trunked/Rel-19/23_series/23700-66-j00.md6.2.3.1,1770200836,Rel-19/22_series/22843-j20/graph_chunk_entity_relation.graphml,Rel-19,Filter Information,filter
Faulty RF Filters,IP filter information,IP filter information,Terminology,,chunk-07e2e92f2a3d0a7e18745b7740956a1f,../3GPP-trunked/Rel-19/23_series/23700-66-j00.md6.12.2.2,1770201423,Rel-19/22_series/22876-j10/graph_chunk_entity_relation.graphml,Rel-19,IP filter information,filter
Faulty RF Filters,count,count,Attribute,"count is a Uinteger data type attribute in RecordSearchResultDescriptor that indicates the number of records found by the search. If the tag-count-filter parameter is included, count must be set to 0 and should be ignored in such cases.",chunk-3b4acb644d7c7e037f4fdcec4dc9dc8d,../3GPP-trunked/Rel-19/29_series/29598-j10.md6.1.6.2.2,1770194287,Rel-19/23_series/23007-j10/graph_chunk_entity_relation.graphml,Rel-19,count,filter
Faulty RF Filters,tagCountResult,tagCountResult,Attribute,tagCountResult is a map of TagCount data type attribute in RecordSearchResultDescriptor that contains the result of advanced counting. The key of the map is the unique identifier used to identify the Advanced Counting map in the GET operation. It is conditionally present and must be included if the tag-count-filter parameter was included in the request.,chunk-3b4acb644d7c7e037f4fdcec4dc9dc8d,../3GPP-trunked/Rel-19/29_series/29598-j10.md6.1.6.2.2,1770194287,Rel-19/23_series/23007-j10/graph_chunk_entity_relation.graphml,Rel-19,tagCountResult,filter
Faulty RF Filters,tag-count-filter,tag-count-filter,Terminology,,chunk-3b4acb644d7c7e037f4fdcec4dc9dc8d,../3GPP-trunked/Rel-19/29_series/29598-j10.md6.1.6.2.2,1770194287,Rel-19/23_series/23007-j10/graph_chunk_entity_relation.graphml,Rel-19,tag-count-filter,filter
Faulty RF Filters,filter criteria,filter criteria,Concept,Filter criteria are conditions used to identify and retrieve specific records from the resource based on matching attributes.,chunk-2bf186b942349a84861c407509d5b0f5,../3GPP-trunked/Rel-19/29_series/29598-j10.md6.1.3.2.1,1770194026,Rel-19/23_series/23041-j00/graph_chunk_entity_relation.graphml,Rel-19,filter criteria,filter
Faulty RF Filters,search,search,Concept,Search is an operation performed on the resource to locate specific records that meet the specified filter criteria.,chunk-2bf186b942349a84861c407509d5b0f5,../3GPP-trunked/Rel-19/29_series/29598-j10.md6.1.3.2.1,1770194026,Rel-19/23_series/23041-j00/graph_chunk_entity_relation.graphml,Rel-19,search,filter
Faulty RF Filters,subFilter,subFilter,Attribute,"subFilter is an optional attribute of type SubscriptionFilter that, if not included, means the subscription applies to all Create, Delete, and Update events of the storage.",chunk-91b09d438b3795359c602b0da82d9c2b,../3GPP-trunked/Rel-19/29_series/29598-j10.md6.1.6.2.10,1770194340,Rel-19/23_series/23203-j10/graph_chunk_entity_relation.graphml,Rel-19,subFilter,filter
Faulty RF Filters,SubscriptionFilter,SubscriptionFilter,Concept,"SubscriptionFilter is a type defined in Table 6.1.6.2.13-1 that specifies criteria for monitoring resource changes and triggering notifications. It includes attributes such as monitoredResourceUris and operations, with specific rules for their usage and applicability.>",chunk-9f648ce950efd76669d61fd7a29fa467,../3GPP-trunked/Rel-19/29_series/29598-j10.md6.1.6.2.13,1770194367,Rel-19/23_series/23203-j10/graph_chunk_entity_relation.graphml,Rel-19,SubscriptionFilter,filter
Faulty RF Filters,CountExpression,CountExpression,Concept,"CountExpression is a type defined in Table 6.1.6.2.19-1 that specifies the attributes and constraints for counting records in a storage system. It includes the tag, countType, and filter attributes with specific data types, cardinalities, and applicability conditions.",chunk-509174f35e26205d0f08b45b47899389,../3GPP-trunked/Rel-19/29_series/29598-j10.md6.1.6.2.19,1770194427,Rel-19/23_series/23203-j10/graph_chunk_entity_relation.graphml,Rel-19,CountExpression,filter
Faulty RF Filters,filter,filter,Terminology,,chunk-509174f35e26205d0f08b45b47899389,../3GPP-trunked/Rel-19/29_series/29598-j10.md6.1.6.2.19,1770194426,Rel-19/23_series/23203-j10/graph_chunk_entity_relation.graphml,Rel-19,filter,filter
Faulty RF Filters,AdvancedCounting,AdvancedCounting,Concept<SEP>UNKNOWN,"AdvancedCounting is a component or<SEP>AdvancedCounting is an application that uses SearchExpression and specifically incorporates<SEP>AdvancedCounting is a feature that supports retrieval of aggregate, total, and unique tag counts from the UDSF. When querying for tag counts, the user can specify a tag-count-filter query parameter with countType and optional<SEP>The behavior of TOTAL_COUNT depends on whether the ""tag"" is provided in AdvancedCounting",chunk-0885b138b0739888591427a630368e41<SEP>chunk-d9ddb879855996878798d09ae7d5213b<SEP>chunk-132bbe6a34836f04ebf9a79754f65150,../3GPP-trunked/Rel-19/29_series/29598-j10.md6.1.6.3.8<SEP>../3GPP-trunked/Rel-19/29_series/29598-j10.md6.1.6.4.1<SEP>../3GPP-trunked/Rel-19/29_series/29598-j10.md6.1.8,1770194506<SEP>1770194480,Rel-19/23_series/23203-j10/graph_chunk_entity_relation.graphml<SEP>Rel-19/23_series/23700-21-j10/graph_chunk_entity_relation.graphml,Rel-19,AdvancedCounting<SEP>AdvancedCounting)##,filter
Faulty RF Filters,BulkOperations,BulkOperations,Concept,"BulkOperations is a feature that enables optimization for retrieval or deletion of a large number of records identified by a list of record IDs. It allows NF consumers to request remaining records via a recordIdList when only a subset of matching records is received due to content size limits, provided the CombinedSearchRetrieve feature was previously used. If not supported, the RecordIdList must not be included in the filter query parameter of search requests.",chunk-0885b138b0739888591427a630368e41,../3GPP-trunked/Rel-19/29_series/29598-j10.md6.1.8,1770194506,Rel-19/23_series/23203-j10/graph_chunk_entity_relation.graphml,Rel-19,BulkOperations,filter
Faulty RF Filters,Timers (Store),Timers (Store),Concept,"Timers (Store) is a resource in the nudsf-timer API that represents a collection of timers. It is accessed via the URI /{realmId}/{storageId}/timers and supports HTTP methods GET and DELETE for searching, retrieving, and stopping timers matching a filter.",chunk-897704268ef76e1b189baf481a486d27,../3GPP-trunked/Rel-19/29_series/29598-j10.md6.2.3.1,1770194536,Rel-19/23_series/23203-j10/graph_chunk_entity_relation.graphml,Rel-19,Timers (Store),filter
Faulty RF Filters,delete,delete,UNKNOWN,Storage supports the delete operation on timers using filter criteria.,chunk-6a5d4e028279c001f8f5e3c9e6cf03df,../3GPP-trunked/Rel-19/29_series/29598-j10.md6.2.3.2.1,1770194541,Rel-19/23_series/23203-j10/graph_chunk_entity_relation.graphml,Rel-19,delete,filter
Faulty RF Filters,filter based overload control,filter based overload control,Concept<SEP>UNKNOWN,Filter based overload control is a mechanism described in section 5.22.2 that manages system overload by filtering incoming requests or signals. It is designed to prevent system overload by selectively processing or rejecting traffic based on predefined criteria.<SEP>Filter based overload control uses a mechanism to manage system overload by filtering incoming requests or signals,chunk-98aa1f63e68228b71b1e60232a4ef8a2,../3GPP-trunked/Rel-19/23_series/23228-j20.md1,1770198227,Rel-19/23_series/23228-j20/graph_chunk_entity_relation.graphml,Rel-19,filter based overload control<SEP>filter based overload control)##,filter; filtering
Faulty RF Filters,information flow,information flow,Concept,"Information flow refers to the movement of data or control signals between components in the filter based overload control mechanism, as illustrated in the accompanying figure.",chunk-98aa1f63e68228b71b1e60232a4ef8a2,../3GPP-trunked/Rel-19/23_series/23228-j20.md1,1770198227,Rel-19/23_series/23228-j20/graph_chunk_entity_relation.graphml,Rel-19,information flow,filter
Faulty RF Filters,mechanism,mechanism,Concept,Mechanism refers to the operational method or process used in the filter based overload control to manage system overload by applying filters to incoming traffic.,chunk-98aa1f63e68228b71b1e60232a4ef8a2,../3GPP-trunked/Rel-19/23_series/23228-j20.md1,1770198227,Rel-19/23_series/23228-j20/graph_chunk_entity_relation.graphml,Rel-19,mechanism,filter
Faulty RF Filters,AS/S-CSCF,AS/S-CSCF,Technology,"AS/S-CSCF is a component that subscribes to overload event notifications for AS-1 and AS-2 during initialization or restart, and receives overload control filters (1c) and (2c). It is responsible for determining the forwarding destination of an incoming INVITE message, such as AS-1 in the given example.",chunk-b66c0fdd0b985168e16d12e98d88ff21,../3GPP-trunked/Rel-19/23_series/23228-j20.md3,1770198242,Rel-19/23_series/23228-j20/graph_chunk_entity_relation.graphml,Rel-19,AS/S-CSCF,filter
Faulty RF Filters,overload control filters (1c),overload control filters (1c),Terminology,,chunk-b66c0fdd0b985168e16d12e98d88ff21,../3GPP-trunked/Rel-19/23_series/23228-j20.md3,1770198242,Rel-19/23_series/23228-j20/graph_chunk_entity_relation.graphml,Rel-19,overload control filters (1c),filter
Faulty RF Filters,overload control filters (2c),overload control filters (2c),Terminology,,chunk-b66c0fdd0b985168e16d12e98d88ff21,../3GPP-trunked/Rel-19/23_series/23228-j20.md3,1770198242,Rel-19/23_series/23228-j20/graph_chunk_entity_relation.graphml,Rel-19,overload control filters (2c),filter
Faulty RF Filters,Data stream,Data stream,Concept,"A data stream is a sequence of data that is agnostic to any underlying media type (e.g., audio, video, telemetry data), allowing processing (e.g., semantic, syntactic, save, or filter operations) to begin before the entire",chunk-17713049a051e2c824030527ca18b9eb,../3GPP-trunked/Rel-19/23_series/23282-j60.md3.1,1770197372,Rel-19/23_series/23482-j10/graph_chunk_entity_relation.graphml,Rel-19,Data stream,filter
Faulty RF Filters,Application detection filter,Application detection filter,Concept,"An application detection filter is a logic used to detect packets generated by an application based on extended inspection of these packets, such as header and/or payload information, as well as dynamics of packet flows. The logic is entirely internal to a UPF and is out of scope of this specification.",chunk-ad394ae3e7d8515564dba60b91dea492,../3GPP-trunked/Rel-19/23_series/23503-j30.md3.1,1770196058,Rel-19/23_series/23503-j30/graph_chunk_entity_relation.graphml,Rel-19,Application detection filter,filter
Faulty RF Filters,Application identifier,Application identifier,Concept,An application identifier is an identifier referring to a specific application detection filter.,chunk-ad394ae3e7d8515564dba60b91dea492,../3GPP-trunked/Rel-19/23_series/23503-j30.md3.1,1770196058,Rel-19/23_series/23503-j30/graph_chunk_entity_relation.graphml,Rel-19,Application identifier,filter
Faulty RF Filters,Detected application traffic,Detected application traffic,Concept,Detected application traffic is an aggregate set of packet flows that are generated by a given application and detected by an application detection filter.,chunk-ad394ae3e7d8515564dba60b91dea492,../3GPP-trunked/Rel-19/23_series/23503-j30.md3.1,1770196058,Rel-19/23_series/23503-j30/graph_chunk_entity_relation.graphml,Rel-19,Detected application traffic,filter
Faulty RF Filters,FinalUnitIndication,FinalUnitIndication,Concept,"FinalUnitIndication is a type defined in Table 6.1.6.2.1.12-1 that indicates the action to be taken when a user's account cannot cover the service cost. It includes attributes such as finalUnitAction, restrictionFilterRule, restrictionFilterRuleList, filterId, filterIdList, and redirectServer, each with specific data types, cardinality, and applicability.",chunk-41377e3d241b2feda5b70a5c850b9b81,../3GPP-trunked/Rel-19/32_series/32291-j20.md6.1.6.2.1.12,1770197178,Rel-19/23_series/23542-j00/graph_chunk_entity_relation.graphml,Rel-19,FinalUnitIndication,filter
Faulty RF Filters,IPFilterRule,IPFilterRule,Technology,IPFilterRule is a data type used in FinalUnitIndication to define a filter rule for services that remain accessible even when no service units are granted.,chunk-41377e3d241b2feda5b70a5c850b9b81,../3GPP-trunked/Rel-19/32_series/32291-j20.md6.1.6.2.1.12,1770197178,Rel-19/23_series/23542-j00/graph_chunk_entity_relation.graphml,Rel-19,IPFilterRule,filter
Faulty RF Filters,restrictionFilterRule,restrictionFilterRule,Technology,"restrictionFilterRule is an attribute in FinalUnitIndication with data type IPFilterRule, cardinality 0..1, and is used to define a filter rule for services that remain accessible even when no service units are granted.",chunk-41377e3d241b2feda5b70a5c850b9b81,../3GPP-trunked/Rel-19/32_series/32291-j20.md6.1.6.2.1.12,1770197178,Rel-19/23_series/23542-j00/graph_chunk_entity_relation.graphml,Rel-19,restrictionFilterRule,filter
Faulty RF Filters,restrictionFilterRuleList,restrictionFilterRuleList,Technology,"restrictionFilterRuleList is an attribute in FinalUnitIndication with data type array(IPFilterRule), cardinality 1..N, and is used instead of restrictionFilterRule when more than one restrictionFilterRule is needed.",chunk-41377e3d241b2feda5b70a5c850b9b81,../3GPP-trunked/Rel-19/32_series/32291-j20.md6.1.6.2.1.12,1770197178,Rel-19/23_series/23542-j00/graph_chunk_entity_relation.graphml,Rel-19,restrictionFilterRuleList,filter
Faulty RF Filters,filterId,filterId,Technology,"filterId is an attribute in FinalUnitIndication with data type string, cardinality 0..1, and represents the IP packet filter corresponding to services that remain accessible even when no service units are granted. It may be used as a reference to a list of IPFilterRules.",chunk-41377e3d241b2feda5b70a5c850b9b81,../3GPP-trunked/Rel-19/32_series/32291-j20.md6.1.6.2.1.12,1770197178,Rel-19/23_series/23542-j00/graph_chunk_entity_relation.graphml,Rel-19,filterId,filter
Faulty RF Filters,filterIdList,filterIdList,Technology,"filterIdList is an attribute in FinalUnitIndication with data type array(string), cardinality 1..N, and is used instead of filterId when more than one filterId is needed.",chunk-41377e3d241b2feda5b70a5c850b9b81,../3GPP-trunked/Rel-19/32_series/32291-j20.md6.1.6.2.1.12,1770197178,Rel-19/23_series/23542-j00/graph_chunk_entity_relation.graphml,Rel-19,filterIdList,filter
Faulty RF Filters,matchingRecords,matchingRecords,Concept,matchingRecords is an attribute of type RecordSearchResult that contains an array of Record objects matching the search filters. The array may be a subset if the total content size exceeds the max-payload-size received in the request. It is mandatory and has a cardinality of 1..N.,chunk-b62393a5a60f66b8410a59305158c2b1,../3GPP-trunked/Rel-19/29_series/29598-j10.md6.1.6.2.18,1770194433,Rel-19/23_series/23700-21-j10/graph_chunk_entity_relation.graphml,Rel-19,matchingRecords,filter
Faulty RF Filters,RESTRICT_ACCESS,RESTRICT_ACCESS,Concept,RESTRICT_ACCESS is a value in the FinalUnitAction enumeration that instructs the service consumer to restrict user access based on IP packet filters defined in the restrictionFilterRule attribute or identified by the filterId attribute.,chunk-3b2be3cfdb11dd708d59cbf7551d1b6f,../3GPP-trunked/Rel-19/32_series/32291-j20.md6.1.6.3.7,1770198540,Rel-19/23_series/23700-49-j00/graph_chunk_entity_relation.graphml,Rel-19,RESTRICT_ACCESS,filter
Faulty RF Filters,SMServiceType,SMServiceType,Concept,"SMServiceType is an enumeration that defines various types of SM services used in the context of VAS4SMS, each specifying a distinct functionality related to short message handling. It includes values such as short message content processing, forwarding, filtering, receipt, network storage, delivery to multiple destinations, virtual private network (VPN), auto reply, personal signature, and deferred delivery.",chunk-079446e6bf326a4584f88c99c418905c,../3GPP-trunked/Rel-19/32_series/32291-j20.md6.1.6.3.25,1770198628,Rel-19/23_series/23700-49-j00/graph_chunk_entity_relation.graphml,Rel-19,SMServiceType,filter; filtering
Faulty RF Filters,VAS4SMS short message filtering,VAS4SMS short message filtering,Concept,VAS4SMS short message filtering is a type of SM service that allows selective filtering,chunk-079446e6bf326a4584f88c99c418905c,../3GPP-trunked/Rel-19/32_series/32291-j20.md6.1.6.3.25,1770198628,Rel-19/23_series/23700-49-j00/graph_chunk_entity_relation.graphml,Rel-19,VAS4SMS short message filtering,filter; filtering
Faulty RF Filters,PIN element discovery request,PIN element discovery request,Concept,"PIN element discovery request is a message sent by a PIN client to a PEMC to discover available PIN elements. It includes mandatory fields such as PIN ID, Security credentials, PIN client ID, and Discovery filters, and optional fields including UE location, required PIN services, and time duration.",chunk-2a29bda307e4b640a2d215fee4faf995,../3GPP-trunked/Rel-19/23_series/23700-21-j10.md7.12.3,1770203662,Rel-19/24_series/24007-j10/graph_chunk_entity_relation.graphml,Rel-19,PIN element discovery request,filter
Faulty RF Filters,Discovery filters,Discovery filters,Terminology,,chunk-2a29bda307e4b640a2d215fee4faf995,../3GPP-trunked/Rel-19/23_series/23700-21-j10.md7.12.3,1770203669,Rel-19/24_series/24007-j10/graph_chunk_entity_relation.graphml,Rel-19,Discovery filters,filter
Faulty RF Filters,PIN client,PIN client,Technology,"PIN client is a component of a PIN element that initiates a request to discover another PIN element. It is part of the UE and has already discovered and joined the PIN as specified in clause 8.5.7 and 8.5.8.2 of 3GPP TS 23.542 [12]. It sends a discovery request including security credentials, UE identifier (e.g., GPSI, PIN client ID, UE location), PIN ID, required services/capabilities, and time duration for which the PIN element is needed.<SEP>PIN client is a component of a PIN element that initiates a PIN element discovery request to a PEMC. It includes a PIN client ID and sends a request with security credentials and discovery filters.<SEP>PIN client is a system component impacted by the solution evaluation process and involved in the offloading of computational tasks.",chunk-d5d1b95b8a163d6b334f6fab47f8c747<SEP>chunk-2a29bda307e4b640a2d215fee4faf995<SEP>chunk-b9b975df538af332e8b8e0d56c76555d,../3GPP-trunked/Rel-19/23_series/23700-21-j10.md7.12.1.1<SEP>../3GPP-trunked/Rel-19/23_series/23700-21-j10.md7.12.3<SEP>../3GPP-trunked/Rel-19/23_series/23700-21-j10.md7.12.4,1770203678,Rel-19/24_series/24007-j10/graph_chunk_entity_relation.graphml,Rel-19,PIN client,filter
Faulty RF Filters,EAS discovery procedure,EAS discovery procedure,Concept,"EAS discovery procedure is a procedure defined in 3GPP TS 23.558 [13] that is proposed to be enhanced to enable EE, though the full term is not specified in the text<SEP>The EAS discovery procedure is a process defined in clause 8.5.3.2 of 3GPP TS 23.558 [13], used to discover available Enhanced Access Services (EAS) based on a discovery filter and EAS profile during registration.",chunk-70b97ffc5f09e7dec0a733d52eb76ba4<SEP>chunk-f1e5707c905037ed2ec0029ea082dd95,../3GPP-trunked/Rel-19/23_series/23700-21-j10.md7.13.1<SEP>../3GPP-trunked/Rel-19/23_series/23700-21-j10.md7.13.1.3,1770203707,Rel-19/24_series/24007-j10/graph_chunk_entity_relation.graphml,Rel-19,EAS discovery procedure,filter
Faulty RF Filters,discovery filter,discovery filter,Terminology,,chunk-f1e5707c905037ed2ec0029ea082dd95,../3GPP-trunked/Rel-19/23_series/23700-21-j10.md7.13.1.3,1770203707,Rel-19/24_series/24007-j10/graph_chunk_entity_relation.graphml,Rel-19,discovery filter,filter
Faulty RF Filters,EAS registration,EAS registration,Concept,"EAS registration is a process in which the EAS profile is established and communicated to the EES, enabling the EES to determine the appropriate EAS based on the discovery filter and available associated devices.",chunk-f1e5707c905037ed2ec0029ea082dd95,../3GPP-trunked/Rel-19/23_series/23700-21-j10.md7.13.1.3,1770203707,Rel-19/24_series/24007-j10/graph_chunk_entity_relation.graphml,Rel-19,EAS registration,filter
Faulty RF Filters,VAL service(s),VAL service(s),Concept,VAL service(s) refer to the set of services related to VAL UEs that are specified in the update request. These services are used by the SEAL LM server to filter and update relevant VAL UE information in the spatial map.,chunk-f1d48ec94c71b6c59ab3e4642df2be17,../3GPP-trunked/Rel-19/23_series/23700-21-j10.md7.15.3.2,1770203762,Rel-19/24_series/24007-j10/graph_chunk_entity_relation.graphml,Rel-19,VAL service(s),filter
Faulty RF Filters,DNS snooping,DNS snooping,Concept,DNS snooping is a UPF functionality that monitors and analyzes DNS queries and responses to detect malicious activities or enforce policy-based filtering.,chunk-1dd15d19cb7b5947c93ecbbbb72fdc4e,../3GPP-trunked/Rel-19/23_series/23700-63-j00.md6.2.3,1770204249,Rel-19/24_series/24186-j20/graph_chunk_entity_relation.graphml,Rel-19,DNS snooping,filter; filtering
Faulty RF Filters,Model A discovery,Model A discovery,Concept,"Model A discovery is a procedure in the 5G ProSe UE-to-Network Relay environment that supports multi-hop relay operations. It reuses the 5G ProSe UE-to-Network Relay Discovery Announcement message defined in clause 5.8.3 of TS 23.304 [4], with additional Information Elements (IEs) such as Hop-Count, Source Layer-2 ID, Destination Layer-2 ID, Announcer Info, Relay Service Code, Root Relay Info, and Accumulated QoS for PC5 link. The Intermediate UE-to-Network Relay forwards the message with specific modifications and maintains records of RSC, Root Relay Info, Announcer Info, and Hop-Count for message filtering and QoS tracking.",chunk-2c084ba0c270c2d2a66b4cf2af634310,../3GPP-trunked/Rel-19/23_series/23700-03-j00.md6.1.2.1.1,1770207871,Rel-19/24_series/24379-j20/graph_chunk_entity_relation.graphml,Rel-19,Model A discovery,filter; filtering
Faulty RF Filters,Parameter-entry,Parameter-entry,Concept,"A parameter-entry is an entry in a port parameter or user plane node parameter data structure that supports instantiation. Examples include: Static filtering with port-map support entry, Stream filter instance, Stream gate instance, DS-TT port neighbor discovery configuration for DS-TT ports instance, and PTP instance, each associated with specific clauses and reference values.",chunk-c48fc5d5aa07f9e50ba16e1a0482db1a,../3GPP-trunked/Rel-19/24_series/24539-j20.md3.1,1770204116,Rel-19/24_series/24539-j20/graph_chunk_entity_relation.graphml,Rel-19,Parameter-entry,filter; filtering
Faulty RF Filters,Static filtering with port-map support entry,Static filtering with port-map support entry,Concept,Static filtering with port-map,chunk-c48fc5d5aa07f9e50ba16e1a0482db1a,../3GPP-trunked/Rel-19/24_series/24539-j20.md3.1,1770204116,Rel-19/24_series/24539-j20/graph_chunk_entity_relation.graphml,Rel-19,Static filtering with port-map support entry,filter; filtering
Faulty RF Filters,Stream filter instance,Stream filter instance,Concept,"Stream filter instance is a parameter-entry of the Stream filter instance table as specified in clause 9.8, referenced by a DS-TT port number value.",chunk-c48fc5d5aa07f9e50ba16e1a0482db1a,../3GPP-trunked/Rel-19/24_series/24539-j20.md3.1,1770204116,Rel-19/24_series/24539-j20/graph_chunk_entity_relation.graphml,Rel-19,Stream filter instance,filter
Faulty RF Filters,Firewall support,Firewall support,Technology,Firewall support refers to the capability of the UPF to filter and control incoming and outgoing network traffic based on predefined security rules. This feature is critical for identifying UPFs with enhanced security capabilities.,chunk-381a4383c3d888ae37864ec619946a62,../3GPP-trunked/Rel-19/23_series/23700-63-j00.md6.2.2,1770204243,Rel-19/24_series/24539-j20/graph_chunk_entity_relation.graphml,Rel-19,Firewall support,filter
Faulty RF Filters,Application specific avatar profile(s) subscription,Application specific avatar profile(s) subscription,Concept,"Application specific avatar profile(s) subscription is a procedure defined in section 7.5.3.5 that enables the VAL server or SEAL CM client to receive notifications about changes to application-specific avatar profiles. The service is provided by the SEAL CM server and involves sending a subscription request with avatar profile identity, user ID, filter criteria (e.g., VAL user location, VAL client type, type of service), and event types (e.g., created, removed, updated). The SEAL CM server authorizes the requester and, upon successful authorization, returns a subscription identity. When an event occurs, the SEAL CM server identifies matching profiles based on the filter criteria and sends a notification to the requesting entity.",chunk-a05fc3d3e0cf95566a12136d73979266,../3GPP-trunked/Rel-19/23_series/23700-21-j10.md7.5.3.5,1770203365,Rel-19/24_series/24543-j10/graph_chunk_entity_relation.graphml,Rel-19,Application specific avatar profile(s) subscription,filter
Faulty RF Filters,SEAL CM client,SEAL CM client,Technology,"SEAL CM client is a system that consumes the application specific avatar profile(s) subscription service. It sends subscription requests to the SEAL CM server to receive notifications about changes to application-specific avatar profiles, including avatar profile identity, user ID, filter criteria, and event types such as creation, removal, or update.",chunk-a05fc3d3e0cf95566a12136d73979266,../3GPP-trunked/Rel-19/23_series/23700-21-j10.md7.5.3.5,1770203378,Rel-19/24_series/24543-j10/graph_chunk_entity_relation.graphml,Rel-19,SEAL CM client,filter
Faulty RF Filters,Avatar download,Avatar download,Concept,"Avatar download is a procedure defined in section 7.7.1.5 that involves the transfer of an avatar from the VAL server to the A-DACM function. It begins with a Download Avatar Request containing Avatar ID, GPSI/External ID of the UE, and Filter/Adaptation information such as VAL information and media adaptations. The A-DACM function checks authorization, performs media adaptation if authorized, and responds with success or failure.",chunk-361b255d51abe345263496951d7939e0,../3GPP-trunked/Rel-19/23_series/23700-21-j10.md7.7.1.5,1770203433,Rel-19/24_series/24543-j10/graph_chunk_entity_relation.graphml,Rel-19,Avatar download,filter
Faulty RF Filters,Filter/Adaptation information,Filter/Adaptation information,Terminology,,chunk-361b255d51abe345263496951d7939e0,../3GPP-trunked/Rel-19/23_series/23700-21-j10.md7.7.1.5,1770203433,Rel-19/24_series/24543-j10/graph_chunk_entity_relation.graphml,Rel-19,Filter/Adaptation information,filter
Faulty RF Filters,Download Avatar Request,Download Avatar Request,UNKNOWN,"The VAL server sends a Download Avatar Request to the A-DACM function with the Avatar ID, GPSI/External ID of the UE, and Filter/Adaptation information (e.g. VAL information, media adaptations).",chunk-361b255d51abe345263496951d7939e0,../3GPP-trunked/Rel-19/23_series/23700-21-j10.md7.7.1.5,1770203438,Rel-19/24_series/24543-j10/graph_chunk_entity_relation.graphml,Rel-19,Download Avatar Request,filter
Faulty RF Filters,get spatial map,get spatial map,Concept,"The get spatial map is a procedure initiated by an authorized consumer (VAL server or SEAL LM client) to retrieve spatial map information from the SEAL LM server. It involves sending a request with requestor ID, spatial map ID, three-dimensional area of interest, localization information, and optionally discovery filters or layer IDs.<SEP>get spatial map is a request procedure initiated by the VAL server or SEAL LM client to the SEAL LM server to retrieve spatial maps based on specified filtering criteria. It includes requestor identity, security credentials, and optional filtering parameters such as Spatial map ID(s), Area of interest, Localization information, Layers information, and Discovery filters.",chunk-01913acad92ce5eea7f4e9e935453b24<SEP>chunk-7b5b08a455aff6ab0cd3aef14df36e64,../3GPP-trunked/Rel-19/23_series/23700-21-j10.md7.8.3.3<SEP>../3GPP-trunked/Rel-19/23_series/23700-21-j10.md7.8.4.3,1770203494,Rel-19/24_series/24543-j10/graph_chunk_entity_relation.graphml,Rel-19,get spatial map,filter; filtering
Faulty RF Filters,Application Id filter,Application Id filter,Terminology,,chunk-2c33a93f15455f7ba3e7a74b43bc2a48,../3GPP-trunked/Rel-19/23_series/23700-63-j00.md6.11.3,1770205167,Rel-19/24_series/24555-j10/graph_chunk_entity_relation.graphml,Rel-19,Application Id filter,filter
Faulty RF Filters,HTTP PATCH request,HTTP PATCH request,Technology,"HTTP PATCH request is a method used by the EEC to send partial updates to the EES for the EEC registration resource, including parameters such as AC profiles or proposed expiry time, and is processed by the EES to modify specific fields in the existing registration information.<SEP>HTTP PATCH request is a method used to partially modify an existing Individual EAS Discovery Subscription resource. It is sent by the EEC to the EES and includes parameters such as EAS discovery filters, EAS dynamic information filters, Service continuity support, or proposed expiry time to be updated in the subscription. The request is processed according to clause 6.3.2.3.3.3.",chunk-4449cf1783a836f014aedfdf5774711b<SEP>chunk-b414ffd36bbb4903f8e295ae628c4bdd,../3GPP-trunked/Rel-19/24_series/24558-j20.md5.2.2.3.2<SEP>../3GPP-trunked/Rel-19/24_series/24558-j20.md5.3.2.5.2,1770208582,Rel-19/24_series/24558-j20/graph_chunk_entity_relation.graphml,Rel-19,HTTP PATCH request,filter
Faulty RF Filters,EasDiscoveryReq,EasDiscoveryReq,Technology,"EasDiscoveryReq is a data structure included in the body of the HTTP POST message sent by the EEC to the EES. It contains EAS discovery filters, UE location, service continuity requirements, EAS selection support indication, EAS instantiation triggering indication, and predicted expiration time.",chunk-1c5f429d3e2a070e659ba129f59d594c,../3GPP-trunked/Rel-19/24_series/24558-j20.md5.3.2.2.2,1770208548,Rel-19/24_series/24558-j20/graph_chunk_entity_relation.graphml,Rel-19,EasDiscoveryReq,filter
Faulty RF Filters,EasDiscoveryFilter,EasDiscoveryFilter,Technology,"EasDiscoveryFilter is a data structure within EasDiscoveryReq that contains EAS discovery filters. It may include the """,chunk-1c5f429d3e2a070e659ba129f59d594c,../3GPP-trunked/Rel-19/24_series/24558-j20.md5.3.2.2.2,1770208548,Rel-19/24_series/24558-j20/graph_chunk_entity_relation.graphml,Rel-19,EasDiscoveryFilter,filter
Faulty RF Filters,EEC updating EAS discovery information subscription at EES,EEC updating EAS discovery information subscription at EES,Concept,"EEC updating EAS discovery information subscription at EES is a procedure where the EEC sends an HTTP PATCH or PUT request to the EES to modify an existing Individual EAS Discovery Subscription. The request uses a resource URI identifying the subscription, with specific clauses defining the message structure: clause 6.3.2.3.3.3 for HTTP PATCH and clause 6.3.2.3.3.1 for HTTP PUT. The PATCH request allows partial modification of parameters such as EAS discovery filters, EAS dynamic information filters, Service continuity support, or proposed expiry time. The PUT request replaces all properties of the existing resource, except for the easId and ueId, which must remain unchanged. Upon receipt, the EES checks the EEC's authorization and verifies that the eecId and ueId in the request match those in the resource. If valid, the EES updates the subscription resource and returns either an HTTP ""200 OK"" with the updated resource representation or an HTTP ""204 No Content"" on success. If the update fails, the EES returns an error response as defined in Table 5",chunk-b414ffd36bbb4903f8e295ae628c4bdd,../3GPP-trunked/Rel-19/24_series/24558-j20.md5.3.2.5.2,1770208582,Rel-19/24_series/24558-j20/graph_chunk_entity_relation.graphml,Rel-19,EEC updating EAS discovery information subscription at EES,filter
Faulty RF Filters,Individual EAS Discovery Subscription,Individual EAS Discovery Subscription,Concept,"Individual EAS Discovery Subscription is a resource identified by a resource URI that represents a subscription for EAS discovery information. It contains properties such as easId, ueId, EAS discovery filters, EAS dynamic information filters, Service continuity support, and expiry time. The subscription is updated via HTTP PATCH or<SEP>Individual EAS Discovery Subscription is a resource managed by the EES that represents a single subscription to EAS discovery notifications, identified by a ""subscriptionId"" in the request URI.",chunk-b414ffd36bbb4903f8e295ae628c4bdd<SEP>chunk-b34e34902a88866a584f1b8cfc4ceb67,../3GPP-trunked/Rel-19/24_series/24558-j20.md5.3.2.5.2<SEP>../3GPP-trunked/Rel-19/24_series/24558-j20.md5.3.2.6.2,1770208589,Rel-19/24_series/24558-j20/graph_chunk_entity_relation.graphml,Rel-19,Individual EAS Discovery Subscription,filter
Faulty RF Filters,discovery filters,discovery filters,Concept,"Discovery filters are criteria included in a discovery request to the MMES, specifying the location area of interest and requirements for spatial mapping information such as type, accuracy, and reporting method.",chunk-948e5710cf1fa020132c6d6a99b072f5,../3GPP-trunked/Rel-19/23_series/23700-21-j10.md7.17.1.3,1770203927,Rel-19/24_series/24571-j10/graph_chunk_entity_relation.graphml,Rel-19,discovery filters,filter
Faulty RF Filters,Spatial anchor discovery procedure,Spatial anchor discovery procedure,Concept,"The Spatial anchor discovery procedure is a process defined in section 7.1.1.2 for discovering spatial anchors in a mobile metaverse environment. It involves a VAL client requesting discovery through the mobile metaverse enabler client (MMEC), which forwards the request to the mobile metaverse enabler server (MMES). The procedure requires pre-conditions including provisioning of spatial anchors and their specific information in the MMES. The discovery request includes client identity, location and service interests, and optional filters such as user preferences and universal discoverable visibility. The MMES validates authorization, determines matching spatial anchors based on filters and access controls, and returns a response with success/failure indication, a list of discovered anchors, and a recommended list. The MMEC caches valid anchors and provides them to the VAL client for service access.",chunk-81162735b6227f60f4236bae016432ac,../3GPP-trunked/Rel-19/23_series/23700-21-j10.md7.1.1.2,1770203121,Rel-19/26_series/26802-j10/graph_chunk_entity_relation.graphml,Rel-19,Spatial anchor discovery procedure,filter
Faulty RF Filters,Mobile Metaverse Enabler Server (MMES),Mobile Metaverse Enabler Server (MMES),Technology,"The Mobile Metaverse Enabler Server (MMES) is a server that stores spatial anchors and their specific information, validates discovery requests, determines matching spatial anchors based on filters and access controls, and responds with discovery results. It interacts with the MMEC and may use external services such as 3GPP Core Network Location Services and SEAL Location Management APIs to obtain location data.<SEP>The Mobile Metaverse Enabler Server (MMES) is a system responsible for managing spatial anchor subscriptions, authorizing requests, monitoring UE location and pose",chunk-9582652938be30d12eb1aac1d1edf81d<SEP>chunk-81162735b6227f60f4236bae016432ac,../3GPP-trunked/Rel-19/23_series/23700-21-j10.md7.1.1.2<SEP>../3GPP-trunked/Rel-19/23_series/23700-21-j10.md7.3.1.3,1770203218,Rel-19/26_series/26802-j10/graph_chunk_entity_relation.graphml,Rel-19,Mobile Metaverse Enabler Server (MMES),filter
Faulty RF Filters,Spatial anchor discovery request,Spatial anchor discovery request,Concept,"Spatial anchor discovery request is a message sent by a MMEC to a MMES for discovering spatial anchor(s). It includes mandatory information elements such as Requestor identity, Requestor security credentials, and optional elements like Location of interest, Spatial anchor discovery filters, Current UE location, Current UE pose, and SA Group ID.",chunk-b4b1e8c29d1caeed6b56aa403ab24696,../3GPP-trunked/Rel-19/23_series/23700-21-j10.md7.1.3.2,1770203122,Rel-19/26_series/26802-j10/graph_chunk_entity_relation.graphml,Rel-19,Spatial anchor discovery request,filter
Faulty RF Filters,Spatial anchor information subscription,Spatial anchor information subscription,Concept,"Spatial anchor information subscription is a procedure defined in section 7.2.3.4 for obtaining notifications about spatial anchor details in metaverse applications. It involves a subscription request from the VAL server or SEAL LM client to the SEAL LM server, including discovery filters such as position and application service identifier. If the request is for a specific spatial anchor, it may include application-specific information like type of service. The SEAL LM server authorizes the requester and, upon authorization, sends a successful response with a subscription identity. The SEAL LM server monitors user location if not already monitoring and, upon event occurrence (e.g., spatial anchor added, removed, or updated), identifies matching spatial anchors from the repository based on the discovery filters. It then sends a notification to the VAL server or SEAL LM client containing a list of spatial anchor details, which may include a recommended list based on the discovery filter, application-specific information, and stored spatial anchors.",chunk-e288ddd4ba7bca2add2cd42d928ddd5b,../3GPP-trunked/Rel-19/23_series/23700-21-j10.md7.2.3.4,1770203189,Rel-19/26_series/26802-j10/graph_chunk_entity_relation.graphml,Rel-19,Spatial anchor information subscription,filter
Faulty RF Filters,VAL client subscription procedure for spatial anchors in range,VAL client subscription procedure for spatial anchors in range,Concept,"The VAL client subscription procedure for spatial anchors in range is a process where a metaverse VAL client subscribes to receive information about spatial anchors of interest that are within a specified range of the user equipment (UE). The procedure requires spatial anchors to be provisioned in the mobile metaverse enabler server and involves the VAL client providing a client identifier, spatial anchor requirements, and detection filters including location area, range, and optional persistent search indication. The procedure includes steps for subscription request, authorization, monitoring of UE location and pose, and notification of spatial anchors entering or exiting the range.",chunk-9582652938be30d12eb1aac1d1edf81d,../3GPP-trunked/Rel-19/23_series/23700-21-j10.md7.3.1.3,1770203218,Rel-19/26_series/26802-j10/graph_chunk_entity_relation.graphml,Rel-19,VAL client subscription procedure for spatial anchors in range,filter
Faulty RF Filters,Spatial anchor of interest discovery filters,Spatial anchor of interest discovery filters,Terminology,,chunk-9582652938be30d12eb1aac1d1edf81d,../3GPP-trunked/Rel-19/23_series/23700-21-j10.md7.3.1.3,1770203218,Rel-19/26_series/26802-j10/graph_chunk_entity_relation.graphml,Rel-19,Spatial anchor of interest discovery filters,filter
Faulty RF Filters,Metaverse VAL server,Metaverse VAL server,Technology,"Metaverse VAL server is a server that sends subscription requests for spatial anchor analytics information to the MMES server and receives responses containing analytics data. It provides a notification endpoint for receiving updates and may include identifiers, security credentials, and filtering criteria in its requests.",chunk-da3089f2f8c780fb51ab0f3d6ebf292d,../3GPP-trunked/Rel-19/23_series/23700-21-j10.md7.4.2.1,1770203256,Rel-19/26_series/26802-j10/graph_chunk_entity_relation.graphml,Rel-19,Metaverse VAL server,filter; filtering
Faulty RF Filters,Get spatial anchor,Get spatial anchor,Concept,"Get spatial anchor is a procedure defined in section 7.2.3.3 for retrieving spatial anchor details in metaverse applications. It is initiated by the VAL server or SEAL LM client and processed by the SEAL LM server. The request includes discovery filters such as user position and application service identifier, and may include application-specific information like service type. The SEAL LM server authorizes the requester, retrieves spatial anchors from a repository based on the filters, and returns a response containing a list of matching spatial anchors.",chunk-ef33a5e505ef79dfc5a4f1d428c28354,../3GPP-trunked/Rel-19/23_series/23700-21-j10.md7.2.3.3,1770203186,Rel-19/26_series/26855-j00/graph_chunk_entity_relation.graphml,Rel-19,Get spatial anchor,filter
Faulty RF Filters,repository,repository,Technology,Repository is a data storage system managed by the SEAL LM server that stores spatial anchors. It is queried by the SEAL LM server based on discovery filters,chunk-ef33a5e505ef79dfc5a4f1d428c28354,../3GPP-trunked/Rel-19/23_series/23700-21-j10.md7.2.3.3,1770203186,Rel-19/26_series/26855-j00/graph_chunk_entity_relation.graphml,Rel-19,repository,filter
Faulty RF Filters,VAL server subscription procedure,VAL server subscription procedure,Concept,"The VAL server subscription procedure is a process defined for obtaining information about UEs with interest in spatial anchors. It extends the capabilities of SEAL LMS by incorporating spatial anchor awareness, allowing a VAL server to detect UEs that have discovered and are within range of or becoming out of range of spatial anchors of interest. The procedure involves a subscription request from a VAL server to the mobile metaverse enabler server (MMES), which includes the VAL server identifier, security credentials, notification endpoint, and detection filters such as spatial anchor identifiers, service identifiers, location areas, and spatial anchor range. The MMES authorizes the request, detects UE interest based on location and mobility data, and sends notifications to the VAL server when UEs enter or exit the spatial anchor range.",chunk-ad174f37347e8ef18249b3d2c22a5f37,../3GPP-trunked/Rel-19/23_series/23700-21-j10.md7.3.1.2,1770203203,Rel-19/26_series/26855-j00/graph_chunk_entity_relation.graphml,Rel-19,VAL server subscription procedure,filter
Faulty RF Filters,performance measurement,performance measurement,Concept<SEP>UNKNOWN,"Performance measurement is a metric defined for one or more sub-counters, and when multiple sub-counters are involved, a Filter is used to specify the desired performance measurement of interest.<SEP>Performance measurement is defined for one or more sub-counters, indicating that sub-counters are the underlying components to which performance measurement is applied",chunk-607a82fc311ca35708b7836bb265949f,../3GPP-trunked/Rel-19/28_series/28552-j30.md4.2.0,1770236216<SEP>1770236271,Rel-19/28_series/28552-j30/graph_chunk_entity_relation.graphml,Rel-19,performance measurement<SEP>performance measurement)##,filter
Faulty RF Filters,Filter,Filter,Concept,"Filter is a mechanism used to select or define a specific performance measurement of interest when multiple sub-counters are involved in the measurement process.<SEP>Filter is a component added to a Performance measurement name to specify conditions or attributes, such as PLMN, 5QI, or other parameters. It consists of a name and one or more values, which can be single, multiple (separated by '|'), or ranges (defined as 'x-y').",chunk-733668f6611471f6167744b15e7c0bbb<SEP>chunk-607a82fc311ca35708b7836bb265949f,../3GPP-trunked/Rel-19/28_series/28552-j30.md4.2.0<SEP>../3GPP-trunked/Rel-19/28_series/28552-j30.md4.2.2,1770237093,Rel-19/28_series/28552-j30/graph_chunk_entity_relation.graphml,Rel-19,Filter,filter
Faulty RF Filters,Filter1,Filter1,Terminology,,chunk-7856d1bda3c649d453c09c50514e287d,../3GPP-trunked/Rel-19/28_series/28552-j30.md4.3,1770236256,Rel-19/28_series/28552-j30/graph_chunk_entity_relation.graphml,Rel-19,Filter1,filter
Faulty RF Filters,FilterN,FilterN,Terminology,,chunk-7856d1bda3c649d453c09c50514e287d,../3GPP-trunked/Rel-19/28_series/28552-j30.md4.3,1770236256,Rel-19/28_series/28552-j30/graph_chunk_entity_relation.graphml,Rel-19,FilterN,filter
Faulty RF Filters,Filter naming,Filter naming,Concept,"Filter naming is a rule for constructing Performance measurement names by appending filter information using the underscore '_' separator or a vendor-specific separator. The format depends on the number of filters and their values, with the base name being the Performance measurement followed by one or more Filter components. The order of filters and values is not important. Filters are structured as NameValue(s), where names correspond to defined filter names for the performance measurement, and values can be single, multiple (separated by '|'), or ranges (defined as 'x-y'). Vendor-specific separators and value formats are also allowed.",chunk-733668f6611471f6167744b15e7c0bbb,../3GPP-trunked/Rel-19/28_series/28552-j30.md4.2.2,1770236257,Rel-19/28_series/28552-j30/graph_chunk_entity_relation.graphml,Rel-19,Filter naming,filter
Faulty RF Filters,Performance measurement,Performance measurement,Concept,"Performance measurement is a metric used to evaluate system performance, and its name can be extended with filters to provide more specific information. It serves as the base component in the naming convention for filtered measurements.",chunk-733668f6611471f6167744b15e7c0bbb,../3GPP-trunked/Rel-19/28_series/28552-j30.md4.2.2,1770236257,Rel-19/28_series/28552-j30/graph_chunk_entity_relation.graphml,Rel-19,Performance measurement,filter
Faulty RF Filters,Separator,Separator,Technology,"Separator is a character or string used to concatenate components in a Performance measurement name. The standard separator is '_', but vendors may define alternative separators for filter appending.",chunk-733668f6611471f6167744b15e7c0bbb,../3GPP-trunked/Rel-19/28_series/28552-j30.md4.2.2,1770236257,Rel-19/28_series/28552-j30/graph_chunk_entity_relation.graphml,Rel-19,Separator,filter
Faulty RF Filters,underscore,underscore,Signal,underscore is the default separator used in filter naming to append filter components to a Performance measurement name. It is explicitly defined as the standard separator in the text.,chunk-733668f6611471f6167744b15e7c0bbb,../3GPP-trunked/Rel-19/28_series/28552-j30.md4.2.2,1770236257,Rel-19/28_series/28552-j30/graph_chunk_entity_relation.graphml,Rel-19,underscore,filter
Faulty RF Filters,multiple values,multiple values,Concept,"Multiple values refer to a list of value entries for a single Filter name, separated by the '|' character. These values can be individual numbers, ranges, or a combination of both, and their order is not significant.",chunk-733668f6611471f6167744b15e7c0bbb,../3GPP-trunked/Rel-19/28_series/28552-j30.md4.2.2,1770236257,Rel-19/28_series/28552-j30/graph_chunk_entity_relation.graphml,Rel-19,multiple values,filter
Faulty RF Filters,value range,value range,Concept,"Value range is a notation used to represent a continuous set of values in a filter, defined as 'x-y', where x and y are numeric bounds. It is used within filter values and can be combined with other value formats.)##
(entity",chunk-733668f6611471f6167744b15e7c0bbb,../3GPP-trunked/Rel-19/28_series/28552-j30.md4.2.2,1770236257,Rel-19/28_series/28552-j30/graph_chunk_entity_relation.graphml,Rel-19,value range,filter
Faulty RF Filters,Performance measurements,Performance measurements,Concept,"Performance measurements are defined for 5G network functions and are used to evaluate the operational efficiency and quality of service of these functions.<SEP>Performance measurements are metrics that can be sub-divided using applicable filters to form new performance measurements or sub counters. They may be defined with or without any applied filter.<SEP>Performance measurements are defined as metrics valid for all gNB deployment scenarios, used to evaluate network performance across various deployment configurations.",chunk-70a5600ac06e0afb21ffdfd229ac00f4<SEP>chunk-1ae317d4275a15b4e9ccc7365feb8e28<SEP>chunk-79fda2450c28528aa1b6f2677b17f377,../3GPP-trunked/Rel-19/28_series/28552-j30.md5<SEP>../3GPP-trunked/Rel-19/28_series/28552-j30.md4.2.1<SEP>../3GPP-trunked/Rel-19/28_series/28552-j30.md5.1.1,1770237092,Rel-19/28_series/28552-j30/graph_chunk_entity_relation.graphml,Rel-19,Performance measurements,filter
Faulty RF Filters,Filters,Filters,Concept,"Filters are used to sub-divide performance measurements into new performance measurements or sub counters. They are identified in each performance measurement definition and may be applied or not applied. When no filter is applied, the performance measurement should exclude the filter extension.",chunk-79fda2450c28528aa1b6f2677b17f377,../3GPP-trunked/Rel-19/28_series/28552-j30.md4.2.1,1770237092,Rel-19/28_series/28552-j30/graph_chunk_entity_relation.graphml,Rel-19,Filters,filter
Faulty RF Filters,Sub counters,Sub counters,Concept,Sub counters are new performance measurements formed by applying filters to existing performance measurements.,chunk-79fda2450c28528aa1b6f2677b17f377,../3GPP-trunked/Rel-19/28_series/28552-j30.md4.2.1,1770237092,Rel-19/28_series/28552-j30/graph_chunk_entity_relation.graphml,Rel-19,Sub counters,filter
Faulty RF Filters,Filter extension,Filter extension,Terminology,"Filter extension refers to the additional component or attribute that is included in a performance measurement when a filter is applied. When no filter is applied, the performance measurement should exclude the filter extension.",chunk-79fda2450c28528aa1b6f2677b17f377,../3GPP-trunked/Rel-19/28_series/28552-j30.md4.2.1,1770237092,Rel-19/28_series/28552-j30/graph_chunk_entity_relation.graphml,Rel-19,Filter extension,filter
Faulty RF Filters,Average delay DL air-interface,Average delay DL air-interface,Concept,"Average delay DL air-interface is a measurement that calculates the arithmetic mean time for packet transmission over the air-interface in the downlink direction. It is optionally calculated per PLMN ID, per QoS level (mapped 5QI or QCI in EN-DC), and per supported S-NSSAI. The measurement is derived from the difference between the time when the last part of an RLC SDU is sent to the UE (confirmed by HARQ ACK in UM mode or RLC ACK in AM mode) and the time when the corresponding RLC SDU part arrives at the MAC layer, divided by the total number of successfully transmitted RLC SDUs. Each measurement value is a real number representing the mean delay in 0.1 milliseconds. The total number of measurement instances multiplied by the number of filter values for all measurements (DL and UL) must not exceed 100. The measurement is valid only for packet-switched traffic and is used for performance assurance within the integrity area (user plane connection quality). It is not available in UM mode if HARQ feedback is disabled for NTN, as specified in 38.321 [32].)##
(entity",chunk-b048ae924188c3bd62766d6ae56f6f73,../3GPP-trunked/Rel-19/28_series/28552-j30.md5.1.1.1.1,1770237092,Rel-19/28_series/28552-j30/graph_chunk_entity_relation.graphml,Rel-19,Average delay DL air-interface,filter
Faulty RF Filters,Distribution of delay DL air-interface,Distribution of delay DL air-interface,Concept,"The Distribution of delay DL air-interface is a measurement that provides the distribution of the time taken for packet transmission over the air-interface in the downlink direction. It is optionally calculated per PLMN ID, per QoS level (mapped 5QI or QCI in EN-DC), and per supported S-NSSAI. The measurement is derived by calculating the downlink delay for an RLC SDU packet as the difference between the time when the last part of the RLC SDU was sent to the UE (confirmed by HARQ ACK in UM mode or RLC ACK in AM mode) and the time when the corresponding RLC SDU part arrived at the MAC layer. The result is used to increment a counter in the appropriate delay range bin. Retransmissions in Acknowledged Mode do not contribute additional entries; only the original transmission is counted. The measurement is an integer representing the number of RLC SDU packets within a specific delay bin. The total number of measurement instances multiplied by the number of filter values (for DL and UL) must not exceed 100. The measurement is valid only for packet-switched traffic and is used for performance assurance in the",chunk-d011af2e0a915878588624f97da5f1e2,../3GPP-trunked/Rel-19/28_series/28552-j30.md5.1.1.1.2,1770237092,Rel-19/28_series/28552-j30/graph_chunk_entity_relation.graphml,Rel-19,Distribution of delay DL air-interface,filter
Faulty RF Filters,Average delay UL on over-the-air interface,Average delay UL on over-the-air interface,Concept,"Average delay UL on over-the-air interface is a measurement that provides the arithmetic mean of packet delay on the uplink over the air interface. It is optionally calculated per PLMN ID, per QoS level (mapped 5QI or QCI in EN-DC), and per supported S-NSSAI. The measurement is defined in TS 38.314 [29] as ""Average over-the-air interface packet delay in the UL per DRB per UE"". Each measurement value is a real number representing the mean delay in 0.1 milliseconds. The total number of measurement instances multiplied by the number of filter values (for DL and UL) must not exceed 100. The measurement applies to packet-switched traffic and is used for performance assurance within the integrity area (user plane connection quality).",chunk-27a4cafd9c88c757e4fcdfa5668b5073,../3GPP-trunked/Rel-19/28_series/28552-j30.md5.1.1.1.3,1770237093,Rel-19/28_series/28552-j30/graph_chunk_entity_relation.graphml,Rel-19,Average delay UL on over-the-air interface,filter
Faulty RF Filters,Media-Sub-Component AVP,Media-Sub-Component AVP,Concept,"Media-Sub-Component AVP is a Diameter AVP with code 519, of type Grouped, used to describe IP flows identified by a common Flow-Identifier. It contains requested bitrate and filters for the set of IP flows and may include Flow-Number, Flow-Description, Flow-Status, Flow-Usage, bandwidth information, and signaling protocol details. It takes precedence over encapsulating Media Component Description AVP for bandwidth and flow status. If omitted, previous information remains valid unless updated in the encapsulating AVP. Flow-Description AVPs replace all prior ones regardless of direction. It can include ToS-Traffic-Class AVP for packet filtering. It is used in the context of AF signaling and can permanently disable flows by setting Flow-Status to ""REMOVED"".>",chunk-5c15ce826f7f19de5a75b0af72519230,../3GPP-trunked/Rel-19/29_series/29214-j00.md5.3.18,1770187147,Rel-19/29_series/29176-j10/graph_chunk_entity_relation.graphml,Rel-19,Media-Sub-Component AVP,filter; filtering
Faulty RF Filters,Flow-Status,Flow-Status,Terminology,"Flow-Status is an AVP within Media-Sub-Component AVP that indicates the status of the IP flow; when set to ""REMOVED"", it permanently disables all IP flows in the AVP, prompting the server to delete corresponding filters and state information.",chunk-5c15ce826f7f19de5a75b0af72519230,../3GPP-trunked/Rel-19/29_series/29214-j00.md5.3.18,1770187147,Rel-19/29_series/29176-j10/graph_chunk_entity_relation.graphml,Rel-19,Flow-Status,filter
Faulty RF Filters,PcEventExposureSubsc,PcEventExposureSubsc,Concept,"PcEventExposureSubsc is a data type used during explicit subscription to define the notification URI and is referenced in table 5.6.2.2-1.<SEP>PcEventExposureSubsc is a data type defined in section 5.6.2.2 that represents an Individual Policy Events Subscription resource and has no specified applicability.<SEP>PcEventExposureSubsc is a type defined in Table 5.6.2.2-1 that represents a subscription for policy control event exposure. It includes attributes such as eventSubs, eventsRepInfo, groupId, filterDnns, filterSnssais, snssaiDnn, filterServices, appIds, tws, notifUri, notifId, eventNotifs, and suppFeat, each with specific data types, cardinality, and applicability conditions.",chunk-e5d436652fceaee68635942ed3149b7d<SEP>chunk-a5f87321cdf63d2a647171d9a40f1cf5<SEP>chunk-bda142e563a8c63178577c588a7f40c4,../3GPP-trunked/Rel-19/29_series/29523-j00.md5.5.2.2<SEP>../3GPP-trunked/Rel-19/29_series/29523-j00.md5.6.1<SEP>../3GPP-trunked/Rel-19/29_series/29523-j00.md5.6.2.2,1770187227,Rel-19/29_series/29176-j10/graph_chunk_entity_relation.graphml,Rel-19,PcEventExposureSubsc,filter
Faulty RF Filters,FILTER_RESTRICTIONS,FILTER_RESTRICTIONS,Concept,"FILTER_RESTRICTIONS is a specific value of the Experimental-Result-Code AVP with code 5062, indicating that the PCRF rejects new or modified service information because the Flow-Description AVP(s) cannot be handled due to non-observance of restrictions defined in clause 5.3.8.",chunk-34000d764e9d3587c6bc1ef4de16a467,../3GPP-trunked/Rel-19/29_series/29214-j00.md5.5.1,1770187582,Rel-19/29_series/29176-j10/graph_chunk_entity_relation.graphml,Rel-19,FILTER_RESTRICTIONS,filter
Faulty RF Filters,REMOVED,REMOVED,Concept,"REMOVED is a value of the Flow-Status AVP (code 511) that removes all associated IP flows. It results in the removal of IP Filters for the associated IP flows, and the associated IP flows are not considered when deriving authorized QoS.",chunk-d782ff4d456323d23bc8a6b8856bd4da,../3GPP-trunked/Rel-19/29_series/29214-j00.md5.3.11,1770187068,Rel-19/29_series/29214-j00/graph_chunk_entity_relation.graphml,Rel-19,REMOVED,filter
Faulty RF Filters,Creating a new subscription,Creating a new subscription,Concept,"Creating a new subscription is a procedure defined in section 4.2.2.2 for subscribing to event notifications via an HTTP POST request to the URI ""{apiRoot}/npcf-eventexposure/v1/subscriptions"". The request must include the ""PcEventExposureSubsc"" data structure as the body, which contains attributes for identifying policy events, target UEs, notification delivery, and optional filtering and reporting parameters. Upon successful processing, the PCF creates an ""Individual Policy Events Subscription"" resource, stores it, and returns a HTTP ""201 Created"" response with a Location header and the subscription representation.",chunk-b3dfbf54874c9a633af78c9ca522024c,../3GPP-trunked/Rel-19/29_series/29523-j00.md4.2.2.2,1770186717,Rel-19/29_series/29214-j00/graph_chunk_entity_relation.graphml,Rel-19,Creating a new subscription,filter; filtering
Faulty RF Filters,PcEventExposureSubsc data structure,PcEventExposureSubsc data structure,Technology,"PcEventExposureSubsc data structure is a JSON-formatted data structure used as the request body in an HTTP POST request to create a new subscription. It includes attributes for event subscription, UE identification, notification delivery, and optional filtering and reporting configurations. It is also included in the response body of the ""201 Created""",chunk-b3dfbf54874c9a633af78c9ca522024c,../3GPP-trunked/Rel-19/29_series/29523-j00.md4.2.2.2,1770186717,Rel-19/29_series/29214-j00/graph_chunk_entity_relation.graphml,Rel-19,PcEventExposureSubsc data structure,filter; filtering
Faulty RF Filters,Flow-Description AVP,Flow-Description AVP,Concept,"Flow-Description AVP is an AVP with code 507, of type IPFilterRule, used to define a packet filter for a single IP flow on the Rx interface. It includes direction (in for uplink, out for downlink), source and destination IP addresses (possibly masked), protocol, and source and destination ports. It is restricted in usage on the Rx interface with specific constraints.",chunk-5d36a0a751a683dd69b3f9accf3138ed,../3GPP-trunked/Rel-19/29_series/29214-j00.md5.3.8,1770187019,Rel-19/29_series/29214-j00/graph_chunk_entity_relation.graphml,Rel-19,Flow-Description AVP,filter
Faulty RF Filters,IP Filters,IP Filters,Terminology,,chunk-d782ff4d456323d23bc8a6b8856bd4da,../3GPP-trunked/Rel-19/29_series/29214-j00.md5.3.11,1770187068,Rel-19/29_series/29214-j00/graph_chunk_entity_relation.graphml,Rel-19,IP Filters,filter
Faulty RF Filters,Common Part (of a user profile),Common Part (of a user profile),Concept,"The Common Part of a user profile contains Initial Filter Criteria instances that are evaluated for both registered and unregistered Public User Identities, or for unregistered Public Service Identities in the S-CSCF.",chunk-82b8bb750e98f468d5824c88ad109818,../3GPP-trunked/Rel-19/29_series/29228-j10.md3.1,1770191463,Rel-19/29_series/29228-j10/graph_chunk_entity_relation.graphml,Rel-19,Common Part (of a user profile),filter
Faulty RF Filters,Complete user profile,Complete user profile,Concept,"A Complete user profile includes Initial Filter Criteria instances from all three parts: registered part, unregistered part, and common part of the user profile.",chunk-82b8bb750e98f468d5824c88ad109818,../3GPP-trunked/Rel-19/29_series/29228-j10.md3.1,1770191463,Rel-19/29_series/29228-j10/graph_chunk_entity_relation.graphml,Rel-19,Complete user profile,filter
Faulty RF Filters,Sh-Pull request,Sh-Pull request,Signal,"Sh-Pull request is a Diameter-based signaling message sent by an Application Server (AS) to the HSS to retrieve user data. It includes AVPs such as Data-Reference, Origin-Host, and Server-Name, and may request repository data, initial filter criteria, or DSAI information.",chunk-f3c0e7a2cfee61132f16d2bc2c3325ff,../3GPP-trunked/Rel-19/29_series/29328-j00.md6.1.1.1,1770186375,Rel-19/29_series/29328-j00/graph_chunk_entity_relation.graphml,Rel-19,Sh-Pull request,filter
Faulty RF Filters,Sh-Subs-Notif request,Sh-Subs-Notif request,Signal,"Sh-Subs-Notif request is a Diameter-based signaling message sent by an Application Server (AS) to the HSS to subscribe or unsubscribe from notifications regarding changes in user data, filter criteria, or DSAI. It includes AVPs such as User Identity, Data-Reference, Server-Name, DSAI-Tag, and Expiry Time.",chunk-34a9dae5cbfe56c6cef17de8cf01c82b,../3GPP-trunked/Rel-19/29_series/29328-j00.md6.1.3.1,1770186412,Rel-19/29_series/29328-j00/graph_chunk_entity_relation.graphml,Rel-19,Sh-Subs-Notif request,filter
Faulty RF Filters,Service data flow filter,Service data flow filter,Concept,A Service data flow filter is a set of packet flow header parameter values or ranges used to identify one or more packet flows in the UPF. The possible service data flow filters are defined in clause 6.2.2.2.,chunk-f0749a8d13c36db18ca2be4f3c239b3d,../3GPP-trunked/Rel-19/29_series/29512-j20.md3.1,1770156679,Rel-19/29_series/29512-j20/graph_chunk_entity_relation.graphml,Rel-19,Service data flow filter,filter
Faulty RF Filters,Service data flow filter identifier,Service data flow filter identifier,Concept,A Service data flow filter identifier is a scalar that is unique for a specific service data flow (SDF) filter within a PDU session.,chunk-f0749a8d13c36db18ca2be4f3c239b3d,../3GPP-trunked/Rel-19/29_series/29512-j20.md3.1,1770156679,Rel-19/29_series/29512-j20/graph_chunk_entity_relation.graphml,Rel-19,Service data flow filter identifier,filter
Faulty RF Filters,Service data flow template,Service data flow template,Concept,"A Service data flow template is the set of service data flow filters in a PCC Rule or an application identifier in a PCC rule referring to an application detection filter in the SMF or in the UPF, required for defining a service data flow.",chunk-f0749a8d13c36db18ca2be4f3c239b3d,../3GPP-trunked/Rel-19/29_series/29512-j20.md3.1,1770156679,Rel-19/29_series/29512-j20/graph_chunk_entity_relation.graphml,Rel-19,Service data flow template,filter
Faulty RF Filters,dddTraDescriptors,dddTraDescriptors,Attribute,dddTraDescriptors is an attribute within the MonitoringEventSubscription data structure that contains packet filter descriptors for monitoring downlink data delivery. It is included when the AF updates or creates a subscription and is relevant to the handling of downlink data delivery status events.,chunk-7d8da616b52da9f720f9a50391616757,../3GPP-trunked/Rel-19/29_series/29522-j20_1_Main-Body_s00_s07.md4.4.2,1770157649,Rel-19/29_series/29522-j20_1_Main-Body_s00_s07/graph_chunk_entity_relation.graphml,Rel-19,dddTraDescriptors,filter
Faulty RF Filters,filters,filters,Concept,"Filters are mechanisms used in the Query service operation to control the content of retrieved data records, based on attributes, query parameters, or their combinations.",chunk-27e0553b2519188133f7b077e48b21a4,../3GPP-trunked/Rel-19/29_series/29504-j20.md5.2.2.2.1,1770191955,Rel-19/29_series/29541-j00/graph_chunk_entity_relation.graphml,Rel-19,filters,filter
Faulty RF Filters,Analytics information request,Analytics information request,Concept,"Analytics information request is a procedure initiated by 5GC NFs, OAM, or AFs in a non-roaming scenario to retrieve analytics information directly from the NWDAF. It involves invoking the Nnwdaf_AnalyticsInfo_Request service operation via an HTTP GET request targeting the ""NWDAF Analytics"" resource, including an analytics identifier and event filter information.<SEP>Analytics information request is a procedure initiated by Application Functions (AFs) via the Network Data Analytics Function (NEF) to retrieve analytics information from the NWDAF. It involves an HTTP POST request to the NEF at the URI ""{apiRoot}/3gpp-analyticsexposure/v1/fetch"" as defined in clause 4.4.14.2 of 3GPP TS 29.522 [10]. The request is processed only if the AF is authorized and the parameters comply with inbound restrictions in the analytics exposure mapping.",chunk-8c2a18d39157a077d95df2121e4a866b<SEP>chunk-b331e4f5ea16fa42c61337480795920a,../3GPP-trunked/Rel-19/29_series/29552-j20.md5.2.3.1<SEP>../3GPP-trunked/Rel-19/29_series/29552-j20.md5.2.3.2,1770188710,Rel-19/29_series/29552-j20/graph_chunk_entity_relation.graphml,Rel-19,Analytics information request,filter
Faulty RF Filters,Nnwdaf_AnalyticsInfo_Request service operation,Nnwdaf_AnalyticsInfo_Request service operation,Technology,"Nnwdaf_AnalyticsInfo_Request service operation is an HTTP GET-based service operation invoked by NF service consumers to request analytics information from the NWDAF, targeting the ""NWDAF Analytics"" resource and including an analytics identifier and event filter information.",chunk-b331e4f5ea16fa42c61337480795920a,../3GPP-trunked/Rel-19/29_series/29552-j20.md5.2.3.1,1770188700,Rel-19/29_series/29552-j20/graph_chunk_entity_relation.graphml,Rel-19,Nnwdaf_AnalyticsInfo_Request service operation,filter
Faulty RF Filters,event filter information,event filter information,Terminology,,chunk-b331e4f5ea16fa42c61337480795920a,../3GPP-trunked/Rel-19/29_series/29552-j20.md5.2.3.1,1770188700,Rel-19/29_series/29552-j20/graph_chunk_entity_relation.graphml,Rel-19,event filter information,filter
Faulty RF Filters,Analytics aggregation with provisioning of Area of Interest,Analytics aggregation with provisioning of Area of Interest,Concept,"Analytics aggregation with provisioning of Area of Interest is a procedure used by the NWDAF service consumer to request analytics events for a specific Area of Interest, requiring multiple NWDAF instances to collectively serve the request. The procedure involves selecting an Aggregator NWDAF based on available information, invoking service operations, providing analytics event, filter, and target details, and handling time constraints and error responses.",chunk-fa7de23e9cc1e592656a8c401a560e18,../3GPP-trunked/Rel-19/29_series/29552-j20.md5.3.2,1770188786,Rel-19/29_series/29552-j20/graph_chunk_entity_relation.graphml,Rel-19,Analytics aggregation with provisioning of Area of Interest,filter
Faulty RF Filters,Common Part,Common Part,Concept,"The Common Part of a user profile contains Initial Filter Criteria instances that are evaluated for both registered and unregistered Public User Identities, or for unregistered Public Service Identities in the S-CSCF.",chunk-3bc5d8aa228b83d99cb9a8cdabe7aa1e,../3GPP-trunked/Rel-19/29_series/29562-j10.md3.1,1770154775,Rel-19/29_series/29562-j10/graph_chunk_entity_relation.graphml,Rel-19,Common Part,filter
Faulty RF Filters,Multiple Timer Stop,Multiple Timer Stop,Concept,"Multiple Timer Stop is a procedure defined in section 5.3.2.4.3 where the NF service consumer sends a DELETE request to the UDSF to stop all timers matching a provided filter. The UDSF responds with ""200 OK"" and a list of stopped timers on success, or ""204 No Content"" if no matching timers are found. On failure, an appropriate HTTP status code and error information are returned.",chunk-53c33b2d8353fd40a8c8aacc162bf12f,../3GPP-trunked/Rel-19/29_series/29598-j10.md5.3.2.4.3,1770193726,Rel-19/32_series/32130-j00/graph_chunk_entity_relation.graphml,Rel-19,Multiple Timer Stop,filter
Faulty RF Filters,timers resource,timers resource,Technology,timers resource is the endpoint in the UDSF that accepts GET requests from the NF service consumer to search for expired timers using an expired-filter Query Parameter.<SEP>timers resource is the endpoint within the UDSF that accepts GET requests from the NF service consumer to perform tagged timer searches with a filter query parameter.,chunk-249995bbbc7be13f4174365dbfebc5ce<SEP>chunk-2ff2c713295ee389bf340b5fd50dc7bf,../3GPP-trunked/Rel-19/29_series/29598-j10.md5.3.2.5.2<SEP>../3GPP-trunked/Rel-19/29_series/29598-j10.md5.3.2.5.3,1770193764,Rel-19/32_series/32130-j00/graph_chunk_entity_relation.graphml,Rel-19,timers resource,filter
Faulty RF Filters,filter Query Parameter,filter Query Parameter,Technology,filter,chunk-2ff2c713295ee389bf340b5fd50dc7bf,../3GPP-trunked/Rel-19/29_series/29598-j10.md5.3.2.5.3,1770193764,Rel-19/32_series/32130-j00/graph_chunk_entity_relation.graphml,Rel-19,filter Query Parameter,filter
Faulty RF Filters,Expired Timer Search,Expired Timer Search,Concept,"Expired Timer Search is a procedure that uses the Search service operation and is supported in the context of the specified section.<SEP>Expired Timer Search is a procedure defined in section 5.3.2.5.2 where the NF service consumer sends a GET request to the UDSF to search for expired timers that match a provided expired-filter. The UDSF responds with ""200 OK"" and a list of matching expired timers on success, or ""204 No Content"" if no matching timers are found. On failure, an appropriate HTTP status code and error information are returned.",chunk-21d9cc596f9b4ee601cdbb321992749e<SEP>chunk-249995bbbc7be13f4174365dbfebc5ce,../3GPP-trunked/Rel-19/29_series/29598-j10.md5.3.2.5.1<SEP>../3GPP-trunked/Rel-19/29_series/29598-j10.md5.3.2.5.2,1770193763,Rel-19/32_series/32130-j00/graph_chunk_entity_relation.graphml,Rel-19,Expired Timer Search,filter
Faulty RF Filters,expired-filter Query Parameter,expired-filter Query Parameter,Terminology,,chunk-249995bbbc7be13f4174365dbfebc5ce,../3GPP-trunked/Rel-19/29_series/29598-j10.md5.3.2.5.2,1770193763,Rel-19/32_series/32130-j00/graph_chunk_entity_relation.graphml,Rel-19,expired-filter Query Parameter,filter
Faulty RF Filters,Tagged Timer Search,Tagged Timer Search,Concept,"Tagged Timer Search is a procedure defined in section 5.3.2.5.3 where the NF service consumer sends a GET request to the UDSF to search for tagged timers that match a provided filter. The UDSF responds with ""200 OK"" and a list of matching timers on success, or ""204 No Content"" if no timers match. On failure, an appropriate HTTP status code and error information are returned.",chunk-2ff2c713295ee389bf340b5fd50dc7bf,../3GPP-trunked/Rel-19/29_series/29598-j10.md5.3.2.5.3,1770193764,Rel-19/32_series/32130-j00/graph_chunk_entity_relation.graphml,Rel-19,Tagged Timer Search,filter
Faulty RF Filters,Bulk Records Delete,Bulk Records Delete,Concept,"Bulk Records Delete is a procedure defined in section 5.2.2.5.5 where the NF service consumer sends a DELETE request to the UDSF to delete records identified by a filter. The request includes a filter query parameter to specify records for deletion, and optionally a supported-features query parameter. The UDSF deletes associated resources (meta and block(s)) for matching records. To delete all records, the filter must use SearchComparison with ComparisonOperator ""GTE"" as defined in table 6.1.6.3.3-1.",chunk-8c654744dd7a1999bdc98023c2e258f1,../3GPP-trunked/Rel-19/29_series/29598-j10.md5.2.2.5.5,1770193516,Rel-19/32_series/32255-j10/graph_chunk_entity_relation.graphml,Rel-19,Bulk Records Delete,filter
Faulty RF Filters,filter query parameter,filter query parameter,Terminology,,chunk-8c654744dd7a1999bdc98023c2e258f1,../3GPP-trunked/Rel-19/29_series/29598-j10.md5.2.2.5.5,1770193516,Rel-19/32_series/32255-j10/graph_chunk_entity_relation.graphml,Rel-19,filter query parameter,filter
Faulty RF Filters,expired-filter,expired-filter,Terminology,,chunk-249995bbbc7be13f4174365dbfebc5ce,../3GPP-trunked/Rel-19/29_series/29598-j10.md5.3.2.5.2,1770193760,Rel-19/32_series/32423-j20/graph_chunk_entity_relation.graphml,Rel-19,expired-filter,filter
Faulty RF Filters,Service Data Flow Charging,Service Data Flow Charging,Concept,"Service Data Flow Charging is a method used in a network to identify and charge for service data flows from various services, including both user-user and user-network services. It involves configuring PCC rules with filter specifications to monitor and manage data flows in uplink and downlink directions.",chunk-9a1ccbae5992d87f8dface800332f550,../3GPP-trunked/Rel-19/23_series/23503-j30.md4.3.2.4,1770214395,Rel-19/33_series/33102-j00/graph_chunk_entity_relation.graphml,Rel-19,Service Data Flow Charging,filter
Faulty RF Filters,user-user VoIP traffic,user-user VoIP traffic,Signal,"User-user VoIP traffic refers to voice communication between two end users over the IMS network, which is subject to a specific charging rate and requires identification via filter information in a PCC rule.",chunk-9a1ccbae5992d87f8dface800332f550,../3GPP-trunked/Rel-19/23_series/23503-j30.md4.3.2.4,1770214395,Rel-19/33_series/33102-j00/graph_chunk_entity_relation.graphml,Rel-19,user-user VoIP traffic,filter
Faulty RF Filters,Location-related UE group analytics subscription request,Location-related UE group analytics subscription request,Concept,"Location-related UE group analytics subscription request is a request or update request for location-based analytics on a group of User Equipment (UE) entities, initiated by a consumer (LMS). It includes identifiers for the analytics event, type of analytics, filtering criteria, application group, target VAL UE(s), area of interest, application group profile(s), deviation information, reporting requirements, preferred confidence level, and time validity. The request is defined in Table 6.9.3.2-1 and involves hierarchical information elements with nested structure.",chunk-8e932e0ea41c23520132538ddb8a75e6,../3GPP-trunked/Rel-19/23_series/23700-72-j00.md6.9.3.2,1770210227,Rel-19/33_series/33116-j00/graph_chunk_entity_relation.graphml,Rel-19,Location-related UE group analytics subscription request,filter; filtering
Faulty RF Filters,Get analytics data request,Get analytics data request,Concept,"Get analytics data request is a procedure defined in section 6.9.3.8 that allows the analytics consumer to request location-related UE group analytics data from the ADAE server. It includes mandatory and optional information elements such as Requestor ID, Analytics ID, Analytics type, Analytics filter information, and various optional parameters for application group, target VAL UE, area of interest, application group profile, deviation, group leader UE ID, guideline, threshold, and preferred confidence level.",chunk-f73508fb4fe770b21f32178f5c3068eb,../3GPP-trunked/Rel-19/23_series/23700-72-j00.md6.9.3.8,1770210318,Rel-19/33_series/33116-j00/graph_chunk_entity_relation.graphml,Rel-19,Get analytics data request,filter
Faulty RF Filters,Collision detection analytics subscription request,Collision detection analytics subscription request,Concept,"Collision detection analytics subscription request is a request or update request sent by a consumer (e.g., VAL Server, LM Server, UAE server, UAS application specific server) to subscribe to collision detection analytics. It includes information elements such as Requestor ID, Analytics ID, Analytics type, Analytics filter information, Target UE(s), Any UE(s), Collision between any target UE indicator, Collision between any UE(s) and target UE(s), Collision detection between any UE within the Area of Interest, Target VAL server ID, Area of Interest, Attributes for collision detection, Reporting requirements, Preferred confidence level, and Time validity.",chunk-49c2fc5e24b1b5b6a34ca9e5182a242a,../3GPP-trunked/Rel-19/23_series/23700-72-j00.md6.8.3.2,1770209266,Rel-19/33_series/33117-j10/graph_chunk_entity_relation.graphml,Rel-19,Collision detection analytics subscription request,filter
Faulty RF Filters,LI product filtering,LI product filtering,Concept,LI product filtering is a concept defined in section 4.5 that involves the filtering of LI (Location Information) products. It is a process or mechanism used to manage or select specific location information products based on predefined criteria.)##,chunk-615dc4793dc3350faee323aa1ac2f2a7,../3GPP-trunked/Rel-19/33_series/33128-j20.md4.5,1770209818,Rel-19/33_series/33128-j20/graph_chunk_entity_relation.graphml,Rel-19,LI product filtering,filter; filtering
Faulty RF Filters,filtering criteria,filtering criteria,Concept,"Filtering criteria are parameters used to control and manage lawful interception (LI) data, applied by the ADMF for purposes such as LEA-initiated suspend/resume, location-dependent interception management, and bandwidth optimization.",chunk-65ef146fc494f5a7344f531dc2fd86eb,../3GPP-trunked/Rel-19/33_series/33128-j20.md4.5.1,1770209884,Rel-19/33_series/33128-j20/graph_chunk_entity_relation.graphml,Rel-19,filtering criteria,filter; filtering
Faulty RF Filters,Ethernet packet filter information,Ethernet packet filter information,Terminology,,chunk-b31305810f96e6562eef67397cd99e5c,../3GPP-trunked/Rel-19/23_series/23503-j30.md5.3.1,1770214571,Rel-19/33_series/33523-j10/graph_chunk_entity_relation.graphml,Rel-19,Ethernet packet filter information,filter
Faulty RF Filters,time-based conditions,time-based conditions,Concept,"Time-based conditions are a type of geofencing criterion used to filter user equipment (UE) location data based on temporal constraints, such as specific time intervals or schedules.",chunk-52b5704d731654f065d89f583bed1fd1,../3GPP-trunked/Rel-19/23_series/23700-72-j00.md6.2.1.3,1770208865,Rel-19/33_series/33558-j00/graph_chunk_entity_relation.graphml,Rel-19,time-based conditions,filter
Faulty RF Filters,application detection filter,application detection filter,Terminology,An application detection filter is a mechanism used in the UPF to identify and classify traffic based on specific application characteristics. It is used when the UPF is configured to detect a particular application provided by an ASP.,chunk-a76d8723b88eb360de7d4756b0f5235a,../3GPP-trunked/Rel-19/23_series/23503-j30.md4.2.4,1770214210,Rel-19/33_series/33745-j10/graph_chunk_entity_relation.graphml,Rel-19,application detection filter,filter
Faulty RF Filters,fmax,fmax,Terminology,"The largest value of f used for defining the requirement, where f is the separation between the Base Station RF Bandwidth edge frequency and the nominal -3dB point of the measuring filter closest to the carrier frequency.",chunk-2ffc17a82213d3493dfe0a91faad86f6,../3GPP-trunked/Rel-19/37_series/37104-j00.md3.2,1770199322,Rel-19/37_series/37104-j00/graph_chunk_entity_relation.graphml,Rel-19,fmax,filter
Faulty RF Filters,Ffilter,Ffilter,Terminology,"Filter centre frequency, the central frequency of the measuring filter used in emission testing.",chunk-2ffc17a82213d3493dfe0a91faad86f6,../3GPP-trunked/Rel-19/37_series/37104-j00.md3.2,1770199322,Rel-19/37_series/37104-j00/graph_chunk_entity_relation.graphml,Rel-19,Ffilter,filter
Faulty RF Filters,ΔfBE_offset,ΔfBE_offset,Concept,Separation between the edge of the last transmitted channel of the channels assigned for NR-U channel bandwidth and the nominal -3 dB point of the measuring filter closest to the carrier frequency.,chunk-28c02f5e59549219e4d7cb754a0df66f,../3GPP-trunked/Rel-19/38_series/38104-j00.md3.2,1770218225,Rel-19/38_series/38104-j00/graph_chunk_entity_relation.graphml,Rel-19,ΔfBE_offset,filter
Faulty RF Filters,BS type 1-C,BS type 1-C,Technology,"BS type 1-C is a base station configuration where requirements are applied at the BS antenna connector (port A) for a single transmitter or receiver, or at the full complement of transceivers under normal operating conditions. If external apparatus such as amplifiers, filters, or their combination are used, the requirements apply at the far end antenna connector (port B).<SEP>BS type 1-C is a base station type in Japan whose emission limits may apply to the sum of emission power over all antenna connectors for Band n41 and Band n90 operations.",chunk-07f807123a347fd4aff6989a554b6bed<SEP>chunk-6a9155c687b93ecbea681139292bc065,../3GPP-trunked/Rel-19/38_series/38104-j00.md4.3.1<SEP>../3GPP-trunked/Rel-19/38_series/38104-j00.md4.5,1770218452,Rel-19/38_series/38104-j00/graph_chunk_entity_relation.graphml,Rel-19,BS type 1-C,filter
Faulty RF Filters,Analytics Reporting,Analytics Reporting,Concept,"Analytics Reporting is a feature that involves the collection and transmission of network analytics data, including identifiers such as SUPI, Internal Group Id, or any UE, and filters such as Area of Interest, DNN, or S-NSSAI. It is used to provide insights for policy decisions and is notified to the PCF.",chunk-ced7aada517affa382f30da06e6ab0a8,../3GPP-trunked/Rel-19/23_series/23503-j30.md6.1.1.3,1770216759,Rel-19/38_series/38133-j00_cover/graph_chunk_entity_relation.graphml,Rel-19,Analytics Reporting,filter
Faulty RF Filters,Analytics Filter,Analytics Filter,Concept,"Analytics Filter is a set of criteria used to define the scope of analytics data, including parameters such as DNN, Area of Interest, S-NSSAI, RAT_Type, and Frequency, and is applied in analytics requests or subscriptions to NWDAF.",chunk-ced7aada517affa382f30da06e6ab0a8,../3GPP-trunked/Rel-19/23_series/23503-j30.md6.1.1.3,1770216760,Rel-19/38_series/38133-j00_cover/graph_chunk_entity_relation.graphml,Rel-19,Analytics Filter,filter
Faulty RF Filters,Service Experience,Service Experience,Concept,"Service Experience is a network analytics type defined in Table 6.4.1-1 of TS 23.288 [24], where the analytics filter includes RSCs such as DNN, S-NSSAI, PDU session type, Access type, and SSC mode, and the PCF can request analytics for specific combinations of these RSC values.<SEP>Service Experience is an Analytics ID used in policy decisions based on network analytics. It provides statistics or predictions on service quality, including average observed Service MoS. The PCF subscribes to this using Nnwdaf_AnalyticsSubscription_Subscribe with the Target of Analytics Reporting set to SUPI, Internal Group Id, or any UE. The Analytics Filter includes Application Identifier(s), RAT Type(s), Frequency value(s), and combinations of (S-NSSAI, DNN, PDU Session type, SSC Mode) optionally per Access Type. The PCF receives notifications with SUPI lists, RAT and Frequency applicability, spatial and time validity, and prediction confidence.)##
(entity<",chunk-ced7aada517affa382f30da06e6ab0a8<SEP>chunk-57543a4a83ea4310d62a27eba579f11e,../3GPP-trunked/Rel-19/23_series/23503-j30.md6.1.1.3,1770216848,Rel-19/38_series/38133-j00_cover/graph_chunk_entity_relation.graphml,Rel-19,Service Experience,filter
Faulty RF Filters,RSCs,RSCs,Terminology,"RSCs refer to Rule Selection Criteria used in URSP rules, including DNN, S-NSSAI, PDU session type, Access type, and SSC mode, which are used to define policy and analytics filtering conditions.",chunk-ced7aada517affa382f30da06e6ab0a8,../3GPP-trunked/Rel-19/23_series/23503-j30.md6.1.1.3,1770216848,Rel-19/38_series/38133-j00_cover/graph_chunk_entity_relation.graphml,Rel-19,RSCs,filter; filtering
Faulty RF Filters,NWDAF_AnalyticsSubscription_Subscribe,NWDAF_AnalyticsSubscription_Subscribe,Technology,"NWDAF_AnalyticsSubscription_Subscribe is a service operation used by PCF to subscribe to network analytics notifications from NWDAF, including parameters such as Analytics ID, Target of Analytics Reporting, and Analytics Filter.",chunk-6e1b6baa4e43ba38142a64041c41196c,../3GPP-trunked/Rel-19/23_series/23503-j30.md6.1.1.3,1770216848,Rel-19/38_series/38133-j00_cover/graph_chunk_entity_relation.graphml,Rel-19,NWDAF_AnalyticsSubscription_Subscribe,filter
Faulty RF Filters,Load level information,Load level information,Concept,"Load level information is an Analytics ID used in policy decisions based on network analytics. It refers to the load level of a Network Slice Instance and is monitored via threshold-based notifications. The PCF subscribes to this analytics using the Nnwdaf_AnalyticsSubscription_Subscribe service operation with the Analytics Filter ""S-NSSAI"" and Analytics Reporting Information set to a load level threshold value. The PCF is notified when the load level reaches the specified threshold.",chunk-57543a4a83ea4310d62a27eba579f11e,../3GPP-trunked/Rel-19/23_series/23503-j30.md6.1.1.3,1770216858,Rel-19/38_series/38133-j00_cover/graph_chunk_entity_relation.graphml,Rel-19,Load level information,filter
Faulty RF Filters,Minimum requirement for L1 indication,Minimum requirement for L1 indication,Concept,"The Minimum requirement for L1 indication specifies the conditions under which the UE's Layer 1 sends out-of-sync or in-sync indications to higher layers based on downlink radio link quality relative to thresholds Qout and Qin for configured RLM-RS resources. It includes filtering via Layer 3 as defined in TS 38.331, evaluation procedures in clause 5 of TS 38.213, and timing constraints on successive indications defined by TIndication_interval.",chunk-957af3e894758dfc4df35f350161b99f,../3GPP-trunked/Rel-19/38_series/38133-j00_s8-8.md8.1.6,1770220814,Rel-19/38_series/38133-j00_s8-8/graph_chunk_entity_relation.graphml,Rel-19,Minimum requirement for L1 indication,filter; filtering
Faulty RF Filters,Handling of packet filters provided to the UE by SMF,Handling of packet filters provided to the UE by SMF,Concept,"Handling of packet filters provided to the UE by SMF is a procedure defined in TS 23.501 [2] where the SMF signals traffic mapping information to the UE through Packet Filter Sets in QoS rules. The network ensures that the signaled traffic mapping reflects QoS Flow binding of PCC rules, except for those extending inspection beyond what can be signaled to the UE. PCC rules may restrict traffic more than what is signaled. The PCF may indicate per service data flow filter that the SMF must explicitly signal traffic mapping information to the UE, e.g., for IMS precondition handling. If no such indication exists, the SMF decides whether to signal redundant traffic mapping information. For QoS Flows with no uplink IP flows, no UL filter is needed that would disallow useful uplink packets. The default QoS rule either contains a Packet Filter Set allowing all UL packets or one generated from UL SDF filters (and DL SDF filters if available) with an indication to signal traffic mapping information. If multiple PCC rules with such an indication are bound to the QoS Flow of the default QoS rule, the SMF",chunk-53e50af1beb51965f73b605cbad71cc2,../3GPP-trunked/Rel-19/23_series/23503-j30.md6.1.3.9,1770221022,Rel-19/38_series/38133-j00_sA.1-A.3/graph_chunk_entity_relation.graphml,Rel-19,Handling of packet filters provided to the UE by SMF,filter
Faulty RF Filters,out-of-sync indication,out-of-sync indication,Concept,The out-of-sync indication is sent by layer 1 of the UE to higher layers when the downlink radio link quality on at least one configured RLM-RS resource is worse than Qout. This indication is filtered by a layer 3 filter as specified in TS 38.331 [2].,chunk-731bc46c93b631531cec55f4ab56f338,../3GPP-trunked/Rel-19/38_series/38133-j00_s8-8.md8.1.8,1770221088,Rel-19/38_series/38133-j00_sA.1-A.3/graph_chunk_entity_relation.graphml,Rel-19,out-of-sync indication,filter
Faulty RF Filters,in-sync indication,in-sync indication,Concept,The in-sync indication is sent by layer 1 of the UE to higher layers when the downlink radio link quality on at least one configured RLM-RS resource is better than Qin. This indication is filtered by a layer 3 filter as specified in TS 38.331 [2].,chunk-731bc46c93b631531cec55f4ab56f338,../3GPP-trunked/Rel-19/38_series/38133-j00_s8-8.md8.1.8,1770221088,Rel-19/38_series/38133-j00_sA.1-A.3/graph_chunk_entity_relation.graphml,Rel-19,in-sync indication,filter
Faulty RF Filters,Packet Flow Descriptions,Packet Flow Descriptions,Concept,Packet Flow Descriptions (PFDs) are sets of rules or filters used to identify and classify application-specific traffic flows. They are provided by the ASP and used by the SMF and UPF for accurate application detection and enforcement of PCC Rules.,chunk-19371a60ec8cdf46d8bea64c04baf67a,../3GPP-trunked/Rel-19/23_series/23503-j30.md6.1.2.3.1,1770220114,Rel-19/38_series/38133-j00_sA.17-A.18/graph_chunk_entity_relation.graphml,Rel-19,Packet Flow Descriptions,filter
Faulty RF Filters,test port B,test port B,Terminology,test port B is the far end antenna connector where transmitter requirements apply when external apparatus such as a TX amplifier or filter is used.<SEP>test port B is the far end antenna connector where receiver requirements apply when external apparatus such as a RX amplifier or filter is used.,chunk-10a9c59ff456a682fb5aee61dc8f17b9<SEP>chunk-b2b6f997dd5643fb931cdb91d839a76f,../3GPP-trunked/Rel-19/38_series/38141-1-j00.md4.5.1.1.1<SEP>../3GPP-trunked/Rel-19/38_series/38141-1-j00.md4.5.1.2.1,1770216404,Rel-19/38_series/38141-1-j00/graph_chunk_entity_relation.graphml,Rel-19,test port B,filter
Faulty RF Filters,receiver characteristics,receiver characteristics,Concept,"Receiver characteristics are specified in clause 7 at the BS antenna connector (test port A) under normal operating conditions with a full complement of transceivers. If external apparatus such as a RX amplifier, a filter, or their combination is used, the requirements apply at the far end antenna connector (test port B).",chunk-10a9c59ff456a682fb5aee61dc8f17b9,../3GPP-trunked/Rel-19/38_series/38141-1-j00.md4.5.1.2.1,1770216404,Rel-19/38_series/38141-1-j00/graph_chunk_entity_relation.graphml,Rel-19,receiver characteristics,filter
Faulty RF Filters,sl-filterCoefficient,sl-filterCoefficient,Terminology,sl-filterCoefficient is a preconfigured filtering coefficient used in layer 3 filtering of detected SLSSIDs to process PSBCH-RSRP measurement results.,chunk-701a7e84591f54f49e9e993667f37d66,../3GPP-trunked/Rel-19/38_series/38523-1-j00_s12-s14.md12.1.2.1.2,1770225867,Rel-19/38_series/38174-j00/graph_chunk_entity_relation.graphml,Rel-19,sl-filterCoefficient,filter; filtering
Faulty RF Filters,Carrier-wave interference cancellation,Carrier-wave interference cancellation,Concept,"Carrier-wave interference cancellation is a technique used to mitigate interference from a carrier-wave source. It involves spatial isolation, RF interference cancellation, and high-pass filtering. The effectiveness depends on deployment configuration and signal synchronization.",chunk-bc096626f85d63ac4a4bad15f656e7d2,../3GPP-trunked/Rel-19/38_series/38769-j00.md2,1770220183,Rel-19/38_series/38769-j00/graph_chunk_entity_relation.graphml,Rel-19,Carrier-wave interference cancellation,filter; filtering
Faulty RF Filters,D1T1-B,D1T1-B,Application,"D1T1-B is a deployment scenario where the carrier-wave source is separately deployed from the D2R receiver, relying on spatial isolation and interference mitigation techniques such as RF cancellation and high-pass filtering. It supports wired connection between the base station and carrier-wave node, enabling synchronization.",chunk-bc096626f85d63ac4a4bad15f656e7d2,../3GPP-trunked/Rel-19/38_series/38769-j00.md2,1770220183,Rel-19/38_series/38769-j00/graph_chunk_entity_relation.graphml,Rel-19,D1T1-B,filter; filtering
High Network Congestion,Trace Recording Session,Trace Recording Session,Concept,"A Trace Recording Session is a session during which trace records are collected, and it may experience overload conditions leading to throttling of lower priority trace records.<SEP>The Trace Recording Session is a session during which trace data is recorded, and it can be subject to throttling. The session is terminated or modified when the Trace Recording Session Throttled Stop administrative message is sent.",chunk-804bb57b2db049e28d1a6b8f31df447a<SEP>chunk-454503833905e64fed2725d12258be74,../3GPP-trunked/Rel-19/32_series/32423-j20.md5.2.4.10<SEP>../3GPP-trunked/Rel-19/32_series/32423-j20.md5.2.4.11,1770200589,Rel-19/22_series/22137-j10/graph_chunk_entity_relation.graphml,Rel-19,Trace Recording Session,overload
High Network Congestion,Trace Recording Session Throttled Start administrative message,Trace Recording Session Throttled Start administrative message,Concept,"The Trace Recording Session Throttled Start administrative message is used to indicate that lower priority trace records are missing, potentially due to an overload condition in a Trace Recording Session. It may have a zero-size payload or specify the types of missing contents. The traceRecordTypeId field in the Trace Record Header is set to ""TRACE_RECORDING_SESSION_THROTTLED_START"".",chunk-454503833905e64fed2725d12258be74,../3GPP-trunked/Rel-19/32_series/32423-j20.md5.2.4.10,1770200505,Rel-19/22_series/22153-j20/graph_chunk_entity_relation.graphml,Rel-19,Trace Recording Session Throttled Start administrative message,overload
High Network Congestion,overload condition,overload condition,Challenge,"An overload condition is a situation in a Trace Recording Session that may cause lower priority trace records to be missing, leading to the use of the Trace Recording Session Throttled Start administrative message.",chunk-454503833905e64fed2725d12258be74,../3GPP-trunked/Rel-19/32_series/32423-j20.md5.2.4.10,1770200505,Rel-19/22_series/22153-j20/graph_chunk_entity_relation.graphml,Rel-19,overload condition,overload
High Network Congestion,lower priority trace records,lower priority trace records,Concept,"Lower priority trace records are trace records that may be omitted or not captured during a Trace Recording Session due to system overload, and their absence is signaled by the Trace Recording Session Throttled Start administrative message.",chunk-454503833905e64fed2725d12258be74,../3GPP-trunked/Rel-19/32_series/32423-j20.md5.2.4.10,1770200505,Rel-19/22_series/22153-j20/graph_chunk_entity_relation.graphml,Rel-19,lower priority trace records,overload
High Network Congestion,SERVICE_CENTRE_CONGESTION,SERVICE_CENTRE_CONGESTION,Concept,SERVICE_CENTRE_CONGESTION is an application,chunk-ffcefcf13b0af46945bbe49ba11e23c2,../3GPP-trunked/Rel-19/29_series/29541-j00.md6.2.7.3,1770194202,Rel-19/23_series/23007-j10/graph_chunk_entity_relation.graphml,Rel-19,SERVICE_CENTRE_CONGESTION,congestion
High Network Congestion,filter based overload control,filter based overload control,Concept<SEP>UNKNOWN,Filter based overload control is a mechanism described in section 5.22.2 that manages system overload by filtering incoming requests or signals. It is designed to prevent system overload by selectively processing or rejecting traffic based on predefined criteria.<SEP>Filter based overload control uses a mechanism to manage system overload by filtering incoming requests or signals,chunk-98aa1f63e68228b71b1e60232a4ef8a2,../3GPP-trunked/Rel-19/23_series/23228-j20.md1,1770198227,Rel-19/23_series/23228-j20/graph_chunk_entity_relation.graphml,Rel-19,filter based overload control<SEP>filter based overload control)##,overload
High Network Congestion,information flow,information flow,Concept,"Information flow refers to the movement of data or control signals between components in the filter based overload control mechanism, as illustrated in the accompanying figure.",chunk-98aa1f63e68228b71b1e60232a4ef8a2,../3GPP-trunked/Rel-19/23_series/23228-j20.md1,1770198227,Rel-19/23_series/23228-j20/graph_chunk_entity_relation.graphml,Rel-19,information flow,overload
High Network Congestion,mechanism,mechanism,Concept,Mechanism refers to the operational method or process used in the filter based overload control to manage system overload by applying filters to incoming traffic.,chunk-98aa1f63e68228b71b1e60232a4ef8a2,../3GPP-trunked/Rel-19/23_series/23228-j20.md1,1770198227,Rel-19/23_series/23228-j20/graph_chunk_entity_relation.graphml,Rel-19,mechanism,overload
High Network Congestion,AS/S-CSCF,AS/S-CSCF,Technology,"AS/S-CSCF is a component that subscribes to overload event notifications for AS-1 and AS-2 during initialization or restart, and receives overload control filters (1c) and (2c). It is responsible for determining the forwarding destination of an incoming INVITE message, such as AS-1 in the given example.",chunk-b66c0fdd0b985168e16d12e98d88ff21,../3GPP-trunked/Rel-19/23_series/23228-j20.md3,1770198242,Rel-19/23_series/23228-j20/graph_chunk_entity_relation.graphml,Rel-19,AS/S-CSCF,overload
High Network Congestion,AS-1,AS-1,Technology,AS-1 is a service component that receives overload event notifications from AS/S-CSCF and is a potential forwarding destination for an INVITE message.,chunk-b66c0fdd0b985168e16d12e98d88ff21,../3GPP-trunked/Rel-19/23_series/23228-j20.md3,1770198242,Rel-19/23_series/23228-j20/graph_chunk_entity_relation.graphml,Rel-19,AS-1,overload
High Network Congestion,AS-2,AS-2,Technology,AS-2 is a service component that receives overload event notifications from AS/S-CSCF and is a potential forwarding destination for an INVITE message.,chunk-b66c0fdd0b985168e16d12e98d88ff21,../3GPP-trunked/Rel-19/23_series/23228-j20.md3,1770198242,Rel-19/23_series/23228-j20/graph_chunk_entity_relation.graphml,Rel-19,AS-2,overload
High Network Congestion,overload event notification,overload event notification,Concept,Overload event notification is a mechanism used by AS/S-CSCF to subscribe to and receive status updates regarding the overload conditions of AS-1,chunk-b66c0fdd0b985168e16d12e98d88ff21,../3GPP-trunked/Rel-19/23_series/23228-j20.md3,1770198242,Rel-19/23_series/23228-j20/graph_chunk_entity_relation.graphml,Rel-19,overload event notification,overload
High Network Congestion,overload control filters (1c),overload control filters (1c),Terminology,,chunk-b66c0fdd0b985168e16d12e98d88ff21,../3GPP-trunked/Rel-19/23_series/23228-j20.md3,1770198242,Rel-19/23_series/23228-j20/graph_chunk_entity_relation.graphml,Rel-19,overload control filters (1c),overload
High Network Congestion,overload control filters (2c),overload control filters (2c),Terminology,,chunk-b66c0fdd0b985168e16d12e98d88ff21,../3GPP-trunked/Rel-19/23_series/23228-j20.md3,1770198242,Rel-19/23_series/23228-j20/graph_chunk_entity_relation.graphml,Rel-19,overload control filters (2c),overload
High Network Congestion,system overload,system overload,Terminology,,chunk-caa882272eb23e1e674186ab0fead4ac,../3GPP-trunked/Rel-19/32_series/32401-j00.md5.4.3,1770195988,Rel-19/23_series/23289-j50/graph_chunk_entity_relation.graphml,Rel-19,system overload,overload
High Network Congestion,S-EAS,S-EAS,Technology,"S-EAS is a system entity that acts as a source for Application Context and may initiate ACT with the CAS. It is involved in ACR execution and can perform ACT directly with CAS, though the specification of such process is out of scope.<SEP>S-EAS is a legacy component that is replaced by CAS in the described scenarios.<SEP>S-EAS is a source edge application server that may trigger ACR due to UE movement, overload, or maintenance, and acts as an S-EAS during ACR procedures where it interacts with the CAS and CES.",chunk-fef4b8eab930e6f6ffb693b0559dd471<SEP>chunk-1ea03a1d577c564a1a197da9f643a7c6<SEP>chunk-31174e5a284b9869ea541c3403583a43,../3GPP-trunked/Rel-19/23_series/23558-j50.md4<SEP>../3GPP-trunked/Rel-19/23_series/23558-j50.mdNone,1770168107,Rel-19/23_series/23558-j50/graph_chunk_entity_relation.graphml,Rel-19,S-EAS,overload
High Network Congestion,DNN based congestion control,DNN based congestion control,Concept,DNN based congestion control is a type of congestion control applied at the session management level to reject session management requests from User Equipment (UEs) or release PDU sessions when the associated,chunk-7f19af8fba98546b9e8c4bfa65440b68,../3GPP-trunked/Rel-19/24_series/24501-j20.md3.1,1770205521,Rel-19/24_series/24501-j20/graph_chunk_entity_relation.graphml,Rel-19,DNN based congestion control,congestion
High Network Congestion,S-NSSAI based congestion control,S-NSSAI based congestion control,Concept,Type of congestion control at session management level that is applied to reject session management requests from UEs or release PDU sessions when the associated S-NSSAI and optionally the associated DNN are congested. It can be activated at the SMF over session management level and also activated at the AMF over mobility management level.,chunk-d3985caebdfbdc7c3369d156e809eeb6,../3GPP-trunked/Rel-19/24_series/24501-j20.md3.1,1770205555,Rel-19/24_series/24501-j20/graph_chunk_entity_relation.graphml,Rel-19,S-NSSAI based congestion control,congestion
High Network Congestion,management analytical data,management analytical data,Concept,"Management analytical data is derived from the analysis of raw performance data of NFs and other management data such as alarm information and configuration data. It is used to diagnose current issues and predict potential failures or performance degradation in the mobile network. It can indicate resource deterioration, overload situations, or potential failures.",chunk-de5e3d9660b0de6a395448c4128f72c0,../3GPP-trunked/Rel-19/28_series/28550-j00.md4.2,1770235128,Rel-19/28_series/28550-j00/graph_chunk_entity_relation.graphml,Rel-19,management analytical data,overload
High Network Congestion,overload situation,overload situation,Terminology,,chunk-de5e3d9660b0de6a395448c4128f72c0,../3GPP-trunked/Rel-19/28_series/28550-j00.md4.2,1770235128,Rel-19/28_series/28550-j00/graph_chunk_entity_relation.graphml,Rel-19,overload situation,overload
High Network Congestion,Retry-Interval AVP,Retry-Interval AVP,Concept,"Retry-Interval AVP is an AVP (Attribute-Value Pair) with AVP code 541, of type Unsigned32, used to indicate a time interval in seconds. It specifies the duration to wait before the Application Function (AF) retries sending the same service information to the Policy and Charging Rules Function (PCRF) for the same IP-CAN session when the service information is temporarily rejected, such as due to congestion in the cell where the user is located.",chunk-2dbadc94f0636283f63d8b906c0fd444,../3GPP-trunked/Rel-19/29_series/29214-j00.md5.3.39,1770187350,Rel-19/29_series/29176-j10/graph_chunk_entity_relation.graphml,Rel-19,Retry-Interval AVP,congestion
High Network Congestion,service information,service information,Concept,"Service information refers to data sent by the Application Function (AF) to the Policy and Charging Rules Function (PCRF) for policy and charging control purposes, and is subject to temporary rejection due to network congestion, prompting a retry after the Retry-Interval AVP duration.",chunk-2dbadc94f0636283f63d8b906c0fd444,../3GPP-trunked/Rel-19/29_series/29214-j00.md5.3.39,1770187583,Rel-19/29_series/29176-j10/graph_chunk_entity_relation.graphml,Rel-19,service information,congestion; network congestion
High Network Congestion,INSUFFICIENT_SERVER_RESOURCES,INSUFFICIENT_SERVER_RESOURCES,Concept,"INSUFFICIENT_SERVER_RESOURCES is a value of the Abort-Cause AVP with code 1, used to indicate that the server is overloaded and must abort the session due to lack of server resources.",chunk-9c40279a3cd14bbd3ec3d4492050add8,../3GPP-trunked/Rel-19/29_series/29214-j00.md5.3.1,1770186967,Rel-19/29_series/29214-j00/graph_chunk_entity_relation.graphml,Rel-19,INSUFFICIENT_SERVER_RESOURCES,overload
High Network Congestion,NWDAF service consumer,NWDAF service consumer,Technology,"NWDAF service consumer is an entity that invokes service operations to obtain NF load analytics. It may be a network function (NF) or the OAM.<SEP>NWDAF service consumer is a network function (e.g., NEF, AF, or PCF) that requests User Data Congestion Analytics from the NWDAF. It may invoke Nnwdaf_AnalyticsInfo_Request or Nnwdaf_EventsSubscription_Subscribe service operations to obtain the analytics.<SEP>NWDAF service consumer is a network function (e.g., an Application Function) that requests QoS Sustainability Analytics from the NWDAF using service operations such as Nnwdaf_AnalyticsInfo_Request or Nnwdaf_EventsSubscription_Subscribe.",chunk-efecb73c7a2ed1864cd0e9a61929d035<SEP>chunk-d9fc3c74c2afcfe04bc631fd88e62f16<SEP>chunk-43b8531cb49dd95202ff0d5dbf74ae66,../3GPP-trunked/Rel-19/29_series/29552-j20.md5.7.4<SEP>../3GPP-trunked/Rel-19/29_series/29552-j20.md5.7.10<SEP>../3GPP-trunked/Rel-19/29_series/29552-j20.md5.7.11,1770189087,Rel-19/29_series/29526-j00/graph_chunk_entity_relation.graphml,Rel-19,NWDAF service consumer,congestion
High Network Congestion,User Data Congestion Analytics,User Data Congestion Analytics,Concept,"User Data Congestion Analytics is a procedure used by the NWDAF service consumer to obtain congestion-related analytics calculated by the NWDAF based on data collected from AMF, OAM, UPF, and/or AF. It involves invoking specific service operations such as Nnwdaf_AnalyticsInfo_Request and Nnwdaf_EventsSubscription_Subscribe with the event ""USER_DATA_CONGESTION"" and feature ""UserDataCongestion"".",chunk-efecb73c7a2ed1864cd0e9a61929d035,../3GPP-trunked/Rel-19/29_series/29552-j20.md5.7.10,1770189075,Rel-19/29_series/29526-j00/graph_chunk_entity_relation.graphml,Rel-19,User Data Congestion Analytics,congestion
High Network Congestion,User Data Congestion analytics,User Data Congestion analytics,Concept,"User Data Congestion analytics is a type of analytics calculated by the NWDAF based on data collected from AMF, OAM, UPF, and/or AF, used to monitor and manage data congestion in the network.",chunk-fcbbd90c8139dce2935ba717315ad23d,../3GPP-trunked/Rel-19/29_series/29552-j20.md5.7.10,1770189075,Rel-19/29_series/29526-j00/graph_chunk_entity_relation.graphml,Rel-19,User Data Congestion analytics,congestion
High Network Congestion,Session Management Congestion Control Experience Analytics,Session Management Congestion Control Experience Analytics,Concept,"Session Management Congestion Control Experience Analytics is a type of analytics calculated by the NWDAF based on information collected from the SMF. It is used to assess congestion control experiences in session management and can be obtained via Nnwdaf_AnalyticsInfo_Request or Nnwdaf_EventsSubscription_Subscribe service operations with the event ""SM_CONGESTION"" and feature ""SMCCE"".",chunk-d5d74635699f3cce91ff69b8368341a5,../3GPP-trunked/Rel-19/29_series/29552-j20.md5.7.14,1770189117,Rel-19/29_series/29579-j10/graph_chunk_entity_relation.graphml,Rel-19,Session Management Congestion Control Experience Analytics,congestion
High Network Congestion,MCVideo server,MCVideo server,Technology,"MCVideo server is a component that sends uplink L4S feedback information to the MCVideo client and receives downlink L4S feedback information from the MCVideo client.<SEP>MCVideo server is a component that determines the use of 5GS L4S capability to obtain congestion information via ECN marking, processes UL media streams with ECN marking, and generates L4S feedback reports to control UL stream transmission.",chunk-4eb59dea0097e0c021683cde5fe8ed5f<SEP>chunk-931319fcd1212a35c5952328b49446bf,../3GPP-trunked/Rel-19/23_series/23289-j50.md7.7.2.1<SEP>../3GPP-trunked/Rel-19/23_series/23289-j50.md7.7.3.2,1770213946,Rel-19/33_series/33216-j00/graph_chunk_entity_relation.graphml,Rel-19,MCVideo server,congestion
High Network Congestion,L4S information,L4S information,UNKNOWN,"The L4S ECN information reported related to DL congestion if it is sent from the MCVideo client to the MCVideo server, or related to the UL congestion if it is sent from the MCVideo server to the MCVideo client.",chunk-931319fcd1212a35c5952328b49446bf,../3GPP-trunked/Rel-19/23_series/23289-j50.md7.7.2.1,1770213958,Rel-19/33_series/33216-j00/graph_chunk_entity_relation.graphml,Rel-19,L4S information,congestion
High Network Congestion,IP header,IP header,Signal,IP header is the network layer header in IP packets that includes ECN marking to convey congestion information from the 5GS to the MCVideo client.,chunk-3504f8ae4dcbbe248a1ad6e07c21628c,../3GPP-trunked/Rel-19/23_series/23289-j50.md7.7.3.1,1770213941,Rel-19/33_series/33784-j00/graph_chunk_entity_relation.graphml,Rel-19,IP header,congestion
High Network Congestion,DL media stream,DL media stream,Signal,"DL media stream is the downlink media data transmitted from the MCVideo server to the MCVideo UE, which carries ECN marking in the IP header to reflect the current network congestion status.",chunk-3504f8ae4dcbbe248a1ad6e07c21628c,../3GPP-trunked/Rel-19/23_series/23289-j50.md7.7.3.1,1770213941,Rel-19/33_series/33784-j00/graph_chunk_entity_relation.graphml,Rel-19,DL media stream,congestion; network congestion
High Network Congestion,One-to-server video push enhancement,One-to-server video push enhancement,Concept,"One-to-server video push enhancement is a signaling control plane procedure where the MCVideo client initiates the establishment of a video push, enhanced by ECN marking to leverage L4S capability for improved UL stream transmission control. It requires the MCVideo server to have obtained L4S handling capability from the MCVideo client and involves interaction with the 5GS to request and receive ECN marking for congestion information.",chunk-4eb59dea0097e0c021683cde5fe8ed5f,../3GPP-trunked/Rel-19/23_series/23289-j50.md7.7.3.2,1770213943,Rel-19/33_series/33784-j00/graph_chunk_entity_relation.graphml,Rel-19,One-to-server video push enhancement,congestion
High Network Congestion,UL media stream,UL media stream,Signal,"UL media stream is the uplink data flow from the MCVideo client to the MCVideo server, which carries media packets and includes ECN marking in the IP header to reflect network congestion status.",chunk-4eb59dea0097e0c021683cde5fe8ed5f,../3GPP-trunked/Rel-19/23_series/23289-j50.md7.7.3.2,1770213943,Rel-19/33_series/33784-j00/graph_chunk_entity_relation.graphml,Rel-19,UL media stream,congestion; network congestion
High Network Congestion,congestion information,congestion information,Concept,"Congestion information is the network status data derived from ECN marking in the UL media stream, exposed by the 5GS to the MCVideo server for use in feedback and stream control.",chunk-4eb59dea0097e0c021683cde5fe8ed5f,../3GPP-trunked/Rel-19/23_series/23289-j50.md7.7.3.2,1770213943,Rel-19/33_series/33784-j00/graph_chunk_entity_relation.graphml,Rel-19,congestion information,congestion
High Network Congestion,L4S capability,L4S capability,Concept,"L4S capability is a network feature that enables low-latency, low-loss, and scalable services by allowing ECN marking in the IP header to convey congestion information. It is utilized by the MCVideo server to improve UL stream transmission control.",chunk-4eb59dea0097e0c021683cde5fe8ed5f,../3GPP-trunked/Rel-19/23_series/23289-j50.md7.7.3.2,1770213949,Rel-19/33_series/33784-j00/graph_chunk_entity_relation.graphml,Rel-19,L4S capability,congestion
High Network Congestion,UL congestion level information,UL congestion level information,Terminology,,chunk-e35ab85b247f5e2704de69d754862534,../3GPP-trunked/Rel-19/23_series/23503-j30.mdNone,1770228146,Rel-19/38_series/38101-3-j10_s00-05/graph_chunk_entity_relation.graphml,Rel-19,UL congestion level information,congestion
High Network Congestion,Exposure of network information,Exposure of network information,Concept,"Exposure of network information is a feature enabling the Application Function (AF) to subscribe for real-time network condition data, including congestion levels, packet delay, round-trip delay, Available Bitrate, data rate, and Data Rate Limitation information for both GBR and non-GBR service data flows and UE PDU Sessions. This supports real-time media codec and traffic adaptation based on network conditions.",chunk-e35ab85b247f5e2704de69d754862534,../3GPP-trunked/Rel-19/23_series/23503-j30.mdNone,1770228146,Rel-19/38_series/38101-3-j10_s00-05/graph_chunk_entity_relation.graphml,Rel-19,Exposure of network information,congestion
High Network Congestion,DL congestion level information,DL congestion level information,Terminology,,chunk-e35ab85b247f5e2704de69d754862534,../3GPP-trunked/Rel-19/23_series/23503-j30.mdNone,1770228146,Rel-19/38_series/38101-3-j10_s00-05/graph_chunk_entity_relation.graphml,Rel-19,DL congestion level information,congestion
High Network Congestion,Session Management Congestion Control Experience,Session Management Congestion Control Experience,Terminology,,chunk-066c308ba0343449c2757003f84f1fc4,../3GPP-trunked/Rel-19/23_series/23503-j30.md6.1.1.3,1770216752,Rel-19/38_series/38133-j00_cover/graph_chunk_entity_relation.graphml,Rel-19,Session Management Congestion Control Experience,congestion
High Network Congestion,Policy decisions based on network analytics,Policy decisions based on network analytics,Concept,"Policy decisions based on network analytics is a functionality that enables the PCF to make policy decisions by leveraging analytics information associated with specific Analytics IDs defined in TS 23.288 [24]. The analytics information can be sourced directly from NWDAF or via DCCF, depending on deployment. The PCF uses local configuration to determine whether to retrieve Analytics IDs directly from NWDAF or through DCCF. The PCF performs discovery and selection of NWDAF and DCCF as per TS 23.501 [2] and subscribes/unsubscribes to analytics data as defined in TS 23.288 [24]. The AMF and/or SMF may include a list of NWDAF instance IDs and associated Analytics IDs in AM/SM Policy Association procedures. The PCF may use these provided instances for subscription or perform its own NWDAF discovery if needed. The relevant Analytics IDs include: ""Load level information"", ""Service Experience"", ""Network Performance"", ""Abnormal behaviour"", ""UE Mobility"", ""UE Communication"", ""User Data Congestion"", ""Data Dispersion"", ""Session Management Congestion Control Experience",chunk-57543a4a83ea4310d62a27eba579f11e,../3GPP-trunked/Rel-19/23_series/23503-j30.md6.1.1.3,1770216855,Rel-19/38_series/38133-j00_cover/graph_chunk_entity_relation.graphml,Rel-19,Policy decisions based on network analytics,congestion
High Network Congestion,N marking for L4S,N marking for L4S,Concept,"N marking for L4S refers to the Explicit Congestion Notification (ECN) marking for Low Latency, Low Loss, and Scalable throughput (L4S) traffic. It can no longer be performed or can again be performed, and the SMF notifies the PCF of such changes.",chunk-3615e8475af1d4932dc249dd648c6eaf,../3GPP-trunked/Rel-19/23_series/23503-j30.md6.1.3.5,1770221029,Rel-19/38_series/38133-j00_sA.1-A.3/graph_chunk_entity_relation.graphml,Rel-19,N marking for L4S,congestion
High Network Congestion,ECN marking for L4S,ECN marking for L4S,Concept,ECN marking for L4S is a congestion control mechanism used in L4S traffic to signal network congestion. The SMF notifies the PCF when this marking can no longer or can again be performed.,chunk-3615e8475af1d4932dc249dd648c6eaf,../3GPP-trunked/Rel-19/23_series/23503-j30.md6.1.3.5,1770221034,Rel-19/38_series/38133-j00_sA.1-A.3/graph_chunk_entity_relation.graphml,Rel-19,ECN marking for L4S,congestion; network congestion
Resource Allocation Bugs,Energy credit Provisioning,Energy credit Provisioning,Concept,Energy credit Provisioning is a component of Solution #23 that involves the allocation and management of energy credits for policy control purposes.,chunk-fa0c1c86584a5f1167e4f42db03d31bd,../3GPP-trunked/Rel-19/23_series/23700-66-j00.md6.23,1770201823,Rel-19/22_series/22125-j20/graph_chunk_entity_relation.graphml,Rel-19,Energy credit Provisioning,allocation
Resource Allocation Bugs,ng-eNB,ng-eNB,Technology,"ng-eNB is a next-generation evolved Node B, a network element in 5G NR that manages radio resources and communicates with UEs, AMFs, and neighboring NG-RAN nodes.",chunk-5d0af1455f55a9be70a74fa43c8ded6f,../3GPP-trunked/Rel-19/32_series/32423-j20.md4.33,1770200442,Rel-19/22_series/22137-j10/graph_chunk_entity_relation.graphml,Rel-19,ng-eNB,radio resource
Resource Allocation Bugs,RANAP,RANAP,Technology,"RANAP is a radio access network application protocol used in UMTS networks for managing radio resources and mobility, defined in TS 25.413. It supports procedures such as RAB assignment, relocation, paging, and error indication, and includes parameters like RAB ID, Cause, and Identity fields.",chunk-b68b1449c05b918c615b607703833122,../3GPP-trunked/Rel-19/32_series/32423-j20.md4.2,1770199845,Rel-19/22_series/22840-j00/graph_chunk_entity_relation.graphml,Rel-19,RANAP,radio resource
Resource Allocation Bugs,RRC,RRC,Technology,"RRC (Radio Resource Control) is a protocol layer in LTE that manages radio resources and signaling between the UE and the network, operating over the Uu interface.<SEP>RRC is the Radio Resource Control protocol used for signaling between the UE and eNB over the Uu interface. It manages connection setup, maintenance, and release, and is involved in trace recording sessions with both dedicated and non-dedicated measurements",chunk-4487483e384352de7113c87b53f8c00e<SEP>chunk-d49a372292f47db9aab0f78e5c36b5bc,../3GPP-trunked/Rel-19/32_series/32423-j20.md4.13,1770200081,Rel-19/22_series/22856-j20/graph_chunk_entity_relation.graphml,Rel-19,RRC,radio resource
Resource Allocation Bugs,Fully pooled radio resources between two POPs,Fully pooled radio resources between two POPs,Concept,"Fully pooled radio resources between two POPs is a use case where cells are shared between POP A and POP B, with radio resources of the S-RAN fully pooled and UEs from both POP A and POP B served in a first come first served mode, as agreed in the RAN sharing agreement between MOP and POPs.",chunk-3e55e30e677e3f7612b93056fd9d6fd4,../3GPP-trunked/Rel-19/32_series/32130-j00.md5.4.1,1770200084,Rel-19/22_series/22856-j20/graph_chunk_entity_relation.graphml,Rel-19,Fully pooled radio resources between two POPs,radio resource
Resource Allocation Bugs,first come first served mode,first come first served mode,Concept,"First come first served mode is a resource allocation strategy used in the Fully pooled radio resources between two POPs use case, where UEs from POP A and POP B are served in the order of their arrival on the S-RAN.",chunk-3e55e30e677e3f7612b93056fd9d6fd4,../3GPP-trunked/Rel-19/32_series/32130-j00.md5.4.1,1770200084,Rel-19/22_series/22856-j20/graph_chunk_entity_relation.graphml,Rel-19,first come first served mode,resource allocation; radio resource; allocation
Resource Allocation Bugs,BSSAP+,BSSAP+,Technology,"BSSAP+ (BSS Application Part Plus) is a signaling protocol used for communication between the BSS and the MSC/VLR over the Gs interface, supporting GPRS-related procedures.<SEP>BSSAP+ is an enhanced version of the BSSAP protocol used in the Gs interface for handling mobility and session management, supporting signals such as LOCATION-UPDATE-REQUEST, MS-ACTIVITY-INDICATION, and TMSI-REALLOCATION-COMPLETE, and defined in TS 29.018.",chunk-4411b49d1b36beb6776ebb723ea5a246<SEP>chunk-1a1ec11419b537ac9406e97df160dafe,../3GPP-trunked/Rel-19/32_series/32423-j20.md4.4,1770199955,Rel-19/22_series/22865-j20/graph_chunk_entity_relation.graphml,Rel-19,BSSAP+,allocation
Resource Allocation Bugs,Iur,Iur,Technology,"Iur is a logical interface in UTRAN connecting two RNCs, enabling handover and resource management between neighboring RNCs. It is used in trace recording sessions to capture RNSAP messages between the traced RNC and a neighboring RNC.",chunk-64b3aecf257bc5018ec34d263de5bfe4,../3GPP-trunked/Rel-19/32_series/32423-j20.md4.6,1770199955,Rel-19/22_series/22865-j20/graph_chunk_entity_relation.graphml,Rel-19,Iur,resource management
Resource Allocation Bugs,Iub,Iub,Technology,"Iub is a network interface in UMTS that connects the Node B to the RNC, used for signaling and data transfer in radio link management.<SEP>Iub is a logical interface in UTRAN connecting the RNC to the Node B. It carries signaling and user data for managing radio resources and is used in trace recording sessions to capture NBAP messages between the traced RNC and Node B or cell.",chunk-64b3aecf257bc5018ec34d263de5bfe4<SEP>chunk-372cc4cac8d4ab605925ece8f9ee4109,../3GPP-trunked/Rel-19/32_series/32423-j20.md4.6,1770199963,Rel-19/22_series/22865-j20/graph_chunk_entity_relation.graphml,Rel-19,Iub,radio resource
Resource Allocation Bugs,RNC,RNC,Technology,"RNC (Radio Network Controller) is a network element in UTRAN responsible for managing radio resources and controlling Node Bs. In the context of UTRAN Trace Record Content, the RNC is the entity being traced, and its identity (rncID) is recorded in various messages.",chunk-64b3aecf257bc5018ec34d263de5bfe4,../3GPP-trunked/Rel-19/32_series/32423-j20.md4.6,1770199963,Rel-19/22_series/22865-j20/graph_chunk_entity_relation.graphml,Rel-19,RNC,radio resource
Resource Allocation Bugs,LOCATION-UPDATE-REQUEST,LOCATION-UPDATE-REQUEST,Signal,"LOCATION-UPDATE-REQUEST is a BSSAP signal used in the Gs interface for requesting location updates, associated with MS activity indication and TMSI reallocation completion, and is defined in TS 29.018.",chunk-1a1ec11419b537ac9406e97df160dafe,../3GPP-trunked/Rel-19/32_series/32423-j20.md4.4,1770199966,Rel-19/22_series/22865-j20/graph_chunk_entity_relation.graphml,Rel-19,LOCATION-UPDATE-REQUEST,allocation
Resource Allocation Bugs,MS-ACTIVITY-INDICATION,MS-ACTIVITY-INDICATION,Signal,"MS-ACTIVITY-INDICATION is a BSSAP signal sent to indicate mobile station activity, used in conjunction with LOCATION-UPDATE-REQUEST and TMSI-REALLOCATION-COMPLETE, and defined in TS 29.018.",chunk-1a1ec11419b537ac9406e97df160dafe,../3GPP-trunked/Rel-19/32_series/32423-j20.md4.4,1770199967,Rel-19/22_series/22865-j20/graph_chunk_entity_relation.graphml,Rel-19,MS-ACTIVITY-INDICATION,allocation
Resource Allocation Bugs,TMSI-REALLOCATION-COMPLETE,TMSI-REALLOCATION-COMPLETE,Signal,"TMSI-REALLOCATION-COMPLETE is a BSSAP signal indicating completion of TMSI reallocation, used with LOCATION-UPDATE-REQUEST and MS-ACTIVITY-INDICATION, and defined in TS 29.018.",chunk-1a1ec11419b537ac9406e97df160dafe,../3GPP-trunked/Rel-19/32_series/32423-j20.md4.4,1770199967,Rel-19/22_series/22865-j20/graph_chunk_entity_relation.graphml,Rel-19,TMSI-REALLOCATION-COMPLETE,allocation
Resource Allocation Bugs,BEARER RESOURCE ALLOCATION REQUEST,BEARER RESOURCE ALLOCATION REQUEST,Concept,BEARER RESOURCE ALLOCATION REQUEST is a message used in EPS Session Management to request allocation of radio,chunk-3823fbe97d94ca28a02c8a70e802c874,../3GPP-trunked/Rel-19/32_series/32423-j20.md4.12,1770200075,Rel-19/22_series/22865-j20/graph_chunk_entity_relation.graphml,Rel-19,BEARER RESOURCE ALLOCATION REQUEST,resource allocation; allocation
Resource Allocation Bugs,network energy saving and efficiency,network energy saving and efficiency,Concept,"Network energy saving and efficiency refers to the optimization of power consumption in the 5G network infrastructure through architectural and operational improvements, including dynamic resource allocation and intelligent power management.",chunk-26f4c7b07c8146fd1cd5e0f3512f89d9,../3GPP-trunked/Rel-19/23_series/23700-66-j00.md6.15.1,1770201498,Rel-19/22_series/22876-j10/graph_chunk_entity_relation.graphml,Rel-19,network energy saving and efficiency,resource allocation; allocation
Resource Allocation Bugs,Radio resources partitioning between two POPs for the shared NG-RAN,Radio resources partitioning between two POPs for the shared NG-RAN,Concept,"Radio resources partitioning between two POPs for the shared NG-RAN is a use case where radio access network elements, specifically one of multiple shared NG-RAN network elements, are shared between POP A (identified by PLMN A) and POP B (identified by PLMN B). The partitioning is governed by a RAN sharing agreement between POP A and POP B, which defines how radio resources such as PRB, RRC connection, and DRB are allocated. The partitioning policies (e.g. RRMPolicyRatio) are agreed upon and implemented via RRMPolicy, with detailed definitions found in clause 4.3.36 of TS 28.541 [8]. In this use case, POP A is allocated 20% dedicated, 30% prioritized, and 50% shared resources, while POP B is allocated 30% prioritized and 20% shared resources. The MOP-NM (MnS consumer) obtains these policies and sends them to MOP-SR-DM (MnS producer) for configuration of shared NG-RAN NEs",chunk-284bcf8619d71535a04c85141579e495,../3GPP-trunked/Rel-19/32_series/32130-j00.md5.4.6,1770200195,Rel-19/22_series/22916-j00/graph_chunk_entity_relation.graphml,Rel-19,Radio resources partitioning between two POPs for the shared NG-RAN,radio resource
Resource Allocation Bugs,Shared NG-RAN NE(s),Shared NG-RAN NE(s),Technology,Shared NG-RAN NE(s) are Next Generation Radio Access Network Network Elements that are shared among multiple operators in a Multi-Operator Core Network (MOCN) scenario. These network elements are managed through defined workflows to ensure coordinated operation and resource allocation.,chunk-806e528c34a886033b335f8cf134f8d4,../3GPP-trunked/Rel-19/32_series/32130-j00.md7,1770200285,Rel-19/22_series/22916-j00/graph_chunk_entity_relation.graphml,Rel-19,Shared NG-RAN NE(s),resource allocation; allocation
Resource Allocation Bugs,Network Elements,Network Elements,Technology,"Network Elements are physical or logical components within a telecommunications network that perform specific functions such as signal processing, routing, or resource management. In this context, they refer to NG-RAN Network Elements shared in a MOCN scenario.",chunk-806e528c34a886033b335f8cf134f8d4,../3GPP-trunked/Rel-19/32_series/32130-j00.md7,1770200285,Rel-19/22_series/22916-j00/graph_chunk_entity_relation.graphml,Rel-19,Network Elements,resource management
Resource Allocation Bugs,Custom Operations without associated resource,Custom Operations without associated resource,Concept,Custom Operations without associated resource is a concept defined in section 6.1.4 that refers to operations performed without the allocation or association of dedicated resources.,chunk-4559b6b05d5049b2a67d89107a2d6ffd,../3GPP-trunked/Rel-19/29_series/29598-j10.md6.1.4,1770194186,Rel-19/23_series/23007-j10/graph_chunk_entity_relation.graphml,Rel-19,Custom Operations without associated resource,allocation
Resource Allocation Bugs,Northbound API procedures,Northbound API procedures,Concept,"Northbound API procedures operate across the T8 reference point and are specified in 3GPP TS 23.682 [243] and TS 29.122 [230]. These procedures include Monitoring, Resource management of Background Data Transfer, Changing the chargeable party at session set up or during the session, Non-IP Data Delivery, Device Triggering, Group Message Delivery, Reporting of Network Status, Communication Pattern Parameters Provisioning, PFD Management, Enhanced Coverage Restriction Control, Network Parameter Configuration, Setting up an AS session with required QoS, MSISDN-less Mobile Originated SMS, Request for time synchronization and time sensitive communication service, and Request for Ranging and Sidelink Positioning service.",chunk-27350ef36a2ee386dad1c20dc6846005,../3GPP-trunked/Rel-19/32_series/32254-j00.md5.1.1,1770196121,Rel-19/23_series/23204-j10/graph_chunk_entity_relation.graphml,Rel-19,Northbound API procedures,resource management
Resource Allocation Bugs,Resource management of Background Data Transfer,Resource management of Background Data Transfer,Concept,Resource management of Background Data Transfer is a Northbound API procedure that operates across the T8 reference point and is specified in 3GPP TS 23.682 [243] and TS 29.122 [230].,chunk-27350ef36a2ee386dad1c20dc6846005,../3GPP-trunked/Rel-19/32_series/32254-j00.md5.1.1,1770196121,Rel-19/23_series/23204-j10/graph_chunk_entity_relation.graphml,Rel-19,Resource management of Background Data Transfer,resource management
Resource Allocation Bugs,MBS Session Creation with PCC,MBS Session Creation with PCC,Concept,"MBS Session Creation with PCC is a procedure described in clause 7.1.1.3 for creating a multicast broadcast service (MBS) session when dynamic Policy and Charging Control (PCC) is deployed. It involves optional steps based on configuration, including TMGI pre-allocation, interaction with PCF via NEF/MBSF, and conditional processing depending on whether the AF provides an MBS Session ID or requires location-dependent session handling.",chunk-33f5bf3b1d61d1ea76a465a6c86c455b,../3GPP-trunked/Rel-19/23_series/23247-j10.md1,1770168562,Rel-19/23_series/23247-j10/graph_chunk_entity_relation.graphml,Rel-19,MBS Session Creation with PCC,allocation
Resource Allocation Bugs,Charging Data,Charging Data,Concept,"Charging Data is a resource defined in section 6.1.3.2, used for tracking and managing billing information related to network usage. It is associated with resource management and charging procedures within the system.)##",chunk-2f16474b6e09bdabf529338d08e5d189,../3GPP-trunked/Rel-19/32_series/32291-j20.md6.1.3.2,1770196817,Rel-19/23_series/23255-j40/graph_chunk_entity_relation.graphml,Rel-19,Charging Data,resource management
Resource Allocation Bugs,Diameter Credit-Control messages,Diameter Credit-Control messages,Technology,Diameter Credit-Control messages are signaling messages used in the context of Location-Based Services (LCS) for real-time charging control and resource allocation.,chunk-2d1f31133b263da8d6ebc699c697cc55,../3GPP-trunked/Rel-19/32_series/32271-j10.md6.0,1770196897,Rel-19/23_series/23255-j40/graph_chunk_entity_relation.graphml,Rel-19,Diameter Credit-Control messages,resource allocation; allocation
Resource Allocation Bugs,PC5DataContainer,PC5DataContainer,Technology,"PC5DataContainer is a data container type defined in 5G ProSe specifications for direct communication, containing attributes related to sequence numbers, timing, coverage status, user location, data volume, change conditions, usage information reporting, radio resource identification, radio frequency, and PC5 radio technology. It is applicable for ProSe direct communication and includes optional attributes with cardinality 0..1.<SEP>PC5DataContainer is a data container used in PC5 interface communication, which supports direct device-to-device communication in cellular networks. It is used within both transmissionDataContainer and receptionDataContainer arrays.",chunk-faaf783e7b9a1a3be11745ff33c925b7<SEP>chunk-3d8fc990f324f8cc49d77b3343132b58,../3GPP-trunked/Rel-19/32_series/32291-j20.md6.1.6.2.11.10<SEP>../3GPP-trunked/Rel-19/32_series/32291-j20.md6.1.6.2.11.8,1770198153,Rel-19/23_series/23256-j20/graph_chunk_entity_relation.graphml,Rel-19,PC5DataContainer,radio resource
Resource Allocation Bugs,radioResourcesId,radioResourcesId,Attribute,radioResourcesId is a RadioResourcesIndicator attribute in PC5DataContainer that identifies whether operator-provided or configured radio resources were used for ProSe direct communication.,chunk-3d8fc990f324f8cc49d77b3343132b58,../3GPP-trunked/Rel-19/32_series/32291-j20.md6.1.6.2.11.10,1770198147,Rel-19/23_series/23256-j20/graph_chunk_entity_relation.graphml,Rel-19,radioResourcesId,radio resource
Resource Allocation Bugs,agenda,agenda,Tdoc Type,"agenda is a TDoc type used for meeting agendas, including those showing allocation of TDocs to agenda items and timing schedules.",chunk-f53118baaf06213c99e7dba84e14ed64,../3GPP-trunked/Rel-19/21_series/21900-j00.md9.1,1770195634,Rel-19/23_series/23272-j10/graph_chunk_entity_relation.graphml,Rel-19,agenda,allocation
Resource Allocation Bugs,Network plan,Network plan,Concept,"A network plan is a structured approach to designing or modifying a network, which may include configurations, resource allocations, and traffic management strategies.",chunk-9bf32b9b405b256881b74f45ec3a8df5,../3GPP-trunked/Rel-19/32_series/32401-j00.md4.1.2,1770195688,Rel-19/23_series/23272-j10/graph_chunk_entity_relation.graphml,Rel-19,Network plan,resource allocation; allocation
Resource Allocation Bugs,administrative conditions,administrative conditions,Concept,"Administrative conditions are organizational or procedural factors that influence the availability performance of a system, such as policies, management practices, and resource allocation procedures.",chunk-39044b0bd3656293198dbe1aaf1591e5,../3GPP-trunked/Rel-19/32_series/32401-j00.md4.1.5,1770195722,Rel-19/23_series/23272-j10/graph_chunk_entity_relation.graphml,Rel-19,administrative conditions,resource allocation; allocation
Resource Allocation Bugs,Status Inspection (SI),Status Inspection (SI),Technology,"Status Inspection (SI) is a collection method where network elements maintain internal counts for resource management. These counts are read at a predetermined rate, typically based on the expected rate of change. SI measurements are reset at the beginning of each granularity period and only have valid results at the end of the period.",chunk-603340ddf52115732fe6c9078faa1b51,../3GPP-trunked/Rel-19/32_series/32401-j00.md4.2.2,1770195755,Rel-19/23_series/23272-j10/graph_chunk_entity_relation.graphml,Rel-19,Status Inspection (SI),resource management
Resource Allocation Bugs,Table 6.1.6.2.1.18-1,Table 6.1.6.2.1.18-1,UNKNOWN,"AllocatedUnit is a type defined in Table 6.1.6.2.1.18-1 that represents a unit of resource allocation with attributes including quotaManagementIndicator, triggers, triggerTimestamp, and localSequenceNumber. It is used in the context of reporting charging events and is applicable in scenarios involving quota management control.",chunk-59a4800e92044e5cb29dda3d8e978fec,../3GPP-trunked/Rel-19/32_series/32291-j20.md6.1.6.2.1.18,1770197373,Rel-19/23_series/23282-j60/graph_chunk_entity_relation.graphml,Rel-19,Table 6.1.6.2.1.18-1,resource allocation; allocation
Resource Allocation Bugs,PDUAddress,PDUAddress,Concept,"PDUAddress is a type defined in Table 6.1.6.2.2.11-1 that represents the address information allocated for a PDU session. It includes attributes such as IPv4 and IPv6 addresses, prefix lengths, dynamic allocation flags, and additional IPv6 prefixes. The attributes are optional and have specific cardinalities, with some conditions on their inclusion and relationships.",chunk-86e95b6c43c82672d21b7929bd7accd4,../3GPP-trunked/Rel-19/32_series/32291-j20.md6.1.6.2.2.11,1770197433,Rel-19/23_series/23282-j60/graph_chunk_entity_relation.graphml,Rel-19,PDUAddress,allocation
Resource Allocation Bugs,NodeB,NodeB,Technology,NodeB is a network element in UTRAN responsible for radio resource management. In the context of Performance<SEP>NodeB is a network resource used in UMTS networks for radio communication with user equipment. It is referenced as a possible target of measurement jobs.,chunk-fc489ba104c45a8bababb3a3f589cf65<SEP>chunk-7ee33769cbf0f6999192cb0d005cfb2b,../3GPP-trunked/Rel-19/32_series/32401-j00.md5.2<SEP>../3GPP-trunked/Rel-19/32_series/32401-j00.md5.4.1.1,1770195957,Rel-19/23_series/23289-j50/graph_chunk_entity_relation.graphml,Rel-19,NodeB,resource management; radio resource
Resource Allocation Bugs,AS layer,AS layer,Technology,"Access Stratum layer is a technology layer in the 5G protocol stack responsible for handling radio resource management, mobility, and security functions between the UE and the network.",chunk-fc427379d638e871fbd80bf131bda182,../3GPP-trunked/Rel-19/23_series/23304-j30.mdNone,1770165874,Rel-19/23_series/23304-j30/graph_chunk_entity_relation.graphml,Rel-19,AS layer,resource management; radio resource
Resource Allocation Bugs,Approved CR,Approved CR,UNKNOWN,An Approved CR triggers the updating and release of a new version of the specification<SEP>The existence of at least one Approved CR is required for the allocation of a new version number,chunk-33cfa373da16680db5a563a5e82cf2dc,../3GPP-trunked/Rel-19/21_series/21900-j00.md4.6.5,1770195262,Rel-19/23_series/23392-j00/graph_chunk_entity_relation.graphml<SEP>Rel-19/23_series/23700-63-j00/graph_chunk_entity_relation.graphml,Rel-19,Approved CR<SEP>Approved CR)##,allocation
Resource Allocation Bugs,service enabler architecture layer,service enabler architecture layer,Concept,"The service enabler architecture layer (SEAL) is a functional architecture layer specified in the present document that supports vertical applications over the 3GPP system. It includes procedures, information flows, and APIs for various services such as group management, configuration management, location management, identity management, key management, network resource management, notification management, network slice capability enablement, data delivery, and application data analytics.",chunk-cc572d619c488906a67f3de4a3e1d9ce,../3GPP-trunked/Rel-19/23_series/23434-j50.md1,1770169789,Rel-19/23_series/23434-j50/graph_chunk_entity_relation.graphml,Rel-19,service enabler architecture layer,resource management
Resource Allocation Bugs,RadioResourcesIndicator,RadioResourcesIndicator,Concept,"RadioResourcesIndicator is an enumeration used to indicate the type of radio resources for direct communication. It includes two values: OPERATOR_PROVIDED, which indicates radio resources provided by the operator, and CONFIGURED, which indicates radio resources that are configured for direct communication.",chunk-782ce705170efe9ea0203db23db640ff,../3GPP-trunked/Rel-19/32_series/32291-j20.md6.1.6.3.61,1770198843,Rel-19/23_series/23540-j20/graph_chunk_entity_relation.graphml,Rel-19,RadioResourcesIndicator,radio resource
Resource Allocation Bugs,OPERATOR_PROVIDED,OPERATOR_PROVIDED,Concept,OPERATOR_PROVIDED is a value in the RadioResourcesIndicator enumeration that indicates radio resources for direct communication are provided by the operator.,chunk-782ce705170efe9ea0203db23db640ff,../3GPP-trunked/Rel-19/32_series/32291-j20.md6.1.6.3.61,1770198843,Rel-19/23_series/23540-j20/graph_chunk_entity_relation.graphml,Rel-19,OPERATOR_PROVIDED,radio resource
Resource Allocation Bugs,CONFIGURED,CONFIGURED,Concept,CONFIGURED is a value in the RadioResourcesIndicator enumeration that indicates radio resources for direct communication are configured.,chunk-782ce705170efe9ea0203db23db640ff,../3GPP-trunked/Rel-19/32_series/32291-j20.md6.1.6.3.61,1770198843,Rel-19/23_series/23540-j20/graph_chunk_entity_relation.graphml,Rel-19,CONFIGURED,radio resource
Resource Allocation Bugs,Table 6.1.6.3.61 -1,Table 6.1.6.3.61 -1,UNKNOWN,"RadioResourcesIndicator is an enumeration with values OPERATOR_PROVIDED and CONFIGURED, both indicating types of radio resources for direct communication.",chunk-782ce705170efe9ea0203db23db640ff,../3GPP-trunked/Rel-19/32_series/32291-j20.md6.1.6.3.61,1770198844,Rel-19/23_series/23540-j20/graph_chunk_entity_relation.graphml,Rel-19,Table 6.1.6.3.61 -1,radio resource
Resource Allocation Bugs,allocateUnitIndicator,allocateUnitIndicator,Attribute,"allocateUnitIndicator is an attribute of type AllocateUnit with data type AllocateUnitIndicator, cardinality 0..1, and is used to indicate whether the allowed allocation units are determined by CHF or supplied by CTF.",chunk-2acb7607b1100433c5e5c8143faf89c4,../3GPP-trunked/Rel-19/32_series/32291-j20.md6.1.6.2.1.17,1770197201,Rel-19/23_series/23542-j00/graph_chunk_entity_relation.graphml,Rel-19,allocateUnitIndicator,allocation
Resource Allocation Bugs,"CTF_DETERMINED)##
<|COMPLETE",CTF_DETERMINED)## <|COMPLETE,UNKNOWN,The allocation of units specified by CTF_DETERMINED is determined by the Charging Trigger Function (CTF),chunk-11aaafb394047969f22d2fbf0d6dc5e2,../3GPP-trunked/Rel-19/32_series/32291-j20.md6.1.6.3.65,1770198895,Rel-19/23_series/23632-j00/graph_chunk_entity_relation.graphml,Rel-19,"CTF_DETERMINED)##
<|COMPLETE",allocation
Resource Allocation Bugs,NSACF,NSACF,Technology,"NSACF (Network Slice Admission Control Function) is a functional entity responsible for managing admission control and resource allocation for network slices, particularly in relation to NSAC (Network Slice Admission Control) thresholds and quotas.",chunk-4ecd8f7546e3398067d11a2cb867d254,../3GPP-trunked/Rel-19/32_series/32291-j20.md6.1.6.3.6,1770198540,Rel-19/23_series/23700-49-j00/graph_chunk_entity_relation.graphml,Rel-19,NSACF,resource allocation; allocation
Resource Allocation Bugs,event,event,Concept,"An event is a defined occurrence in a system that is subject to measurement, such as a resource allocation procedure, and must be consistently identified across related measurements.",chunk-bbc9157e5fcf67b4549c5e6c10be6c54,../3GPP-trunked/Rel-19/32_series/32401-j00.md4.3.2,1770195822,Rel-19/23_series/23700-72-j00/graph_chunk_entity_relation.graphml,Rel-19,event,resource allocation; allocation
Resource Allocation Bugs,resource allocation procedure,resource allocation procedure,Concept,A resource allocation procedure is a system process,chunk-bbc9157e5fcf67b4549c5e6c10be6c54,../3GPP-trunked/Rel-19/32_series/32401-j00.md4.3.2,1770195822,Rel-19/23_series/23700-72-j00/graph_chunk_entity_relation.graphml,Rel-19,resource allocation procedure,resource allocation; allocation
Resource Allocation Bugs,MCData emergency group communication,MCData emergency group communication,Application,"MCData emergency group communication is a type of communication session that is initiated under emergency conditions and can be canceled by a designated requester, subject to authorization by the MCData client based on local policy.<SEP>MCData emergency group communication is a type of group communication initiated by an MCData user that requires authorization based on specific conditions in the MCData user profile document, including the <allow-emergency-group-call> element and the <entry-info> attribute value of ""DedicatedGroup"" or ""UseCurrentlySelectedGroup"".<SEP>MCData emergency group communication is a type of communication that requires high-priority resource allocation and is governed by the Resource-Priority header field as specified in IETF RFC 8101 [67].",chunk-c268636071deda5fa490b9f3535658e2<SEP>chunk-4e02e65a3e40109c557f3e5a3bffded1<SEP>chunk-a67cfd366966f5aa141321f665091e6b,../3GPP-trunked/Rel-19/24_series/24282-j20.md6.2.8.1.7<SEP>../3GPP-trunked/Rel-19/24_series/24282-j20.md6.2.8.1.8<SEP>../3GPP-trunked/Rel-19/24_series/24282-j20.md6.2.8.1.15,1770207248,Rel-19/24_series/24080-j10/graph_chunk_entity_relation.graphml,Rel-19,MCData emergency group communication,resource allocation; allocation
Resource Allocation Bugs,Resource-Priority header field,Resource-Priority header field,Concept,"The Resource-Priority header field is used in MCData imminent peril group communications and must be included in SIP INVITE or SIP REFER requests under specific conditions. It is populated with values for imminent peril group communication as specified in clause 6.2.8.1.15 when the MCData imminent peril group communication state is ""MDIGC 2: imminent-peril-call-requested"" or ""MDIGC 3: imminent-peril-call-granted"", and the user is authorized per clause 6.2.8.1.8. It is also used for normal MCData group communication when the state is ""MDIGC 1: imminent-peril-gc-capable"" and cancellation is authorized per clause 6.2.8.1.10, with values specified in clause 6.<SEP>The Resource-Priority header field is a component used in MCData communications to specify the priority level and namespace for resource allocation, as defined in IETF RFC 8101 [67]. It applies to emergency group communications, emergency private (one-to-one) communications, imminent peril group communications, and normal group or private communications.",chunk-3b8234dd497ebded40eeabed7704301e<SEP>chunk-c268636071deda5fa490b9f3535658e2,../3GPP-trunked/Rel-19/24_series/24282-j20.md6.2.8.1.12<SEP>../3GPP-trunked/Rel-19/24_series/24282-j20.md6.2.8.1.15,1770207248,Rel-19/24_series/24080-j10/graph_chunk_entity_relation.graphml,Rel-19,Resource-Priority header field,resource allocation; allocation
Resource Allocation Bugs,MCData emergency private communication,MCData emergency private communication,Application,"MCData emergency private communication is a one-to-one communication requiring high-priority resource allocation, governed by the Resource-Priority header field as specified in IETF RFC 8101 [67].",chunk-c268636071deda5fa490b9f3535658e2,../3GPP-trunked/Rel-19/24_series/24282-j20.md6.2.8.1.15,1770207248,Rel-19/24_series/24080-j10/graph_chunk_entity_relation.graphml,Rel-19,MCData emergency private communication,resource allocation; allocation
Resource Allocation Bugs,ITU,ITU,Organization,"ITU is the International Telecommunication Union, responsible for administering the allocation and assignment of Mobile Country Codes (MCCs) and MNCs in MCC ranges 90x. It maintains the current assignment information on its website.",chunk-d2a62fb35b68671e36a6b9ac35451b5a,../3GPP-trunked/Rel-19/23_series/23003-j20.md2.3,1770207313,Rel-19/24_series/24080-j10/graph_chunk_entity_relation.graphml,Rel-19,ITU,allocation
Resource Allocation Bugs,foreign PLMN,foreign PLMN,Concept,A foreign PLMN is a Public Land Mobile Network located outside the home country of a mobile subscriber. The allocation of IMSIs should ensure that no more than the digits of MCC + MNC are analyzed in a foreign PLMN for routing information.,chunk-d2a62fb35b68671e36a6b9ac35451b5a,../3GPP-trunked/Rel-19/23_series/23003-j20.md2.3,1770207313,Rel-19/24_series/24080-j10/graph_chunk_entity_relation.graphml,Rel-19,foreign PLMN,allocation
Resource Allocation Bugs,P-GW,P-GW,Technology,"PDN Gateway (P-GW) is a network node responsible for connecting the PDN to the UE, managing IP address allocation, and enforcing policy and charging rules.",chunk-c3e4dcdd43dc5d4661c1192ae3ddf3e2,../3GPP-trunked/Rel-19/24_series/24229-j20.md3.3,1770204622,Rel-19/24_series/24229-j20/graph_chunk_entity_relation.graphml,Rel-19,P-GW,allocation
Resource Allocation Bugs,URI and address assignments,URI and address assignments,Concept,"URI and address assignments is a prerequisite process for SIP and SDP operation, involving allocation of SIP URIs, IP addresses, private user identities, and public user identities to entities in the IM CN subsystem. It ensures proper addressing and registration of users and devices, with specific rules for handling different identity types and network configurations.",chunk-e18a18526564428a287fcdd97f9bd85a,../3GPP-trunked/Rel-19/24_series/24229-j20.md4.2,1770204648,Rel-19/24_series/24229-j20/graph_chunk_entity_relation.graphml,Rel-19,URI and address assignments,allocation
Resource Allocation Bugs,MCData server,MCData server,Technology,"The MCData server is a multifaceted system component central to the operation of MCData (Multicast Data) services in 3GPP-defined networks, particularly within the context of group communication, file distribution, and multimedia broadcast/multicast services (MBMS). It serves as a key enabler for both controlling and participating roles in group short data service and group file distribution transactions as defined in 3GPP TS 23.282. In the controlling role, the MCData server manages group state information, authorizes user interest in groups, and coordinates group communications. In the participating role, it supports both originating and terminating MCData users, and may simultaneously fulfill both roles within a single transaction.

The MCData server is responsible for processing FD (File Distribution) requests, managing message transmission, and handling error conditions such as file unavailability and authorization failures. It also manages the correlation of disposition notifications, ensuring reliable delivery and feedback mechanisms. Additionally, it handles SIP-related operations, including generating provisional and failure responses to SIP MESSAGE and SIP INVITE requests. In these responses, it may include a free text string in a Warning header field (with Warning code 399, as per IETF RFC 3261), identifying the MCData<SEP>MCData server is a system component that acts in the participating MCData function role to manage MBMS bearers, including allocation, activation, deactivation, deallocation, and adjustment of priority/pre-emption characteristics.<SEP>MCData server is a system component that acts in the participating MCData function role and is responsible for managing MBS sessions, including creating, deleting, and updating them.<SEP>MCData server is a functional entity that hosts the MCData service and communicates with the MCData client via the MCData gateway UE. It receives and processes signaling and media plane data from the MCData client through the MCData gateway UE.<SEP>MCData server is the destination endpoint that receives the SIP 200 (OK) response after processing a SIP re-INVITE request, as specified in 3GPP TS 24.229 [5].",chunk-0c524eb84a7e84c0fe25bf6df5238cb7<SEP>chunk-90ceac1bd2da584405228a060fa77191<SEP>chunk-156c96d1eb454a5645732f209b5aabd4<SEP>chunk-3c10738ffe71e12329ee9af187364af1<SEP>chunk-e1c5596de6c9d6c7cebc018a789d8c55<SEP>chunk-5f633465a4be68d81b77925daa2d850f<SEP>chunk-e17d004373b9ea60e51c694469204470<SEP>chunk-e2b14ffd5e09ada0b10fa9008552801a<SEP>chunk-e9f77fc25ea2a259098b781529276675<SEP>chunk-07f77f0347e86cc2f77aebdacd5e0180,../3GPP-trunked/Rel-19/24_series/24282-j20.mdNone<SEP>../3GPP-trunked/Rel-19/24_series/24282-j20.md4.9.1<SEP>../3GPP-trunked/Rel-19/24_series/24282-j20.md4.6<SEP>../3GPP-trunked/Rel-19/24_series/24282-j20.md4.9.2<SEP>../3GPP-trunked/Rel-19/24_series/24282-j20.md5.3.0<SEP>../3GPP-trunked/Rel-19/24_series/24282-j20.md5.3.1<SEP>../3GPP-trunked/Rel-19/24_series/24282-j20.md5.3.3<SEP>../3GPP-trunked/Rel-19/24_series/24282-j20.md5.3.2<SEP>../3GPP-trunked/Rel-19/24_series/24282-j20.md5.5.2<SEP>../3GPP-trunked/Rel-19/24_series/24282-j20.md6.2.7.4,1770207115,Rel-19/24_series/24282-j20/graph_chunk_entity_relation.graphml,Rel-19,MCData server,allocation
Resource Allocation Bugs,QoS functionality,QoS functionality,Technology,"QoS functionality is a feature of the 3GPP network that enables quality of service management for data transmission, used by MCData for resource allocation.",chunk-c5a8107294c6c2058397b2378aff61ca,../3GPP-trunked/Rel-19/24_series/24282-j20.md4.13,1770206795,Rel-19/24_series/24282-j20/graph_chunk_entity_relation.graphml,Rel-19,QoS functionality,resource allocation; allocation
Resource Allocation Bugs,IP address/prefix allocation,IP address/prefix allocation,Terminology,,chunk-6be734f7f0e7737fe9dfff03317fe8ea,../3GPP-trunked/Rel-19/23_series/23700-03-j00.md5.1.1,1770207847,Rel-19/24_series/24379-j20/graph_chunk_entity_relation.graphml,Rel-19,IP address/prefix allocation,allocation
Resource Allocation Bugs,IP address/prefix management for Layer-3 UE-to-Network Relay,IP address/prefix management for Layer-3 UE-to-Network Relay,Concept,"IP address/prefix management for Layer-3 UE-to-Network Relay is a procedure used when IP-based PDU session types are employed by the 5G ProSe UE-to-Network Relay. It requires the Intermediate UE-to-Network Relay to act as an IP router and manage IP address allocation in accordance with TS 23.304 [4]. The Intermediate UE-to-Network Relay supports DHCPv4 or DHCPv6 proxy functionality and relays Router Solicitation and Router Advertisement messages for IPv6 SLAAC. It builds a local IP routing table based on Remote UE information obtained from link modification procedures in clause 6.1.2.4.1, with the routing table being per RSC and used according to the RSC of the incoming packet.",chunk-bedaf528802178fe08c0604622864020,../3GPP-trunked/Rel-19/23_series/23700-03-j00.md6.1.2.4.2,1770207900,Rel-19/24_series/24379-j20/graph_chunk_entity_relation.graphml,Rel-19,IP address/prefix management for Layer-3 UE-to-Network Relay,allocation
Resource Allocation Bugs,RRC inactive indication,RRC inactive indication,Concept,"RRC inactive indication is a signal or state indicating that the Radio Resource Control (RRC) layer is in an inactive state, allowing the UE to conserve power while maintaining connectivity for future access.<SEP>RRC inactive indication is a state indicator that, when combined with 5GMM-CONNECTED mode, signifies that the UE is in a low-power state with RRC connection released but context retained, and access control and checking are still applicable.",chunk-0f59e5c90c7e4a7e9ba4079c7596b271<SEP>chunk-a39cb003d5f34d7a7fd3f0978e0bcc9d,../3GPP-trunked/Rel-19/24_series/24501-j20.md4.5.1<SEP>../3GPP-trunked/Rel-19/24_series/24501-j20.md4.5.4.2,1770206183,Rel-19/24_series/24501-j20/graph_chunk_entity_relation.graphml,Rel-19,RRC inactive indication,radio resource
Resource Allocation Bugs,PMS,PMS,Technology,"PMS refers to Port Management Service, a function responsible for managing network ports within the 5G System to ensure proper connectivity and resource allocation.",chunk-8f6613b5fa22059006e626a76717bb82,../3GPP-trunked/Rel-19/24_series/24539-j20.md3.2,1770204118,Rel-19/24_series/24539-j20/graph_chunk_entity_relation.graphml,Rel-19,PMS,resource allocation; allocation
Resource Allocation Bugs,bat-window,bat-window,Concept,"The bat-window element is an optional component that may be included in certain elements, representing a time window related to battery or resource management, though its exact function is not detailed in the text.",chunk-6d25d91d93008a1d22af8384e59e7792,../3GPP-trunked/Rel-19/24_series/24543-j10.md2,1770203366,Rel-19/24_series/24543-j10/graph_chunk_entity_relation.graphml,Rel-19,bat-window,resource management
Resource Allocation Bugs,QoS requirements for general purposes,QoS requirements for general purposes,Concept,"QoS requirements for general purposes is a set of criteria that govern the selection, deployment, initiation, and termination of QoS signalling and resource allocation for MBS, considering QoS mechanisms described in 3GPP TS 23.501 [7], 3GPP TS 23.502 [10], 3GPP TS 23.503 [9], and 3GPP TS 23.247 [15]. It supports MC system and MC service UE sharing one DNN using multiple QoS flows for MC services, application plane, and signalling plane. It mandates the use of standardized 5QI values 69 for SIP-1 reference point signalling and 8 for HTTP-1 reference point signalling, and allows either standardized or non-standardized 5QI values for MC services. When IMS services are used, at least one QoS flow must be associated for IMS signalling, with generic mechanisms for QoS and session signalling interaction in 5GS context.",chunk-98bc266d934161cbc6611dba73286146,../3GPP-trunked/Rel-19/23_series/23289-j50.md4.3.2,1770208396,Rel-19/24_series/24558-j20/graph_chunk_entity_relation.graphml,Rel-19,QoS requirements for general purposes,resource allocation; allocation
Resource Allocation Bugs,pre-emption capability,pre-emption capability,Concept,"Pre-emption capability is a property of a QoS flow that determines whether it can preempt other lower-priority QoS flows when resources are limited, as defined by the Allocation Retentions Priority (ARP) parameter in 3GPP TS 23.50",chunk-76e1bba954e2e4e3ee7fe71e06d286bc,../3GPP-trunked/Rel-19/23_series/23289-j50.md4.3.1,1770208415,Rel-19/24_series/24558-j20/graph_chunk_entity_relation.graphml,Rel-19,pre-emption capability,allocation
Resource Allocation Bugs,Allocation Retentions Priority,Allocation Retentions Priority,Concept,"Allocation Retentions Priority (ARP) is a QoS parameter that determines the priority level, pre-emption capability, and pre-emption vulnerability of each QoS flow. It defines the relative importance of a resource request to decide whether a new QoS Flow can be accepted or must be rejected under resource limitations, as specified in 3GPP TS 23.501 [7].)>",chunk-76e1bba954e2e4e3ee7fe71e06d286bc,../3GPP-trunked/Rel-19/23_series/23289-j50.md4.3.1,1770208415,Rel-19/24_series/24558-j20/graph_chunk_entity_relation.graphml,Rel-19,Allocation Retentions Priority,allocation
Resource Allocation Bugs,5G-enabled traffic,5G-enabled traffic,Concept,"5G-enabled traffic refers to traffic systems that leverage 5G technology for enhanced connectivity, real-time data exchange, and support for advanced applications such as spatial mapping and dynamic resource allocation.",chunk-ac1b34b85e7638e52ed1ccacebb8cdba,../3GPP-trunked/Rel-19/23_series/23700-21-j10.md7.18,1770203924,Rel-19/24_series/24571-j10/graph_chunk_entity_relation.graphml,Rel-19,5G-enabled traffic,resource allocation; allocation
Resource Allocation Bugs,SEAL NRM,SEAL NRM,Technology,SEAL NRM is a network resource management entity that requires enhanced capability to support the discovery and request of ptic/sensor information.,chunk-393f0ad269bcd1c518e6819f03e03fae,../3GPP-trunked/Rel-19/23_series/23700-21-j10.md7.18.2,1770203935,Rel-19/24_series/24571-j10/graph_chunk_entity_relation.graphml,Rel-19,SEAL NRM,resource management
Resource Allocation Bugs,SEAL NRM services,SEAL NRM services,Technology,SEAL NRM services are network resource management services that provide coordinated QoS provisioning for UE-to-UE communications and are enhanced by this solution to include mobile metaverse requirements translation.,chunk-51a4d5c793b3831e6c3d4b0a8acae36b,../3GPP-trunked/Rel-19/23_series/23700-21-j10.md7.18.4,1770203977,Rel-19/24_series/24571-j10/graph_chunk_entity_relation.graphml,Rel-19,SEAL NRM services,resource management
Resource Allocation Bugs,NRM Server,NRM Server,Technology,"NRM Server is a network resource management server responsible for translating application service requirements into network communication requirements, discovering and identifying metaverse-capable UEs, and provisioning session-specific policies and parameters for mobile metaverse services.",chunk-b29a5f78ba99f1cb38ebd0be91d62369,../3GPP-trunked/Rel-19/23_series/23700-21-j10.md7.18.1,1770203938,Rel-19/24_series/24812-j00/graph_chunk_entity_relation.graphml,Rel-19,NRM Server,resource management
Resource Allocation Bugs,Dynamic Network Sharing Functions,Dynamic Network Sharing Functions,Technology,"Dynamic Network Sharing Functions (DyNSF) is a new entity introduced to facilitate dynamic network sharing between PLMNs. It interacts via E/W bound interfaces with other PLMNs to establish and manage shared network resources. It supports both request and acceptance of sharing, and enables RAN/CN connectivity and resource management per PLMN.",chunk-1ba65cbf907dcb81ece9a44e7fe571e9,../3GPP-trunked/Rel-19/23_series/23700-66-j00.md6.35.3.2,1770202479,Rel-19/26_series/26501-j00/graph_chunk_entity_relation.graphml,Rel-19,Dynamic Network Sharing Functions,resource management
Resource Allocation Bugs,Beneficiary PLMN DyNSF,Beneficiary PLMN DyNSF,Technology,Beneficiary PLMN DyNSF is the Dynamic Network Sharing Function entity in the PLMN that initiates a request for dynamic network sharing. It sends a sharing request to the Donor PLMN DyNSF and enables RAN/CN connectivity and resource management upon acceptance.,chunk-1ba65cbf907dcb81ece9a44e7fe571e9,../3GPP-trunked/Rel-19/23_series/23700-66-j00.md6.35.3.2,1770202479,Rel-19/26_series/26501-j00/graph_chunk_entity_relation.graphml,Rel-19,Beneficiary PLMN DyNSF,resource management
Resource Allocation Bugs,Donor PLMN DyNSF,Donor PLMN DyNSF,Technology,"Donor PLMN DyNSF is the Dynamic Network Sharing Function entity in the PLMN that receives a sharing request from the Beneficiary PLMN DyNSF. It evaluates and accepts or rejects the request, and upon acceptance, enables RAN/CN connectivity and activates RAN resource management for the Beneficiary PLMN.",chunk-1ba65cbf907dcb81ece9a44e7fe571e9,../3GPP-trunked/Rel-19/23_series/23700-66-j00.md6.35.3.2,1770202479,Rel-19/26_series/26501-j00/graph_chunk_entity_relation.graphml,Rel-19,Donor PLMN DyNSF,resource management
Resource Allocation Bugs,EE roaming,EE roaming,Concept,"EE roaming is a procedure that allows user equipment (UE) to temporarily switch from a Beneficiary PLMN to a Donor PLMN to offload traffic and utilize available capacity, based on a roaming agreement between the two PLMNs. It is triggered during registration or UCU procedures and can be signaled via NAS, UCU, or RAN SIB. The process includes allocation of an EE roaming instance ID, steering of UEs to prioritized bands, and coordination of return timing. The goal is to optimize network capacity utilization by pushing UEs to the Donor PLMN during peak load.<SEP>EE roaming is a service scenario that involves handling of roaming permissions during the EE roaming period and management of the EE roaming instance ID. It requires support from AMF, SMF, RAN, and UE, with specific handling procedures for instance ID and PLMN override for national roaming.",chunk-b7c2e84b92fb3a0bbbf519aef3725dbd<SEP>chunk-71fcc2decbf81ac365ef6297305fd0cf,../3GPP-trunked/Rel-19/23_series/23700-66-j00.md6.35.3.1<SEP>../3GPP-trunked/Rel-19/23_series/23700-66-j00.md6.35.4,1770202486,Rel-19/26_series/26506-j00/graph_chunk_entity_relation.graphml,Rel-19,EE roaming,allocation
Resource Allocation Bugs,resource allocation per PLMN ID,resource allocation per PLMN ID,Terminology,,chunk-71fcc2decbf81ac365ef6297305fd0cf,../3GPP-trunked/Rel-19/23_series/23700-66-j00.md6.35.4,1770202486,Rel-19/26_series/26506-j00/graph_chunk_entity_relation.graphml,Rel-19,resource allocation per PLMN ID,resource allocation; allocation
Resource Allocation Bugs,Solution #35,Solution #35,Concept,Solution #35 is a temporary resource sharing mechanism defined in section 6.35. It is intended to address the need for dynamic allocation of resources under specific conditions.,chunk-d4e367df76ea878406340fbfba00b5f5,../3GPP-trunked/Rel-19/23_series/23700-66-j00.md6.35,1770202307,Rel-19/26_series/26813-j00/graph_chunk_entity_relation.graphml,Rel-19,Solution #35,allocation
Resource Allocation Bugs,energy related Alternative QoS Profile,energy related Alternative QoS Profile,Concept,"An energy related Alternative QoS Profile is an alternative quality of service profile provided by the network to users of UEs accessing green NG-RANs. It enables the network to manage resource allocation under energy constraints, allowing users to opt into lower data rate services in favor of environmental sustainability.",chunk-edae5efb7329400d66fabb5b2d1008b1,../3GPP-trunked/Rel-19/23_series/23700-66-j00.md6.28.2.1,1770202039,Rel-19/26_series/26941-j01/graph_chunk_entity_relation.graphml,Rel-19,energy related Alternative QoS Profile,resource allocation; allocation
Resource Allocation Bugs,RRU,RRU,Concept,"RRU is a measurement family related to Radio Resource Utilization, used for monitoring the usage of radio resources.",chunk-ac254599aebe9125bb437c1bbc8737ad,../3GPP-trunked/Rel-19/28_series/28552-j30.mdNone,1770237092,Rel-19/28_series/28552-j30/graph_chunk_entity_relation.graphml,Rel-19,RRU,radio resource
Resource Allocation Bugs,Radio resource utilization,Radio resource utilization,Concept,Radio resource utilization is a concept defined in section 5.1.1.2 that refers to the efficiency and effectiveness of radio resources in a communication system. It is a key metric for evaluating system performance and resource management.)##,chunk-23fc6f0f34b6c822a4a84e18324e6964,../3GPP-trunked/Rel-19/28_series/28552-j30.md5.1.1.2,1770237121,Rel-19/28_series/28552-j30/graph_chunk_entity_relation.graphml,Rel-19,Radio resource utilization,resource management; radio resource
Resource Allocation Bugs,Closed Control Loop Management Capabilities,Closed Control Loop Management Capabilities,Concept,Closed Control Loop Management Capabilities (CCLs) are automated network resource management features that remove manual control from operators. Their behaviors must be directed by operators acting as consumers of CCL management services. The characteristics and behaviors of CCLs can be managed by the Mns consumer.,chunk-1e844e705b9db5b5b393cddec41c3173,../3GPP-trunked/Rel-19/28_series/28867-j00.md4.4.2,1770234320,Rel-19/28_series/28867-j00/graph_chunk_entity_relation.graphml,Rel-19,Closed Control Loop Management Capabilities,resource management
Resource Allocation Bugs,IMEI-TAC,IMEI-TAC,Technology,"IMEI-TAC is the Type Allocation Code part of an IMEI, used to identify the type of device.",chunk-31bbe0dc5e463a25e1aa76ab16a6e4b4,../3GPP-trunked/Rel-19/29_series/29122-j20.md3.2,1770160875,Rel-19/29_series/29122-j20/graph_chunk_entity_relation.graphml,Rel-19,IMEI-TAC,allocation
Resource Allocation Bugs,Procedures for resource management of Background Data Transfer,Procedures for resource management of Background Data Transfer,Concept,Procedures for resource management of Background Data Transfer are supported by the T8 reference point and allow the SCS/AS to manage data transfer resources for background operations through the SCEF.,chunk-dec53069c28995506d516573dfb1f918,../3GPP-trunked/Rel-19/29_series/29122-j20.md4.1,1770161170,Rel-19/29_series/29122-j20/graph_chunk_entity_relation.graphml,Rel-19,Procedures for resource management of Background Data Transfer,resource management
Resource Allocation Bugs,IMS Application Server (AS),IMS Application Server (AS),Technology,"The IMS Application Server (AS) is an enhanced component of the IMS architecture that provides services to DCSF, HSS, NEF, and trusted AF via the Nimsas service-based interface. It supports event notifications, data channel media resource management, data channel management, subscriber and non-subscriber event subscription and notification, and provisioning information storage.",chunk-e79169cbf806b9862d1cd075c6aa5d25,../3GPP-trunked/Rel-19/29_series/29175-j10.md4,1770156567,Rel-19/29_series/29175-j10/graph_chunk_entity_relation.graphml,Rel-19,IMS Application Server (AS),resource management
Resource Allocation Bugs,Specific-Action AVP,Specific-Action AVP,Concept,"Specific-Action AVP is an AVP with code 513 of type Enumerated, used in PCRF-initiated Re-Authorization Requests to determine the type of action. It can be used in initial AA requests by the AF to request specific actions at bearer events and limit notifications to only those events requiring such actions. If omitted in the initial AA request, no event notifications are requested. For one-time actions, the AVP may be included in subsequent AA-Requests with applicable values; non-one-time values must be provided only in the initial AA-Request and apply for the entire Rx session lifetime.<SEP>Specific-Action AVP is a parameter that, when set to INDICATION_OF_FAILED_RESOURCES_ALLOCATION (9), triggers the assumption that PCC/QoS rules for media components without received Media-Component-Status AVP are inactive.",chunk-4fad089479520bf2f23b06342518ad39<SEP>chunk-9df8ede5b4cb86b5dfda23f1d74df3f3,../3GPP-trunked/Rel-19/29_series/29214-j00.md5.3.13<SEP>../3GPP-trunked/Rel-19/29_series/29214-j00.md5.3.48,1770187412,Rel-19/29_series/29176-j10/graph_chunk_entity_relation.graphml,Rel-19,Specific-Action AVP,allocation
Resource Allocation Bugs,INDICATION_OF_SUCCESSFUL_RESOURCES_ALLOCATION,INDICATION_OF_SUCCESSFUL_RESOURCES_ALLOCATION,Concept,"INDICATION_OF_SUCCESSFUL_RESOURCES_ALLOCATION is a value used within a RAR (Resource Adaptation Response) to indicate that resources requested for a particular service information have been successfully allocated. The SDFs corresponding to the successfully allocated resources are provided in the Flows AVP, and the content version is included in the Content-Version AVP as it was when the media component was provisioned. This value is used by the PCRF to notify the AF of successful resource allocation. It applies to functionality introduced in Rel8 as described in clause 5.4.1. Subscription to this value impacts resource allocation signaling overhead toward the PCEF/BBERF.",chunk-2dd41676666783233448694e99b7ce97,../3GPP-trunked/Rel-19/29_series/29214-j00.md5.3.13,1770187147,Rel-19/29_series/29176-j10/graph_chunk_entity_relation.graphml,Rel-19,INDICATION_OF_SUCCESSFUL_RESOURCES_ALLOCATION,resource allocation; allocation
Resource Allocation Bugs,INDICATION_OF_FAILED_RESOURCES_ALLOCATION,INDICATION_OF_FAILED_RESOURCES_ALLOCATION,Concept,"INDICATION_OF_FAILED_RESOURCES_ALLOCATION is a value used within a RAR to indicate that resources requested for a particular service information could not be successfully allocated. The SDFs corresponding to the unallocated resources are provided in the Flows AVP. In case of session modification failure, the status of the related service information may be reported in the Media-Component-Status AVP within the Flows AVP. The content version<SEP>INDICATION_OF_FAILED_RESOURCES_ALLOCATION is a value of the Specific-Action AVP with code 9, used to signal that resource allocation has failed, leading to the default assumption that related PCC/QoS rules are inactive.",chunk-2dd41676666783233448694e99b7ce97<SEP>chunk-9df8ede5b4cb86b5dfda23f1d74df3f3,../3GPP-trunked/Rel-19/29_series/29214-j00.md5.3.13<SEP>../3GPP-trunked/Rel-19/29_series/29214-j00.md5.3.48,1770187412,Rel-19/29_series/29176-j10/graph_chunk_entity_relation.graphml,Rel-19,INDICATION_OF_FAILED_RESOURCES_ALLOCATION,resource allocation; allocation
Resource Allocation Bugs,session component,session component,Concept,"(no description)<SEP>A session component refers to a logical part of a multimedia session that manages specific media streams or communication aspects, such as bandwidth allocation and control signaling.)##
(entity<",<SEP>chunk-9a5054d887c9ca308932f35bfd099d2b,../3GPP-trunked/Rel-19/29_series/29214-j00.md5.3.21,1770187205,Rel-19/29_series/29176-j10/graph_chunk_entity_relation.graphml,Rel-19,session component,allocation
Resource Allocation Bugs,Priority-Sharing-Indicator AVP,Priority-Sharing-Indicator AVP,Concept,"Priority-Sharing-Indicator AVP is an AVP with code 550 of type Enumerated, used to indicate whether a media component can share its Allocation and Retention Priority with media components from other AF sessions within the same IP-CAN session, provided those sessions also have the Priority-Sharing-Indicator AVP set to PRIORITY_SHARING_ENABLED.",chunk-ed098f997bb542c42b74879a883464c9,../3GPP-trunked/Rel-19/29_series/29214-j00.md5.3.47,1770187403,Rel-19/29_series/29176-j10/graph_chunk_entity_relation.graphml,Rel-19,Priority-Sharing-Indicator AVP,allocation
Resource Allocation Bugs,PRIORITY_SHARING_ENABLED,PRIORITY_SHARING_ENABLED,Concept,"PRIORITY_SHARING_ENABLED is a value of the Priority-Sharing-Indicator AVP with code 0, indicating that the related media component is allowed to share its Allocation and Retention Priority with media components from other AF sessions that also have the Priority-Sharing-Indicator AVP set to PRIORITY_SHARING_ENABLED within the same IP-CAN session.",chunk-ed098f997bb542c42b74879a883464c9,../3GPP-trunked/Rel-19/29_series/29214-j00.md5.3.47,1770187403,Rel-19/29_series/29176-j10/graph_chunk_entity_relation.graphml,Rel-19,PRIORITY_SHARING_ENABLED,allocation
Resource Allocation Bugs,PRIORITY_SHARING_DISABLED,PRIORITY_SHARING_DISABLED,Concept,"PRIORITY_SHARING_DISABLED is a value of the Priority-Sharing-Indicator AVP with code 1, indicating that the related media component is not allowed to share its Allocation and Retention Priority with media components from other AF sessions. This is the default value when the AVP is not supplied.",chunk-ed098f997bb542c42b74879a883464c9,../3GPP-trunked/Rel-19/29_series/29214-j00.md5.3.47,1770187403,Rel-19/29_series/29176-j10/graph_chunk_entity_relation.graphml,Rel-19,PRIORITY_SHARING_DISABLED,allocation
Resource Allocation Bugs,Nmf_MediaResourceManagement,Nmf_MediaResourceManagement,Concept,"Nmf_MediaResourceManagement (MRM) is a management function defined in section 5.2, responsible for handling media resource management tasks within the system.",chunk-3bf3294b7d95a97443ef807ad3f5f555,../3GPP-trunked/Rel-19/29_series/29176-j10.md5.2,1770187637,Rel-19/29_series/29176-j10/graph_chunk_entity_relation.graphml,Rel-19,Nmf_MediaResourceManagement,resource management
Resource Allocation Bugs,Nmf_MRM_Update Service Op,Nmf_MRM_Update Service Op,Concept,"Nmf_MRM_Update Service Op is a service operation defined in section 5.2.2.3, used for updating the MRM (Mobile Resource Management) state or parameters within a system. It is associated with the handling of mobile resource management and may involve communication between system components.)##",chunk-e8df557d403c895397dd47f6e17a883a,../3GPP-trunked/Rel-19/29_series/29176-j10.md5.2.2.3,1770187642,Rel-19/29_series/29176-j10/graph_chunk_entity_relation.graphml,Rel-19,Nmf_MRM_Update Service Op,resource management
Resource Allocation Bugs,Nmf_MRM_Delete Service Op,Nmf_MRM_Delete Service Op,Concept,"Nmf_MRM_Delete Service Op is a service operation defined in section 5.2.2.4, used for the deletion of a managed resource in a system. It is part of a service interface for managing resources and is associated with the Nmf_MRM (Network Management Function - Managed Resource Management) framework.",chunk-12bcf7054465f8008736dbefe4473479,../3GPP-trunked/Rel-19/29_series/29176-j10.md5.2.2.4,1770187652,Rel-19/29_series/29176-j10/graph_chunk_entity_relation.graphml,Rel-19,Nmf_MRM_Delete Service Op,resource management
Resource Allocation Bugs,AF Session Termination,AF Session Termination,Concept,"AF Session Termination is a procedure triggered when an Application Function (AF) session ends. It involves the AF sending a Session-Termination-Request (ST-Request) to the PCRF if a successful AA-Answer was previously received; otherwise, the AF waits for the AA-Answer before sending the request. The PCRF acknowledges the ST-Request with an ST-Answer and releases allocated resources for the corresponding Service Data Flow(s). This includes initiating removal of PCC/QoS rules from the PCEF/BBERF and updating the Authorized QoS for the affected IP-CAN bearer via procedures in 3GPP TS 29.212 [8]. If the AF requests access network information or provided a sponsored data threshold, the PCRF defers sending the ST-Answer. For MPS sessions, the PCRF may revoke prioritization actions. For the last Group Communication session, similar revocation applies. If the Priority-Sharing-Indicator AVP is set to PRIORITY_SHARING_ENABLED, the PCRF should readjust Allocation and Retention Priority for remaining shared services. For sponsored data, the PCRF reports consumed usage via the Used-Service-Unit AVP in",chunk-3c43ee99555d6c40b0623dd330d24c89,../3GPP-trunked/Rel-19/29_series/29214-j00.md4.4.4,1770186672,Rel-19/29_series/29214-j00/graph_chunk_entity_relation.graphml,Rel-19,AF Session Termination,allocation
Resource Allocation Bugs,Priority Sharing Request,Priority Sharing Request,Concept,Priority Sharing Request is a feature defined in section 4.4.8 that allows the Application Function (AF) to indicate whether a media flow can share the Allocation and Retention Priority (ARP) with other media flows in the same IP-CAN session. This is done by setting the Priority-Sharing-Indicator AVP to PRIORITY_SHARING_ENABLED or PRIORITY_SHARING_DISABLED within the Media-Component-Description AVP. The feature is applicable when the PrioritySharing feature is supported and requires coordination with the Policy and Charging Rules Function (PCRF).>,chunk-b3eb702b8e0f30ae676fe984743cb454,../3GPP-trunked/Rel-19/29_series/29214-j00.md4.4.8,1770186799,Rel-19/29_series/29214-j00/graph_chunk_entity_relation.graphml,Rel-19,Priority Sharing Request,allocation
Resource Allocation Bugs,Pre-emption-Capability AVP,Pre-emption-Capability AVP,Technology,"Pre-emption-Capability AVP is a control attribute included within the Media-Component-Description AVP by the Application Function (AF) to indicate the suggested pre-emption capability value for a media flow, which helps the PCRF determine ARP values during resource allocation.",chunk-b3eb702b8e0f30ae676fe984743cb454,../3GPP-trunked/Rel-19/29_series/29214-j00.md4.4.8,1770186799,Rel-19/29_series/29214-j00/graph_chunk_entity_relation.graphml,Rel-19,Pre-emption-Capability AVP,resource allocation; allocation
Resource Allocation Bugs,BEARER_RELEASED,BEARER_RELEASED,Concept,"BEARER_RELEASED is a value of the Abort-Cause AVP with code 0, used to indicate that a bearer has been deactivated due to normal signaling handling. For GPRS, this refers to the deactivation of the PDP Context. It is also used when all resource allocation for an AF session fails.",chunk-9c40279a3cd14bbd3ec3d4492050add8,../3GPP-trunked/Rel-19/29_series/29214-j00.md5.3.1,1770186967,Rel-19/29_series/29214-j00/graph_chunk_entity_relation.graphml,Rel-19,BEARER_RELEASED,resource allocation; allocation
Resource Allocation Bugs,CP function,CP function,Technology,"The CP function requests new Quota for RG1 and RG2 from the OCS, indicating a direct interaction for resource allocation<SEP>The CP function is a functional entity responsible for sending response messages and requesting new quotas from the OCS for RG1 and RG2.<SEP>The CP function, also known as PGW-C, manages control plane operations including session modifications, quota enforcement, and communication with the OCS for credit management.",chunk-a087178400c82125805ac1803b713a71<SEP>chunk-1966e08339201af47c828689c2a7cbe9,../3GPP-trunked/Rel-19/29_series/29244-j10.md1,1770191416,Rel-19/29_series/29244-j10/graph_chunk_entity_relation.graphml,Rel-19,CP function,resource allocation; allocation
Resource Allocation Bugs,RG1,RG1,Concept,"The CP function requests new Quota for RG1 and RG2 from the OCS, indicating a direct interaction for resource allocation<SEP>RG1 is a resource group for which the CP function requests a new quota from the OCS.",chunk-1966e08339201af47c828689c2a7cbe9,../3GPP-trunked/Rel-19/29_series/29244-j10.md1,1770191416,Rel-19/29_series/29244-j10/graph_chunk_entity_relation.graphml,Rel-19,RG1,resource allocation; allocation
Resource Allocation Bugs,RG2,RG2,Concept,"The CP function requests new Quota for RG1 and RG2 from the OCS, indicating a direct interaction for resource allocation<SEP>RG2 is a resource group for which the CP function requests a new quota from the OCS.",chunk-1966e08339201af47c828689c2a7cbe9,../3GPP-trunked/Rel-19/29_series/29244-j10.md1,1770191416,Rel-19/29_series/29244-j10/graph_chunk_entity_relation.graphml,Rel-19,RG2,resource allocation; allocation
Resource Allocation Bugs,MediaInfo,MediaInfo,Concept,"MediaInfo is a data type defined in Table 6.1.6.2.4-1 that represents media stream information in the context of media resource management. It includes attributes such as mediaId, mediaResourceType, localMbEndpoint, remoteMbEndpoint, dcMedia, arMedia, remoteNonDcMedia, localNonDcMedia, mediaProcessingURL, and avatarMedia, each with specific data types, cardinality, and applicability conditions. It is used in operations like Nmf_MRM_Create and Nmf_MRM_Update for managing media streams over the Mb interface.",chunk-948b2fdf6dcd3f7a9ec9764620a66d84,../3GPP-trunked/Rel-19/29_series/29176-j10.md6.1.6.2.4,1770187819,Rel-19/29_series/29255-j10/graph_chunk_entity_relation.graphml,Rel-19,MediaInfo,resource management
Resource Allocation Bugs,Service Indication,Service Indication,Concept,"Service Indication is an identifier for a set of service-related transparent data stored in an HSS within an operator network. It is associated with a Public Identity and requires memory allocation in the HSS to store transparent data per IMS Public User Identity or Public Service Identity. The data includes a Sequence Number for verification. For Public Service Identities matching a Wildcarded Public Service Identity, the data is stored per Wildcarded Public Service Identity rather than for each individual Public Service Identity.",chunk-41e5aa4253e9cd858926cb8425e285a4,../3GPP-trunked/Rel-19/29_series/29328-j00.md7.4,1770186490,Rel-19/29_series/29328-j00/graph_chunk_entity_relation.graphml,Rel-19,Service Indication,allocation
Resource Allocation Bugs,Notify_NetworkResource,Notify_NetworkResource,Concept,"Notify_NetworkResource is a service operation supported by the VAE_ApplicationRequirement service.<SEP>Notify_NetworkResource is a procedure or signal defined in section 5.4.2.3, used to notify the network about resource status or availability. It is part of a larger system or protocol involving network resource management.)##",chunk-042e95b1363c25a977eb4a458f55d439<SEP>chunk-a107123186a415c6ef848f886dfc516b,../3GPP-trunked/Rel-19/29_series/29486-j10.md5.4.2.1<SEP>../3GPP-trunked/Rel-19/29_series/29486-j10.md5.4.2.3,1770156883,Rel-19/29_series/29486-j10/graph_chunk_entity_relation.graphml,Rel-19,Notify_NetworkResource,resource management
Resource Allocation Bugs,Unified Data Repository service,Unified Data Repository service,Concept,"The Unified Data Repository service (Nudr_DataRepository) is a service provided by the Unified Data Repository (UDR) for storing and managing policy data, application data, and structured data for exposure in the 5G System.<SEP>The Unified Data Repository service is a service that provides policy data for resource management and usage. It is specified in clause 5.2.1.",chunk-44a6d33a5fe7ca8dc11371f9fe7d3679<SEP>chunk-f7d6653beb98928d1cd9e9a17cfb3b0e,../3GPP-trunked/Rel-19/29_series/29519-j20.md1<SEP>../3GPP-trunked/Rel-19/29_series/29519-j20.md5.2.1,1770161704,Rel-19/29_series/29519-j20/graph_chunk_entity_relation.graphml,Rel-19,Unified Data Repository service,resource management
Resource Allocation Bugs,Provisioning of Dynamic ChangingTraffic Characteristics,Provisioning of Dynamic ChangingTraffic Characteristics,Concept,Provisioning of Dynamic ChangingTraffic Characteristics is a feature or process defined in section 4.4.9.2.12 that involves configuring network resources to adapt to traffic characteristics that change dynamically. It is associated with managing traffic behavior in real-time to ensure efficient resource allocation and service quality.)##,chunk-df5fa47f715c4fe47db73bba2c933be6,../3GPP-trunked/Rel-19/29_series/29522-j20_0_cover.md4.4.9.2.12,1770154073,Rel-19/29_series/29522-j20_0_cover/graph_chunk_entity_relation.graphml,Rel-19,Provisioning of Dynamic ChangingTraffic Characteristics,resource allocation; allocation
Resource Allocation Bugs,Procedure for MBS TMGI(s) deallocation,Procedure for MBS TMGI(s) deallocation,Concept<SEP>UNKNOWN,"The Procedure for MBS TMGI(s) deallocation is a defined process identified under section 4.4.29.2.3, which involves the release or de-allocation of MBS TMGI(s) in a system. It is associated with the management of multicast broadcast service identifiers.<SEP>The Procedure for MBS TMGI(s) deallocation performs the de-allocation of TMGI(s) as part of its defined operation",chunk-80812270b833736fc2d97863d8f388f6,../3GPP-trunked/Rel-19/29_series/29522-j20_0_cover.md4.4.29.2.3,1770154259,Rel-19/29_series/29522-j20_0_cover/graph_chunk_entity_relation.graphml,Rel-19,Procedure for MBS TMGI(s) deallocation<SEP>Procedure for MBS TMGI(s) deallocation)##,allocation
Resource Allocation Bugs,NEF Northbound interface,NEF Northbound interface,Technology,"The NEF Northbound interface is a protocol interface defined between the NEF (Network Exposure Function) and the AF (Application Function), used for exposing network capabilities to external applications. It is specified in multiple 3GPP technical specifications including 3GPP TS 23.501, 3GPP TS 23.502, 3GPP TS 23.316, 3GPP TS 23.288, 3GPP TS 23.273, 3GPP TS 23.548, 3GPP TS 23.247, 3GPP TS 23.503, 3GPP TS 33.501, 3GPP TS 33.535, 3GPP TS 33.558, 3GPP TS 26.531, 3GPP TS 26.532, 3GPP TS 26.502, 3GPP TS 23.5<SEP>The NEF Northbound interface is a communication interface between the Network Exposure Function (NEF) and the Application Function (AF). It specifies RESTful/RPC APIs that enable the AF to access services and capabilities provided by 3GPP network entities, which are securely exposed by the NEF. This interface supports a set of procedures including monitoring, device triggering, resource management, parameter provisioning, policy application, event exposure, and session management, among others.<SEP>The NEF Northbound interface is a standardized interface defined in 3GPP TS 23.502 [2], 3GPP TS 23.247 [53], and 3GPP TS 23.256 [77] for enabling communication between the Network Exposure Function (NEF) and external applications or services.",chunk-759127d7c47a79918c007d27e7576956<SEP>chunk-fe5028801f6497a2985f726d921083e9<SEP>chunk-b59f9e69b59b7673619553398f2686d6,../3GPP-trunked/Rel-19/29_series/29522-j20_1_Main-Body_s00_s07.md1<SEP>../3GPP-trunked/Rel-19/29_series/29522-j20_1_Main-Body_s00_s07.md4.1<SEP>../3GPP-trunked/Rel-19/29_series/29522-j20_1_Main-Body_s00_s07.md4.4.1,1770157167,Rel-19/29_series/29522-j20_1_Main-Body_s00_s07/graph_chunk_entity_relation.graphml,Rel-19,NEF Northbound interface,resource management
Resource Allocation Bugs,PCC/QoS rules,PCC/QoS rules,Concept,PCC/QoS rules are policy and charging rules related to Quality of Service that can be installed or modified by the PCRF based on updated service information. Their installation or modification may fail due to resource allocation failure.,chunk-cc5d6ff5581d0a17079a4457cbc3e8d1,../3GPP-trunked/Rel-19/29_series/29214-j00.md4.4.2,1770186650,Rel-19/29_series/29523-j00/graph_chunk_entity_relation.graphml,Rel-19,PCC/QoS rules,resource allocation; allocation
Resource Allocation Bugs,Service Data Flow Deactivation and Resource Allocation Failure,Service Data Flow Deactivation and Resource Allocation Failure,Concept,"Service Data Flow Deactivation and Resource Allocation Failure is a scenario defined in section 4.4.6.2 where one or more PCC/QoS Rules (i.e. Service Data Flows) are deactivated at the PCEF/BBERF either permanently or temporarily, or resource allocation for one or more PCC rules fails during installation. This triggers the PCRF to notify the AF if the AF has previously subscribed via the Specific-Action AVP in the command. The notification depends on whether all or only some service data flows in the AF session are affected.",chunk-5793d168aeca23553684b76f1b1808e7,../3GPP-trunked/Rel-19/29_series/29214-j00.md4.4.6.2,1770186720,Rel-19/29_series/29523-j00/graph_chunk_entity_relation.graphml,Rel-19,Service Data Flow Deactivation and Resource Allocation Failure,resource allocation; allocation
Resource Allocation Bugs,PCC/QoS Rules,PCC/QoS Rules,Concept,"PCC/QoS Rules are policy and charging control rules that define the characteristics of Service Data Flows (SDFs) and are managed at the PCEF/BBERF. They may be deactivated or fail resource allocation, leading to the Service Data Flow Deactivation and Resource Allocation Failure scenario.",chunk-5793d168aeca23553684b76f1b1808e7,../3GPP-trunked/Rel-19/29_series/29214-j00.md4.4.6.2,1770186720,Rel-19/29_series/29523-j00/graph_chunk_entity_relation.graphml,Rel-19,PCC/QoS Rules,resource allocation; allocation
Resource Allocation Bugs,PCEF/BBERF,PCEF/BBERF,Technology,"PCEF/BBERF is a network function responsible for policy and charging enforcement and bearer management, where PCC/QoS Rules are applied and Service Data Flows may be deactivated or experience resource allocation failure.",chunk-5793d168aeca23553684b76f1b1808e7,../3GPP-trunked/Rel-19/29_series/29214-j00.md4.4.6.2,1770186720,Rel-19/29_series/29523-j00/graph_chunk_entity_relation.graphml,Rel-19,PCEF/BBERF,resource allocation; allocation
Resource Allocation Bugs,PrioritySharing feature,PrioritySharing feature,Concept,"PrioritySharing feature is a capability that enables media flows to share Allocation and Retention Priority (ARP) with other media flows in the same IP-CAN session, provided they have the same QCI and the Priority-Sharing-Indicator AVP is set to PRIORITY_SHARING_ENABLED. This feature must be",chunk-b3eb702b8e0f30ae676fe984743cb454,../3GPP-trunked/Rel-19/29_series/29214-j00.md4.4.8,1770186802,Rel-19/29_series/29523-j00/graph_chunk_entity_relation.graphml,Rel-19,PrioritySharing feature,allocation
Resource Allocation Bugs,localLocationEstimate,localLocationEstimate,Terminology,,chunk-350315a7a08f284500d6f3e2790bdf63,../3GPP-trunked/Rel-19/29_series/29515-j20.md6.1.5.2.3,1770188410,Rel-19/29_series/29552-j20/graph_chunk_entity_relation.graphml,Rel-19,localLocationEstimate,allocation
Resource Allocation Bugs,Tag allocation guidelines,Tag allocation guidelines,Concept,"Tag allocation guidelines are specified in section 4.16 and provide rules for allocating tags, with details available in Annex P.",chunk-91ee32724456989a6118f0b83dea88dc,../3GPP-trunked/Rel-19/31_series/31111-j10.md4.16,1770163674,Rel-19/31_series/31111-j10/graph_chunk_entity_relation.graphml,Rel-19,Tag allocation guidelines,allocation
Resource Allocation Bugs,Annex P,Annex P,Document,Annex P contains detailed information related to Tag allocation guidelines as referenced in section 4.16.,chunk-91ee32724456989a6118f0b83dea88dc,../3GPP-trunked/Rel-19/31_series/31111-j10.md4.16,1770163674,Rel-19/31_series/31111-j10/graph_chunk_entity_relation.graphml,Rel-19,Annex P,allocation
Resource Allocation Bugs,NRM Stage 3 definition rules,NRM Stage 3 definition rules,Concept,"NRM Stage 3 definition rules are a set of guidelines or specifications defined in the context of network resource management, specifically at Stage 3, which governs the detailed functional and procedural aspects of system behavior.)##",chunk-52d7f234ed31206d79d1d405baf14814,../3GPP-trunked/Rel-19/32_series/32160-j30.md6,1770162141,Rel-19/32_series/32160-j30/graph_chunk_entity_relation.graphml,Rel-19,NRM Stage 3 definition rules,resource management
Resource Allocation Bugs,Resource Custom Operation,Resource Custom Operation,Concept,Resource Custom Operation is a procedure defined under section 6.1.3.2.4 that involves custom handling of resources. It is part of a structured operational framework and is associated with specific resource management tasks.,chunk-046174f5bf128ec90d8cdfd6bf42e202,../3GPP-trunked/Rel-19/29_series/29541-j00.md6.1.3.2.4,1770193482,Rel-19/32_series/32255-j10/graph_chunk_entity_relation.graphml,Rel-19,Resource Custom Operation,resource management
Resource Allocation Bugs,Resource NfG,Resource NfG,Concept,Resource NfG is a resource identified in section 6.2.3.2 of the document. It is a conceptual entity related to resource management or allocation within the specified context.)##,chunk-465b7bdb35eb1af7d5290fdc5d3454d4,../3GPP-trunked/Rel-19/29_series/29504-j20.md6.2.3.2,1770192759,Rel-19/32_series/32401-j00/graph_chunk_entity_relation.graphml,Rel-19,Resource NfG,resource management; allocation
Resource Allocation Bugs,Resource Subscr,Resource Subscr,Concept,"Resource Subscr is a concept defined in section 6.2.3.4, related to the subscription of resources. It is associated with the handling and management of resource allocation, though specific attributes or procedures are not detailed in the provided text.)##",chunk-40db66cc0b0feaeebffc2541191a6955,../3GPP-trunked/Rel-19/29_series/29504-j20.md6.2.3.4,1770192807,Rel-19/32_series/32401-j00/graph_chunk_entity_relation.graphml,Rel-19,Resource Subscr,resource allocation; allocation
Resource Allocation Bugs,MCVideo system,MCVideo system,Concept,"MCVideo system is an application plane system using the 5GS, as described in the functional model shown in Figure 5.5.1-1, and involves multiple reference points for interworking and resource management.",chunk-30a0699d3bf8640293318d4cfa01e5ef,../3GPP-trunked/Rel-19/23_series/23289-j50.md5.5.1,1770210295,Rel-19/33_series/33116-j00/graph_chunk_entity_relation.graphml,Rel-19,MCVideo system,resource management
Resource Allocation Bugs,MCVideo-5,MCVideo-5,Concept,"MCVideo-5 is a reference point in the MCVideo system that exists between the MCVideo server and the 5GS, used for resource management of MCVideo sessions such as QoS control. It may utilize the N5, Rx, or N33 reference points as defined in 3GPP TS 23.501 [7], 3GPP TS 23.502 [10], 3GPP TS 23.503 [9], and 3GPP TS 23.247 [15].",chunk-30a0699d3bf8640293318d4cfa01e5ef,../3GPP-trunked/Rel-19/23_series/23289-j50.md5.5.1,1770210295,Rel-19/33_series/33116-j00/graph_chunk_entity_relation.graphml,Rel-19,MCVideo-5,resource management
Resource Allocation Bugs,ce management,ce management,Concept,"ce management is a procedure for resource management specifically designed for mission critical services on-network. It is utilized by MCPTT, MCVideo, and MCData services as defined in respective 3GPP technical specifications.",chunk-47217c223aeda1facfa82cd6409fdcb3,../3GPP-trunked/Rel-19/23_series/23289-j50.md7.2.1,1770210992,Rel-19/33_series/33122-j00/graph_chunk_entity_relation.graphml,Rel-19,ce management,resource management
Resource Allocation Bugs,QoS model,QoS model,Concept,QoS model is a framework defined in 3GPP TS 23.502 [10] that specifies quality of service parameters for mission critical services and is used in the context of resource management.,chunk-47217c223aeda1facfa82cd6409fdcb3,../3GPP-trunked/Rel-19/23_series/23289-j50.md7.2.1,1770210992,Rel-19/33_series/33122-j00/graph_chunk_entity_relation.graphml,Rel-19,QoS model,resource management
Resource Allocation Bugs,QoS policy control,QoS policy control,Concept,QoS policy control is a mechanism defined in 3GPP TS 23.503 [9] that governs the enforcement of quality of service policies during resource management for mission critical services.,chunk-47217c223aeda1facfa82cd6409fdcb3,../3GPP-trunked/Rel-19/23_series/23289-j50.md7.2.1,1770210992,Rel-19/33_series/33122-j00/graph_chunk_entity_relation.graphml,Rel-19,QoS policy control,resource management
Resource Allocation Bugs,Request for modification of unicast resources,Request for modification of unicast resources,Concept,"Request for modification of unicast resources is a procedure used to modify parameters of an existing unicast media flow during an ongoing MC service session. It involves sending a resource modification request via the SIP core using the call control protocol to the UE. The QoS characteristics of the resources are exchanged exclusively through direct interaction between the SIP core and PCF. This procedure may be used to modify allocation and retention priority, release and resume resources between MC service calls in the chat model, or allow the SIP session to continue or be torn down after media plane resource release.",chunk-db071df6c047f8b796b6a547d3f06f52,../3GPP-trunked/Rel-19/23_series/23289-j50.md7.2.4,1770211048,Rel-19/33_series/33122-j00/graph_chunk_entity_relation.graphml,Rel-19,Request for modification of unicast resources,allocation
Resource Allocation Bugs,unicast bearer,unicast bearer,Technology,"unicast bearer is a data transmission path used for unicast media flow that can be modified during an ongoing MC service session. It is subject to parameter changes such as allocation and retention priority, and may require additional QoS flows when multiple audio streams are involved.",chunk-db071df6c047f8b796b6a547d3f06f52,../3GPP-trunked/Rel-19/23_series/23289-j50.md7.2.4,1770211048,Rel-19/33_series/33122-j00/graph_chunk_entity_relation.graphml,Rel-19,unicast bearer,allocation
Resource Allocation Bugs,allocation and retention priority,allocation and retention priority,Terminology,,chunk-db071df6c047f8b796b6a547d3f06f52,../3GPP-trunked/Rel-19/23_series/23289-j50.md7.2.4,1770211048,Rel-19/33_series/33122-j00/graph_chunk_entity_relation.graphml,Rel-19,allocation and retention priority,allocation
Resource Allocation Bugs,resource allocation,resource allocation,Concept,"Resource allocation is a procedure illustrated in Figure 7.2.5.2-1, involving the MC service client and MC service server to request and establish resources for transmission control and media plane in a group communication session. It includes steps such as session establishment, bandwidth adjustment, SIP core interaction with 5GS, PCF policy enforcement, and media plane setup and release.",chunk-115c095f6462c6c924d9f6820fbd369c,../3GPP-trunked/Rel-19/23_series/23289-j50.md7.2.5.2,1770211060,Rel-19/33_series/33122-j00/graph_chunk_entity_relation.graphml,Rel-19,resource allocation,resource allocation; allocation
Resource Allocation Bugs,MBS assistance information,MBS assistance information,Concept,MBS assistance information is data provisioned by the MC service server to the 5GC for a UE participating in a multicast MBS session. It is provided after obtaining the MBS Session ID via TMGI allocation or MBS session creation and when the MBS session is mapped to a specific MC group. The provisioning and updating of this information can occur until the MBS session is deleted.,chunk-cf28e99a6dea53d28f7c1a871820f42e,../3GPP-trunked/Rel-19/23_series/23289-j50.md7.3.4.2,1770212728,Rel-19/33_series/33210-j00/graph_chunk_entity_relation.graphml,Rel-19,MBS assistance information,allocation
Resource Allocation Bugs,TMGI allocation,TMGI allocation,Concept,"TMGI allocation is a procedure used to assign a Temporary Multicast Group Identity to a multicast MBS session, enabling the MC service server to identify and manage the session within the network.",chunk-cf28e99a6dea53d28f7c1a871820f42e,../3GPP-trunked/Rel-19/23_series/23289-j50.md7.3.4.2,1770212724,Rel-19/33_series/33250-j00/graph_chunk_entity_relation.graphml,Rel-19,TMGI allocation,allocation
Resource Allocation Bugs,Resource Management of MC service sessions,Resource Management of MC service sessions,UNKNOWN,MC service sessions involve resource management by the SIP core in the scenario shown in figure 6.3.2.2-1,chunk-4565e0c70e3a45870c2e6d79146a2a8d,../3GPP-trunked/Rel-19/23_series/23289-j50.md6.3.2.2,1770210740,Rel-19/33_series/33256-j00/graph_chunk_entity_relation.graphml,Rel-19,Resource Management of MC service sessions,resource management
Resource Allocation Bugs,figure 6.3.2.2,figure 6.3.2.2,UNKNOWN,MC service sessions involve resource management by the SIP core in the scenario shown in figure 6.3.2.2-1,chunk-4565e0c70e3a45870c2e6d79146a2a8d,../3GPP-trunked/Rel-19/23_series/23289-j50.md6.3.2.2,1770210740,Rel-19/33_series/33256-j00/graph_chunk_entity_relation.graphml,Rel-19,figure 6.3.2.2,resource management
Resource Allocation Bugs,MC service sessions,MC service sessions,Concept,"MC service sessions involve resource management by the SIP core in the scenario shown in figure 6.3.2.2-1<SEP>MC service sessions are service sessions managed by the MC service server in the scenario illustrated in figure 6.3.2.3-1, involving resource management activities.",chunk-3a8ee2a368a3e9393dd9b166d2554946<SEP>chunk-4565e0c70e3a45870c2e6d79146a2a8d,../3GPP-trunked/Rel-19/23_series/23289-j50.md6.3.2.2<SEP>../3GPP-trunked/Rel-19/23_series/23289-j50.md6.3.2.3,1770210751,Rel-19/33_series/33256-j00/graph_chunk_entity_relation.graphml,Rel-19,MC service sessions,resource management
Resource Allocation Bugs,resource management,resource management,Concept,"Resource management refers to the process of allocating and controlling resources for MC service sessions, performed by the MC service server in the context of figure 6.3.2.3-1.",chunk-3a8ee2a368a3e9393dd9b166d2554946,../3GPP-trunked/Rel-19/23_series/23289-j50.md6.3.2.3,1770210751,Rel-19/33_series/33256-j00/graph_chunk_entity_relation.graphml,Rel-19,resource management,resource management
Resource Allocation Bugs,figure 6.3.2,figure 6.3.2,UNKNOWN,"MC service sessions are managed by the MC service server in the scenario shown in figure 6.3.2.3-1, where resource management is performed.",chunk-3a8ee2a368a3e9393dd9b166d2554946,../3GPP-trunked/Rel-19/23_series/23289-j50.md6.3.2.3,1770210752,Rel-19/33_series/33256-j00/graph_chunk_entity_relation.graphml,Rel-19,figure 6.3.2,resource management
Resource Allocation Bugs,RRC-signalling,RRC-signalling,Signal,"RRC-signalling refers to the radio resource control signalling exchanged between the UE and the gNB, which may be protected through ciphering for confidentiality.",chunk-9f1b5a28f2eedc22244312f88d475319,../3GPP-trunked/Rel-19/33_series/33501-j20.md5.3.2,1770213270,Rel-19/33_series/33501-j20/graph_chunk_entity_relation.graphml,Rel-19,RRC-signalling,radio resource
Resource Allocation Bugs,"figure 6.3.2.3-1)##
<|COMPLETE",figure 6.3.2.3-1)## <|COMPLETE,UNKNOWN,Resource management is applied to MC service sessions as part of their management by the MC service server in the scenario of figure 6.3.2.3-1,chunk-3a8ee2a368a3e9393dd9b166d2554946,../3GPP-trunked/Rel-19/23_series/23289-j50.md6.3.2.3,1770210749,Rel-19/33_series/33530-j00/graph_chunk_entity_relation.graphml,Rel-19,"figure 6.3.2.3-1)##
<|COMPLETE",resource management
Resource Allocation Bugs,figure 6.3.2.3,figure 6.3.2.3,UNKNOWN,"MC service sessions are managed by the MC service server in the scenario shown in figure 6.3.2.3-1, where resource management is performed.",chunk-3a8ee2a368a3e9393dd9b166d2554946,../3GPP-trunked/Rel-19/23_series/23289-j50.md6.3.2.3,1770210749,Rel-19/33_series/33530-j00/graph_chunk_entity_relation.graphml,Rel-19,figure 6.3.2.3,resource management
Resource Allocation Bugs,session establishment,session establishment,Concept,"Session establishment is the process during which a communication session is initiated and configured, involving the allocation and request of necessary network resources such as unicast resources.",chunk-fae4cc81ac0e2058cff733daf047d18b,../3GPP-trunked/Rel-19/23_series/23289-j50.md7.2.3,1770210825,Rel-19/33_series/33530-j00/graph_chunk_entity_relation.graphml,Rel-19,session establishment,allocation
Resource Allocation Bugs,Resource management of MC service sessions by SIP,Resource management of MC service sessions by SIP,Concept,"Resource management of MC service sessions by SIP is a procedure defined in section 6.3.2 that involves the handling and coordination of multimedia conferencing (MC) service sessions using the Session Initiation Protocol (SIP). It ensures proper allocation, maintenance, and termination of session resources.)##",chunk-fe2914e2fea2e828df193dab2c853c81,../3GPP-trunked/Rel-19/23_series/23289-j50.md6.3.2,1770210575,Rel-19/33_series/33545-j00/graph_chunk_entity_relation.graphml,Rel-19,Resource management of MC service sessions by SIP,resource management; allocation
Resource Allocation Bugs,operators' policy,operators' policy,Concept,"Operators' policy is a set of rules or guidelines defined by network operators that determines whether the MCPTT system can request modification of the ARP (Allocation and Retention Priority) for an established QoS flow, which is used to manage priority levels for MCPTT calls.",chunk-9c51fe610c9eefab82de859854985983,../3GPP-trunked/Rel-19/23_series/23289-j50.md4.3.3.3,1770208822,Rel-19/33_series/33558-j00/graph_chunk_entity_relation.graphml,Rel-19,operators' policy,allocation
Resource Allocation Bugs,Resource request at session establishment,Resource request at session establishment,Concept,"Resource request at session establishment is a procedure described in Figure 7.2.3.2-1, where the MC service client initiates a session establishment request including SDP offer and access resource details such as IP addresses and ports. The MC service server evaluates communication and media resource sharing needs, sends a session progress request to the SIP core, and later triggers media resource allocation via 5GS using either N5 or Rx reference points for direct interaction, or N33 reference point for indirect interaction through NEF.",chunk-4489cdfeab719ab3b6bc854614ab0568,../3GPP-trunked/Rel-19/23_series/23289-j50.md7.2.3.2,1770211043,Rel-19/33_series/33700-29-j00/graph_chunk_entity_relation.graphml,Rel-19,Resource request at session establishment,resource allocation; allocation
Resource Allocation Bugs,resource control,resource control,Technology,"Resource control is the associated mechanism defined to support the application plane and signalling control plane, enabling efficient allocation and management of resources for MC services.",chunk-51f65617f79c41117f4a8fdb3209862f,../3GPP-trunked/Rel-19/23_series/23289-j50.md5.2,1770209336,Rel-19/33_series/33766-j00/graph_chunk_entity_relation.graphml,Rel-19,resource control,allocation
Resource Allocation Bugs,Non-contiguous spectrum,Non-contiguous spectrum,Concept,"Non-contiguous spectrum consists of two or more sub-blocks separated by sub-block gap(s), used in IAB systems for flexible frequency allocation.",chunk-8007b473e798574ab2c0f0ea3f439ed7,../3GPP-trunked/Rel-19/38_series/38176-1-j00.mdNone,1770228057,Rel-19/38_series/38101-3-j10_cover/graph_chunk_entity_relation.graphml,Rel-19,Non-contiguous spectrum,allocation
Resource Allocation Bugs,NRTC2 power allocation,NRTC2 power allocation,Concept,"NRTC2 power allocation is a procedure defined in section 4.7.2.3.2 that involves setting the number of carriers to the maximum TRP count (D.15), configuring each beam to rated beam EIRP (D.11) for the tested beam direction pair, and setting the power spectral density of each carrier to the same level such that the sum of carrier powers equals the rated transmitter TRP, Prated,t,TRP.",chunk-7b3213cd7f8f06de948c55435b52a215,../3GPP-trunked/Rel-19/38_series/38141-2-j00.md4.7.2.3.2,1770228102,Rel-19/38_series/38101-3-j10_cover/graph_chunk_entity_relation.graphml,Rel-19,NRTC2 power allocation,allocation
Resource Allocation Bugs,NRTC1 power allocation,NRTC1 power allocation,UNKNOWN,4.7.2.2.2,chunk-81e000e761005d09d33decb2b6f58667,../3GPP-trunked/Rel-19/38_series/38141-2-j00.md4.7.2.2.2,1770228102,Rel-19/38_series/38101-3-j10_cover/graph_chunk_entity_relation.graphml,Rel-19,NRTC1 power allocation,allocation
Resource Allocation Bugs,Channel a,Channel a,Concept,"Channel a is a defined channel in section 5.4, referenced as part of a band. It is associated with a specific frequency band and is used in the context of signal transmission or resource allocation.",chunk-98cf974a066484ec98a31ace8c5510bc,../3GPP-trunked/Rel-19/38_series/38101-5-j00.md5.4.1,1770229662,Rel-19/38_series/38101-5-j00/graph_chunk_entity_relation.graphml,Rel-19,Channel a,resource allocation; allocation
Resource Allocation Bugs,non-contiguous spectrum,non-contiguous spectrum,Concept,"Non-contiguous spectrum is a spectrum consisting of two or more sub-blocks separated by sub-block gap(s).<SEP>Non-contiguous spectrum refers to a spectrum allocation where the frequency bands are separated by gaps, requiring the Base Station (BS) to operate across multiple disjoint frequency segments.",chunk-259d701ab36f7ba046d6a3131faa3bca<SEP>chunk-802d8d8018b3a0645d1a78edc2a316fc,../3GPP-trunked/Rel-19/38_series/38104-j00.md3.1<SEP>../3GPP-trunked/Rel-19/38_series/38104-j00.md4.7,1770218451,Rel-19/38_series/38104-j00/graph_chunk_entity_relation.graphml,Rel-19,non-contiguous spectrum,allocation
Resource Allocation Bugs,contiguous spectrum,contiguous spectrum,Concept,"Contiguous spectrum refers to a spectrum allocation where the frequency bands are adjacent and uninterrupted, allowing a Base Station (BS) to operate without gaps between frequency segments.",chunk-802d8d8018b3a0645d1a78edc2a316fc,../3GPP-trunked/Rel-19/38_series/38104-j00.md4.7,1770218451,Rel-19/38_series/38104-j00/graph_chunk_entity_relation.graphml,Rel-19,contiguous spectrum,allocation
Resource Allocation Bugs,carrier resource blocks,carrier resource blocks,Technology,"carrier resource blocks are the smallest unit of resource allocation in the NR RF carrier. The number of carrier resource blocks determines the maximum size of UE bandwidth parts that can be supported by the Base Station, and UE bandwidth parts must be smaller than or equal to this number.",chunk-b8beb77d2bff84d301ce3a2e25a258ca,../3GPP-trunked/Rel-19/38_series/38104-j00.md5.3.1,1770218547,Rel-19/38_series/38104-j00/graph_chunk_entity_relation.graphml,Rel-19,carrier resource blocks,resource allocation; allocation
Resource Allocation Bugs,channel arra,channel arra,Concept,channel arra is a term used in the context of frequency allocation and is associated with operating bands in section 5 of the document.,chunk-1361f337b4439fe7b2a80e5cf42855ee,../3GPP-trunked/Rel-19/38_series/38108-j00.md5,1770218940,Rel-19/38_series/38108-j00/graph_chunk_entity_relation.graphml,Rel-19,channel arra,allocation
Resource Allocation Bugs,RE,RE,Terminology,"RE refers to a resource element, the smallest unit of resource allocation in a time-frequency grid in a wireless communication system.",chunk-fd9a989e24b03c31ae1eb8f30445c635,../3GPP-trunked/Rel-19/38_series/38108-j00.md6.3.2.2,1770219131,Rel-19/38_series/38108-j00/graph_chunk_entity_relation.graphml,Rel-19,RE,resource allocation; allocation
Resource Allocation Bugs,RRC connected state requirements,RRC connected state requirements,Concept<SEP>UNKNOWN,RRC connected state requirements are defined in section 3.6.1 and pertain to the operational conditions and behaviors of a device in the RRC connected state.<SEP>RRC supports the RRC connected state by managing the radio resource control procedures necessary for maintaining the connection,chunk-da6d9c5eb7f7c1ec5274defc53d40d00,../3GPP-trunked/Rel-19/38_series/38133-j00_cover.md3.6.1,1770216908<SEP>1770216933,Rel-19/38_series/38133-j00_cover/graph_chunk_entity_relation.graphml,Rel-19,RRC connected state requirements<SEP>RRC connected state requirements)##,radio resource
Resource Allocation Bugs,RRC connected state,RRC connected state,Concept,"RRC connected state is a network state in which a user equipment maintains an active connection with the radio access network, allowing for continuous data transmission and reception. It is governed by the RRC connected state requirements defined in section 3.6.1.<SEP>RRC connected state is a network state in which the User Equipment (UE) has established a connection with the network and is actively engaged in communication, requiring continuous signaling and resource allocation.",chunk-da6d9c5eb7f7c1ec5274defc53d40d00<SEP>chunk-b843f3d39d0a76e490e73a52dcb42350,../3GPP-trunked/Rel-19/38_series/38133-j00_cover.md3.6.1<SEP>../3GPP-trunked/Rel-19/38_series/38133-j00_cover.md3.6.11.1,1770217097,Rel-19/38_series/38133-j00_cover/graph_chunk_entity_relation.graphml,Rel-19,RRC connected state,resource allocation; allocation
Resource Allocation Bugs,RRC_IDLE state,RRC_IDLE state,Concept<SEP>UNKNOWN,RRC_IDLE state is a state in the radio resource control (RRC) protocol where the mobile device is not actively connected to the network and is in a low-power mode. It is associated with the SA (Stand-alone) network architecture and is used for mobility management.<SEP>RRC_IDLE state is supported by the SA (Stand-alone) network architecture for mobility management,chunk-fb4644cf249f0309ff82edc5411b0173,../3GPP-trunked/Rel-19/38_series/38133-j00_cover.md4,1770217231<SEP>1770217266,Rel-19/38_series/38133-j00_cover/graph_chunk_entity_relation.graphml,Rel-19,RRC_IDLE state<SEP>RRC_IDLE state)##,radio resource
Resource Allocation Bugs,Measurements of inter-frequency NR ce,Measurements of inter-frequency NR ce,Concept,Measurements of inter-frequency NR ce is a procedure defined in section 4.2.2.4 that involves the measurement of inter-frequency signals in New Radio (NR) cells. It is relevant to the evaluation and management of radio resource performance across different frequency bands in NR networks.,chunk-cedfdfde319338de62b9ec94a2779f71,../3GPP-trunked/Rel-19/38_series/38133-j00_cover.md4.2.2.4,1770217358,Rel-19/38_series/38133-j00_cover/graph_chunk_entity_relation.graphml,Rel-19,Measurements of inter-frequency NR ce,radio resource
Resource Allocation Bugs,Measurements for UE fulfilling low mobility criteria,Measurements for UE fulfilling low mobility criteria,Concept,Measurements for UE fulfilling low mobility criteria is a procedure defined in section 4.2.2.9.2 that applies to User Equipment (UE) meeting low mobility conditions. It involves specific measurement configurations for such UEs.<SEP>Measurements for UE fulfilling low mobility criteria is a procedure defined in section 4.2.2.10.2 that applies to User Equipment (UE) meeting low mobility conditions. It is related to radio resource management and signal measurement processes in a cellular network.<SEP>Measurements for UE fulfilling low mobility criteria is a procedure defined in section 4.2.2.11.2 that applies to User Equipment (UE) meeting low mobility conditions. It involves specific measurement configurations for such UEs.,chunk-3d588c203ef3c80e0c9b1a6209939527<SEP>chunk-7e657eb43175b0e6695a7083228ee6c2<SEP>chunk-a3e2859d54b24adca8b10010497e715e,../3GPP-trunked/Rel-19/38_series/38133-j00_cover.md4.2.2.9.2<SEP>../3GPP-trunked/Rel-19/38_series/38133-j00_cover.md4.2.2.10.2<SEP>../3GPP-trunked/Rel-19/38_series/38133-j00_cover.md4.2.2.11.2,1770217715,Rel-19/38_series/38133-j00_cover/graph_chunk_entity_relation.graphml,Rel-19,Measurements for UE fulfilling low mobility criteria,resource management; radio resource
Resource Allocation Bugs,RRC Connection Establishment Failure,RRC Connection Establishment Failure,Concept,"RRC Connection Establishment Failure refers to the failure of a UE to establish a Radio Resource Control connection with the network, and its log reporting requires accurate relative time stamping as defined in section 4.3C.4.",chunk-44e3ff5b5220c474dc2c17dd29e214b8,../3GPP-trunked/Rel-19/38_series/38133-j00_cover.md4.3.5,1770217844,Rel-19/38_series/38133-j00_cover/graph_chunk_entity_relation.graphml,Rel-19,RRC Connection Establishment Failure,radio resource
Resource Allocation Bugs,state transition,state transition,Concept,"State transition refers to the process of changing from one operational state to another in a mobile network, involving signaling and resource management.",chunk-3d5e64b7a676b4ab10aa9711329d4ab6,../3GPP-trunked/Rel-19/38_series/38133-j00_cover.md4.4.2.1,1770217862,Rel-19/38_series/38133-j00_cover/graph_chunk_entity_relation.graphml,Rel-19,state transition,resource management
Resource Allocation Bugs,Intra-frequency SS-RSRP accuracy requirements,Intra-frequency SS-RSRP accuracy requirements,Concept,Intra-frequency SS-RSRP accuracy requirements are defined in section 10.1.2.1 and specify the accuracy standards for Signal Strength Reference Signal Received Power (SS-RSRP) measurements within the same frequency band.<SEP>Intra-frequency SS-RSRP accuracy requirements define the specified accuracy standards for Signal Strength Reference Signal Received Power (SS-RSRP) measurements within the same frequency band. These requirements are part of the technical specifications for radio resource management and are relevant to network performance evaluation and cell selection/reselection processes.)##,chunk-9e87da55b24b02702c916222203af50e<SEP>chunk-7c517e90a1f1acfd759de87f1a9920cc,../3GPP-trunked/Rel-19/38_series/38133-j00_s10-11.md10.1.2.1<SEP>../3GPP-trunked/Rel-19/38_series/38133-j00_s10-11.md10.1.3.1,1770224193,Rel-19/38_series/38133-j00_s10-11/graph_chunk_entity_relation.graphml,Rel-19,Intra-frequency SS-RSRP accuracy requirements,resource management; radio resource
Resource Allocation Bugs,Scheduling availability,Scheduling availability,Concept,"Scheduling availability refers to the capability or state of allowing resource scheduling for a User Equipment (UE) performing radio link monitoring with the same subcarrier spacing as PDSCH/PDCCH on FR1. It is not restricted by such monitoring activities.<SEP>Scheduling availability refers to the capability of a UE to transmit or receive specific signals on certain symbols, which is affected by radio link monitoring based on SSB as RLM-RS. It is subject to restrictions depending on the UE's support for simultaneousRxDataSSB-DiffNumerology and the type of carrier aggregation or dual connectivity configuration.<SEP>Scheduling availability refers to the capability of scheduling resources on FR1 or FR2 serving cells without restrictions when radio link monitoring is performed on the opposite frequency range in the context of FR1-FR2 inter-band Carrier Aggregation (CA) and NR Dual Connectivity (NR-DC).",chunk-2c5e059aa9a82c9581b1ba387fa55d29<SEP>chunk-5b4fe8cacea2fd3d052c23330d4a0899<SEP>chunk-07278ab78d40364becebb048d20ea2a6,../3GPP-trunked/Rel-19/38_series/38133-j00_s8-8.md8.1.7.1<SEP>../3GPP-trunked/Rel-19/38_series/38133-j00_s8-8.md8.1.7.2<SEP>../3GPP-trunked/Rel-19/38_series/38133-j00_s8-8.md8.1.7.4,1770220855,Rel-19/38_series/38133-j00_s8-8/graph_chunk_entity_relation.graphml,Rel-19,Scheduling availability,resource scheduling
Resource Allocation Bugs,inter-frequency measurements,inter-frequency measurements,Concept,"Inter-frequency measurements are a type of RRM measurement performed by the UE across different frequency bands, used for mobility and radio resource management decisions in RRC_CONNECTED state.)##
(entity",chunk-2536fd5154cfa351897faf5b22ded610,../3GPP-trunked/Rel-19/38_series/38133-j00_s9-9.mdNone,1770228903,Rel-19/38_series/38133-j00_s9-9/graph_chunk_entity_relation.graphml,Rel-19,inter-frequency measurements,resource management; radio resource
Resource Allocation Bugs,inter-RAT E-UTRAN FDD measurements,inter-RAT E-UTRAN FDD measurements,Concept,"Inter-RAT E-UTRAN FDD measurements are a type of RRM measurement performed by the UE across different radio access technologies, specifically between NR and E-UTRAN FDD, used for mobility and radio resource management decisions in RRC_CONNECTED state.",chunk-2536fd5154cfa351897faf5b22ded610,../3GPP-trunked/Rel-19/38_series/38133-j00_s9-9.mdNone,1770228903,Rel-19/38_series/38133-j00_s9-9/graph_chunk_entity_relation.graphml,Rel-19,inter-RAT E-UTRAN FDD measurements,resource management; radio resource
Resource Allocation Bugs,inter-RAT E-UTRAN TDD measurements,inter-RAT E-UTRAN TDD measurements,Concept,"Inter-RAT E-UTRAN TDD measurements are a type of RRM measurement performed by the UE across different radio access technologies, specifically between NR and E-UTRAN TDD, used for mobility and radio resource management decisions in RRC_CONNECTED state.",chunk-2536fd5154cfa351897faf5b22ded610,../3GPP-trunked/Rel-19/38_series/38133-j00_s9-9.mdNone,1770228903,Rel-19/38_series/38133-j00_s9-9/graph_chunk_entity_relation.graphml,Rel-19,inter-RAT E-UTRAN TDD measurements,resource management; radio resource
Resource Allocation Bugs,SA NR,SA NR,Concept,"SA NR is an operation mode for User Equipment (UE) that enables standalone operation on NR networks. It requires the UE to be configured with this mode. In this mode, the UE monitors multiple layers including inter-RAT E-UTRAN carriers, inter-frequency NR carriers (with or without CCA), and inter-RAT UTRA FDD carriers as configured by the PCell, using gaps or without gaps if the UE supports the capability or the effective M<SEP>SA NR (Standalone NR) is a 5G network deployment mode where the UE connects directly to the 5G core network. In this context, it applies when the PCell (Primary Cell) is on a carrier frequency with CCA (Carrier Aggregation with Contiguous Allocation).<SEP>SA NR is a standalone NR operation mode where a UE operates exclusively on the NR network with PCell managing connectivity. The UE must monitor multiple carrier frequency layers under specific conditions based on its capability.",chunk-7880ee35d484e83ac517257372907eef<SEP>chunk-5fa41c726e94a59ff030cd3998c488d9<SEP>chunk-2218bf8405c3ec1304682e0afe182cb5,../3GPP-trunked/Rel-19/38_series/38133-j00_s9-9.md9.1.3.1<SEP>../3GPP-trunked/Rel-19/38_series/38133-j00_s9-9.md9.1.4.1<SEP>../3GPP-trunked/Rel-19/38_series/38133-j00_s9-9.md9.1.3.2,1770229125,Rel-19/38_series/38133-j00_s9-9/graph_chunk_entity_relation.graphml,Rel-19,SA NR,allocation
Resource Allocation Bugs,CSI-RS RRM Reference Measurement Channels,CSI-RS RRM Reference Measurement Channels,Concept,"CSI-RS RRM Reference Measurement Channels are reference configurations for Channel State Information Reference Signal (CSI-RS) used in TDD systems for radio resource management. These configurations are defined for different subcarrier spacings (SCS) and include parameters such as subcarrier spacing, number of PRBs, start PRB, density, CSI-RS index, slot configuration, associated SSB, SSB index, quasi-colocation status, first OFDM symbol in time domain, sequence generation configuration, number of ports, CDM type, and EPRE ratio to SSS.",chunk-6a40ccd411247f9caebea4b2ffe9cb0d,../3GPP-trunked/Rel-19/38_series/38133-j00_sA.1-A.3.md2,1770221007,Rel-19/38_series/38133-j00_sA.1-A.3/graph_chunk_entity_relation.graphml,Rel-19,CSI-RS RRM Reference Measurement Channels,resource management; radio resource
Resource Allocation Bugs,N Traffic Steering,N Traffic Steering,Concept,"N Traffic Steering is a concept related to traffic management and resource allocation in network systems, particularly involving priority-based handling of media flows across AF sessions.",chunk-4c5a90193e340d5ccb6f2ddb43e173da,../3GPP-trunked/Rel-19/23_series/23503-j30.md6.1.3.15,1770221022,Rel-19/38_series/38133-j00_sA.1-A.3/graph_chunk_entity_relation.graphml,Rel-19,N Traffic Steering,resource allocation; allocation
Resource Allocation Bugs,Successful resource allocation,Successful resource allocation,Concept,Successful resource allocation is a reporting event where the SMF informs the PCF that the required resources for a PCC rule have been successfully allocated.,chunk-512b5a126e2fc86abdc095dfc570f840,../3GPP-trunked/Rel-19/23_series/23503-j30.md6.1.3.5,1770221034,Rel-19/38_series/38133-j00_sA.1-A.3/graph_chunk_entity_relation.graphml,Rel-19,Successful resource allocation,resource allocation; allocation
Resource Allocation Bugs,Reallocation of credit detection trigger,Reallocation of credit detection trigger,Concept,"Reallocation of credit detection trigger is a condition in the SMF that, when set, causes the SMF to inform the PCF about PCC rules for which credit has been reallocated after credit was previously unavailable and a termination action was applied.",chunk-cbf80a1433bcd3a4b31b1ebc53370d86,../3GPP-trunked/Rel-19/23_series/23503-j30.md6.1.3.5,1770221047,Rel-19/38_series/38133-j00_sA.1-A.3/graph_chunk_entity_relation.graphml,Rel-19,Reallocation of credit detection trigger,allocation
Resource Allocation Bugs,RFSP Index,RFSP Index,Concept,RFSP Index is a parameter managed under access and mobility related policy control that influences radio resource management. The PC,chunk-c0fc4bed8f180ebac744a75a5efcc48f,../3GPP-trunked/Rel-19/23_series/23503-j30.md6.1.2.1.1,1770220042,Rel-19/38_series/38133-j00_sA.17-A.18/graph_chunk_entity_relation.graphml,Rel-19,RFSP Index,resource management; radio resource
Resource Allocation Bugs,minimum radio resource management requirements,minimum radio resource management requirements,UNKNOWN,NR Integrated access and backhaul requires minimum radio resource management requirements as defined in the present document,chunk-7028e522134dc1478ff73a835cfbf2ee,../3GPP-trunked/Rel-19/38_series/38174-j00.md1,1770225812,Rel-19/38_series/38174-j00/graph_chunk_entity_relation.graphml,Rel-19,minimum radio resource management requirements,resource management; radio resource
Resource Allocation Bugs,NR RRC,NR RRC,Technology,"NR RRC (New Radio Radio Resource Control) is the protocol layer responsible for managing RRC procedures, including RRC",chunk-f461de34831ca9a24cf53bc1c6e8ce58,../3GPP-trunked/Rel-19/38_series/38523-1-j00_s0815-s08161.md8.1.5.2.3.3.2,1770225831,Rel-19/38_series/38174-j00/graph_chunk_entity_relation.graphml,Rel-19,NR RRC,radio resource
Resource Allocation Bugs,Msg3,Msg3,Concept,Msg3 is a message in the random access procedure that requires sufficient resource allocation to accommodate all DRB data that the UE will loop back at step 7.,chunk-b7ff1081a93b5687c7ad7e78fec8bff1,../3GPP-trunked/Rel-19/38_series/38523-1-j00_s0815-s08161.md8.1.5.2.2.3.2,1770225834,Rel-19/38_series/38174-j00/graph_chunk_entity_relation.graphml,Rel-19,Msg3,resource allocation; allocation
Resource Allocation Bugs,dynamicSFI,dynamicSFI,Technology,"dynamicSFI is a physical layer parameter that enables dynamic scheduling of SFI (Scheduling Feedback Indicator) in NR, allowing flexible control of uplink and downlink resource allocation.",chunk-954579e86c44046f7f84ba677cec382c,../3GPP-trunked/Rel-19/38_series/38523-1-j00_s0815-s08161.md8.1.5.1.1.3.3,1770225837,Rel-19/38_series/38174-j00/graph_chunk_entity_relation.graphml,Rel-19,dynamicSFI,resource allocation; allocation
Resource Allocation Bugs,tdcp-ResourcePerBC-r18,tdcp-ResourcePerBC-r18,Concept,"tdcp-ResourcePerBC-r18 is a feature or parameter defined in the context of 3GPP Release 18 related to resource allocation per beam configuration, with no specific description provided in the text.",chunk-d3287d2f6e452c34beb04e2208c89c94,../3GPP-trunked/Rel-19/38_series/38523-1-j00_s0815-s08161.md8.1.5.1.1.3.3,1770225850,Rel-19/38_series/38174-j00/graph_chunk_entity_relation.graphml,Rel-19,tdcp-ResourcePerBC-r18,resource allocation; allocation
Resource Allocation Bugs,drx-Adaptation-r16,drx-Adaptation-r16,Technology,"drx-Adaptation-r16 is a feature related to DRX adaptation in NR UE capabilities, supported in both frequency ranges (FR1 and FR2) or only in one. If supported in both, it is signaled in UE-NR-Capability-v1610/mac-Parameters-v1610. If supported differently in both frequency ranges, it is signaled in UE-NR-Capability-v1610/fr1-Add-UE-NR-Capabilities-v1610/mac-ParametersFRX-Diff-r16 and UE-NR-Capability-v1610/fr2-Add-UE-NR-Capabilities-v1610/mac-ParametersFRX-Diff-r16. If supported in only one frequency range, it is signaled in one of UE-NR-Capability-v1610/fr1-Add-UE-NR-Capabilities-v1610 or UE-NR-Capability-v1610/fr2-Add-UE-NR-Capabilities-v1610 as appropriate.<SEP>drx-Adaptation-r16 is a feature related to discontinuous reception adaptation that is signaled in UE-NR-Capability-v1610/mac-Parameters-v1610 when supported in both FR1 and FR2, or in fr1-Add-UE-NR-Capabilities-v1610/mac-ParametersFRX-Diff-r16 and fr<SEP>drx-Adaptation-r16 is a feature in release 16 that enables dynamic radio resource management by adapting DRX (Discontinuous Reception) behavior, with a condition that either sharedSpectrumChAccess-r16 or non-SharedSpectrumChAccess-r16 must be reported when this field is reported.<SEP>drx-Adaptation-r16 is a feature supported by the UE that enables dynamic radio resource management adaptation, and its support is signaled in UE-NR-Capability-v1610/fr1-Add-UE-NR-Capabilities-v1610/mac-ParametersFRX-Diff-r16 or UE-NR-Capability-v1610/fr2-Add-UE-NR-Capabilities-v1610/mac-ParametersFRX-Diff-r16 depending on the frequency range(s) supported by the UE.",chunk-d20abeb395b1bd4e66c0efc7274daf4e<SEP>chunk-1801d13211a3808395fe9d0ad7ae6082<SEP>chunk-b8da6b1b84a2d0537f91f5b9b9321bf3<SEP>chunk-bb44585977540fedf07b46335df6c77c,../3GPP-trunked/Rel-19/38_series/38523-1-j00_s0815-s08161.md8.1.5.1.1.3.3,1770225852,Rel-19/38_series/38174-j00/graph_chunk_entity_relation.graphml,Rel-19,drx-Adaptation-r16,resource management; radio resource
Resource Allocation Bugs,sl-SSB-TimeAllocation3,sl-SSB-TimeAllocation3,Terminology,"sl-SSB-TimeAllocation3 is a configuration parameter specifying the time slots on which the Sidelink Synchronization Signal (SLSS) is transmitted, used in determining the priority group for SyncRef UE selection.",chunk-701a7e84591f54f49e9e993667f37d66,../3GPP-trunked/Rel-19/38_series/38523-1-j00_s12-s14.md12.1.2.1.2,1770225867,Rel-19/38_series/38174-j00/graph_chunk_entity_relation.graphml,Rel-19,sl-SSB-TimeAllocation3,allocation
Resource Allocation Bugs,NR-SS-UE 2,NR-SS-UE 2,Technology,"NR-SS-UE 2 is a network resource-s<SEP>NR-SS-UE 2 is a reference user equipment that transmits NR-SS-UE 2 signals in specific slots determined by sl-SSB-TimeAllocation1 and its own timing, with defined slotIndex, directFrameNumber, and reserveBits values used for comparison by the SS.",chunk-d6f3c0619838de0da69e6d0ed7eb6f8a<SEP>chunk-83e344b21017c6f49c2eec0059a159ee,../3GPP-trunked/Rel-19/38_series/38523-1-j00_s12-s14.md12.1.2.1.3.2,1770225888,Rel-19/38_series/38174-j00/graph_chunk_entity_relation.graphml,Rel-19,NR-SS-UE 2,allocation
Resource Allocation Bugs,sl-SSB-TimeAllocation1,sl-SSB-TimeAllocation1,Terminology,,chunk-83e344b21017c6f49c2eec0059a159ee,../3GPP-trunked/Rel-19/38_series/38523-1-j00_s12-s14.md12.1.2.1.3.2,1770225889,Rel-19/38_series/38174-j00/graph_chunk_entity_relation.graphml,Rel-19,sl-SSB-TimeAllocation1,allocation
Resource Allocation Bugs,NR-SS-UE 3,NR-SS-UE 3,Technology,"NR-SS-UE 3 is a network resource-sensing user equipment that operates with a power level of -85 dBm/SCS at T3, and is turned off at T0, T1, and T2. It has a priority lower than NR-SS-UE 2 and is used in sidelink SSB transmission under specific timing conditions.<SEP>NR-SS-UE 3 is a reference user equipment that transmits NR-SS-UE 3 signals in specific slots determined by sl-SSB-TimeAllocation2 and its own timing, with defined slotIndex, directFrameNumber, and reserveBits values used for comparison by the SS.",chunk-d6f3c0619838de0da69e6d0ed7eb6f8a<SEP>chunk-83e344b21017c6f49c2eec0059a159ee,../3GPP-trunked/Rel-19/38_series/38523-1-j00_s12-s14.md12.1.2.1.3.2,1770225889,Rel-19/38_series/38174-j00/graph_chunk_entity_relation.graphml,Rel-19,NR-SS-UE 3,allocation
Resource Allocation Bugs,sl-SSB-TimeAllocation2,sl-SSB-TimeAllocation2,Terminology,,chunk-83e344b21017c6f49c2eec0059a159ee,../3GPP-trunked/Rel-19/38_series/38523-1-j00_s12-s14.md12.1.2.1.3.2,1770225889,Rel-19/38_series/38174-j00/graph_chunk_entity_relation.graphml,Rel-19,sl-SSB-TimeAllocation2,allocation
Resource Allocation Bugs,shared network environment,shared network environment,Concept,"Shared network environment refers to a network infrastructure where multiple Public Land Mobile Network (PLMN) operators share the same radio access network, allowing for coordinated cell reselection and resource management.",chunk-d5526fcab76b14013d4cabdf56be371d,../3GPP-trunked/Rel-19/38_series/38523-1-j00_cover.md6.1.2.15,1770223160,Rel-19/38_series/38523-1-j00_cover/graph_chunk_entity_relation.graphml,Rel-19,shared network environment,resource management
Resource Allocation Bugs,RRC Connection,RRC Connection,Concept,RRC Connection is a radio resource control connection established between the UE and the network. It is not released during the registration process in the test scenario.,chunk-9a8341c5e94b395f3528556279277350,../3GPP-trunked/Rel-19/38_series/38523-1-j00_s00-s06.md6.1.1.2.3.2,1770226466,Rel-19/38_series/38523-1-j00_s00-s06/graph_chunk_entity_relation.graphml,Rel-19,RRC Connection,radio resource
Resource Allocation Bugs,TDD-UL-DL-ConfigCommon,TDD-UL-DL-ConfigCommon,Concept,"TDD-UL-DL-ConfigCommon is a configuration structure defined in TS 38.508-1 [4], Table 4.6.3-192, used for time-division duplex up<SEP>TDD-UL-DL-ConfigCommon is a sequence structure defined in Table 7.1.1.1.1.3.3-6, used to configure the time division duplex (TDD) uplink-downlink transmission periodicity and slot/symbol allocation for a serving cell in NR. It includes referenceSubcarrierSpacing and pattern1 and pattern2 sequences for different configurations.",chunk-bc8fb5997288c9afd480b41b136855c2<SEP>chunk-5098092d082b5f3c27d08a78f63ab3ee,../3GPP-trunked/Rel-19/38_series/38523-1-j00_s0701-s070112.md7.1.1.1.1.3.3,1770224250,Rel-19/38_series/38523-1-j00_s0701-s070112/graph_chunk_entity_relation.graphml,Rel-19,TDD-UL-DL-ConfigCommon,allocation
Resource Allocation Bugs,FDRA field,FDRA field,Signal,FDRA field refers to the Frequency Domain Resource Assignment field used in DCI to indicate resource allocation in the frequency domain for uplink transmissions.<SEP>FDRA field is a frequency domain resource allocation field used in the scheduling of physical uplink shared channels (PUSCH) across multiple cells.,chunk-561bc9e443bfb03b5aa49ac4f2e0e707<SEP>chunk-97a79b32894c596f1c46af69c92a2df3,../3GPP-trunked/Rel-19/38_series/38523-1-j00_s07011326-s070114.md7.1.1.3.26.1<SEP>../3GPP-trunked/Rel-19/38_series/38523-1-j00_s07011326-s070114.md7.1.1.3.26,1770218146,Rel-19/38_series/38523-1-j00_s07011326-s070114/graph_chunk_entity_relation.graphml,Rel-19,FDRA field,resource allocation; allocation
Resource Allocation Bugs,block number 1,block number 1,Concept,Block number 1 corresponds to the frequency domain resource assignment for the cell with the smallest serving cell index. It is defined by a set of fields that vary based on higher layer parameters and resource allocation types.,chunk-92673a12207f027aa5ef905ce5f93d83,../3GPP-trunked/Rel-19/38_series/38523-1-j00_s07011326-s070114.md7.1.1.3.26.1.2,1770218112,Rel-19/38_series/38523-1-j00_s07011326-s070114/graph_chunk_entity_relation.graphml,Rel-19,block number 1,resource allocation; allocation
Resource Allocation Bugs,frequency domain resource assignment,frequency domain resource assignment,Concept,"Frequency domain resource assignment is a field in the block that specifies the allocation of frequency resources for a cell, with its bit width and interpretation depending on configuration parameters such as resource allocation type and subcarrier spacing.",chunk-92673a12207f027aa5ef905ce5f93d83,../3GPP-trunked/Rel-19/38_series/38523-1-j00_s07011326-s070114.md7.1.1.3.26.1.2,1770218112,Rel-19/38_series/38523-1-j00_s07011326-s070114/graph_chunk_entity_relation.graphml,Rel-19,frequency domain resource assignment,resource allocation; allocation
Resource Allocation Bugs,resource allocation type 0,resource allocation type 0,Concept,"Resource allocation type 0 is a method of frequency domain resource assignment where the least significant bits (LSBs) provide resource allocation as defined in Clause 6.1.2.2.1 of [6, TS 38.214]. It is used when the higher layer parameter useInterlacePUCCH-PUSCH is not configured or when the MSB bit indicates type 0 in dynamic switch mode.",chunk-92673a12207f027aa5ef905ce5f93d83,../3GPP-trunked/Rel-19/38_series/38523-1-j00_s07011326-s070114.md7.1.1.3.26.1.2,1770218112,Rel-19/38_series/38523-1-j00_s07011326-s070114/graph_chunk_entity_relation.graphml,Rel-19,resource allocation type 0,resource allocation; allocation
Resource Allocation Bugs,resource allocation type 1,resource allocation type 1,Concept,Resource allocation type 1 is a method of frequency domain resource assignment that uses MSB bits to indicate frequency offset,chunk-92673a12207f027aa5ef905ce5f93d83,../3GPP-trunked/Rel-19/38_series/38523-1-j00_s07011326-s070114.md7.1.1.3.26.1.2,1770218112,Rel-19/38_series/38523-1-j00_s07011326-s070114/graph_chunk_entity_relation.graphml,Rel-19,resource allocation type 1,resource allocation; allocation
Resource Allocation Bugs,resource allocation type 2,resource allocation type 2,Concept,"Resource allocation type 2 is a method of frequency domain resource assignment used when the higher layer parameter resourceAllocationDCI-0-3 is configured as 'dynamicSwitch' and the μ value is either 0 or 1. For μ=0, a bit value of 1 indicates the cell is scheduled; for μ=1, a bit value of 0 indicates the cell is not scheduled.",chunk-92673a12207f027aa5ef905ce5f93d83,../3GPP-trunked/Rel-19/38_series/38523-1-j00_s07011326-s070114.md7.1.1.3.26.1.2,1770218112,Rel-19/38_series/38523-1-j00_s07011326-s070114/graph_chunk_entity_relation.graphml,Rel-19,resource allocation type 2,resource allocation; allocation
Resource Allocation Bugs,Multi-cell PUSCH scheduling,Multi-cell PUSCH scheduling,Concept,"Multi-cell PUSCH scheduling is a scheduling technique that involves the allocation of Physical Uplink Shared Channel (PUSCH) resources across multiple cells using a single Downlink Control Information (DCI) or FDRA field, and is applied in the context of intra-band contiguous Carrier Aggregation (CA).",chunk-561bc9e443bfb03b5aa49ac4f2e0e707,../3GPP-trunked/Rel-19/38_series/38523-1-j00_s07011326-s070114.md7.1.1.3.26.1,1770218113,Rel-19/38_series/38523-1-j00_s07011326-s070114/graph_chunk_entity_relation.graphml,Rel-19,Multi-cell PUSCH scheduling,allocation
Resource Allocation Bugs,gNodeB,gNodeB,Technology,"gNodeB is the next-generation base station in 5G NR that manages radio resources, controls connections, and communicates with User Equipment (UE) over the air interface.",chunk-561bc9e443bfb03b5aa49ac4f2e0e707,../3GPP-trunked/Rel-19/38_series/38523-1-j00_s07011326-s070114.md7.1.1.3.26.1,1770218113,Rel-19/38_series/38523-1-j00_s07011326-s070114/graph_chunk_entity_relation.graphml,Rel-19,gNodeB,radio resource
Resource Allocation Bugs,resourceAllocationDCI-0-3,resourceAllocationDCI-0-3,Terminology,,chunk-92673a12207f027aa5ef905ce5f93d83,../3GPP-trunked/Rel-19/38_series/38523-1-j00_s07011326-s070114.md7.1.1.3.26.1.2,1770218121,Rel-19/38_series/38523-1-j00_s07011326-s070114/graph_chunk_entity_relation.graphml,Rel-19,resourceAllocationDCI-0-3,allocation
Resource Allocation Bugs,7.1.1.3.26,7.1.1.3.26,UNKNOWN,Multi-cell PUSCH scheduling is performed using a single DCI or FDRA field for resource allocation across multiple cells.,chunk-97a79b32894c596f1c46af69c92a2df3,../3GPP-trunked/Rel-19/38_series/38523-1-j00_s07011326-s070114.md7.1.1.3.26,1770218162,Rel-19/38_series/38523-1-j00_s07011326-s070114/graph_chunk_entity_relation.graphml,Rel-19,7.1.1.3.26,resource allocation; allocation
Resource Allocation Bugs,DCI 1_0,DCI 1_0,Signal,DCI 1_0 is a downlink control information format transmitted on PDCCH to indicate system information modification and resource allocation for Msg3 in the random access procedure.,chunk-56aacc3d86e236d0ac5492c0eab6859d,../3GPP-trunked/Rel-19/38_series/38523-1-j00_s0815-s08161.md8.1.5.2.2.3.2,1770224735,Rel-19/38_series/38523-1-j00_s070115-s07014/graph_chunk_entity_relation.graphml,Rel-19,DCI 1_0,resource allocation; allocation
Resource Allocation Bugs,ameSCS-r18,ameSCS-r18,Concept,"ameSCS-r18 is a configuration parameter set in the context of NR (New Radio) communication, specifically related to multi-cell PUSCH DCI (Physical Uplink Shared Channel Downlink Control Information) with same SCS (Subcarrier Spacing) in release 18. It includes various sub-parameters for managing coordinated scheduling and resource allocation across cells.",chunk-6fda736b5737d373c3650f6d669123ed,../3GPP-trunked/Rel-19/38_series/38523-1-j00_s0815-s08161.md8.1.5.1.1.3.3,1770224780,Rel-19/38_series/38523-1-j00_s070115-s07014/graph_chunk_entity_relation.graphml,Rel-19,ameSCS-r18,resource allocation; allocation
Resource Allocation Bugs,pc_rrm_RelaxationRRC_ConnectedRedCap_r17,pc_rrm_RelaxationRRC_ConnectedRedCap_r17,Concept,"pc_rrm_RelaxationRRC_ConnectedRedCap_r17 is a parameter or configuration related to RRM (Radio Resource Management) relaxation for RRC-connected RedCap (Reduced Capability) devices in Release 17, as defined in the context of LTE and NR dual connectivity.",chunk-1aa6536ca5625fa366dad6939c2d4481,../3GPP-trunked/Rel-19/38_series/38523-1-j00_s0815-s08161.md8.1.5.1.1.3.3,1770224782,Rel-19/38_series/38523-1-j00_s070115-s07014/graph_chunk_entity_relation.graphml,Rel-19,pc_rrm_RelaxationRRC_ConnectedRedCap_r17,resource management; radio resource
Resource Allocation Bugs,RRCSetup,RRCSetup,Signal,"RRCSetup is a message transmitted by the SS to the UE to establish an RRC connection, sent after the UE sends RRCSetupRequest. It is part of the RRC<SEP>NULL<SEP>RRCSetup is a message transmitted by the SS to the UE to establish an RRC connection, indicating the setup of radio resources.",chunk-19a2699106f0b8a34af7b3cdcc8ef89e<SEP>chunk-52ca923b26c34bce2862002cf3151200<SEP>chunk-f74bd6da9fb5e733b36e14b63dfbc325,../3GPP-trunked/Rel-19/38_series/38523-1-j00_s08-s0814.md8.1.1.1.1.3.2<SEP>../3GPP-trunked/Rel-19/38_series/38523-1-j00_s08-s0814.md8.1.1.1.2.1<SEP>../3GPP-trunked/Rel-19/38_series/38523-1-j00_s08-s0814.md8.1.1.1.2.3.2,1770215622,Rel-19/38_series/38523-1-j00_s08-s0814/graph_chunk_entity_relation.graphml,Rel-19,RRCSetup,radio resource
Resource Allocation Bugs,RRC / Paging,RRC / Paging,Concept,RRC / Paging is a procedure used in a connection and shared network environment to notify a user equipment (UE) of incoming calls or messages. It is part of the Radio Resource Control (RRC) layer functionality and operates in a shared network context.,chunk-17bad1a0ddaba8faae50a73c85af4688,../3GPP-trunked/Rel-19/38_series/38523-1-j00_s08-s0814.md8.1.1.1.2,1770215510,Rel-19/38_series/38523-1-j00_s08-s0814/graph_chunk_entity_relation.graphml,Rel-19,RRC / Paging,radio resource
Resource Allocation Bugs,connection,connection,Concept,"Connection refers to a state or condition in which a user equipment (UE) is actively engaged in communication with the network, requiring resource allocation and signaling coordination.",chunk-17bad1a0ddaba8faae50a73c85af4688,../3GPP-trunked/Rel-19/38_series/38523-1-j00_s08-s0814.md8.1.1.1.2,1770215510,Rel-19/38_series/38523-1-j00_s08-s0814/graph_chunk_entity_relation.graphml,Rel-19,connection,resource allocation; allocation
Resource Allocation Bugs,RRC connection management procedures,RRC connection management procedures,Concept,"RRC connection management procedures are a set of procedures defined in the context of radio resource control (RRC) for managing the connection between the User Equipment (UE) and the network. These procedures are part of the RRC layer functionality and are used to establish, maintain, and release RRC connections.)##",chunk-8101c0c7d2af3a52585ac00d7417f933,../3GPP-trunked/Rel-19/38_series/38523-1-j00_s08-s0814.mdNone,1770215508,Rel-19/38_series/38523-1-j00_s08-s0814/graph_chunk_entity_relation.graphml,Rel-19,RRC connection management procedures,radio resource
Resource Allocation Bugs,RRC / Paging for connection / Multiple paging records,RRC / Paging for connection / Multiple paging records,Concept,RRC / Paging for connection / Multiple paging records is a procedure defined in the context of radio resource control (RRC) that involves paging for connection establishment with multiple paging records. It is part of the RRC signaling process used to locate and establish a connection with a user equipment (UE) in a cellular network.)##,chunk-f4aaa8ac2f01b7270bd3053c252e3e36,../3GPP-trunked/Rel-19/38_series/38523-1-j00_s08-s0814.md8.1.1.1.1,1770215508,Rel-19/38_series/38523-1-j00_s08-s0814/graph_chunk_entity_relation.graphml,Rel-19,RRC / Paging for connection / Multiple paging records,radio resource
Resource Allocation Bugs,RRC connection establishment,RRC connection establishment,Concept,RRC connection establishment is a procedure defined in section 8.1.1.2 that involves the establishment of a Radio Resource Control (RRC) connection between the User Equipment (UE) and the Node B in a UMTS network.,chunk-ac58ee93516e088ca474e8ecec7550d5,../3GPP-trunked/Rel-19/38_series/38523-1-j00_s08-s0814.md8.1.1.2,1770215568,Rel-19/38_series/38523-1-j00_s08-s0814/graph_chunk_entity_relation.graphml,Rel-19,RRC connection establishment,radio resource
Resource Allocation Bugs,RRC others,RRC others,Concept,RRC others is a category within the RRC (Radio Resource Control) layer that encompasses additional or unspecified RRC-related procedures or messages not covered by other defined categories in the specification.)##,chunk-420bdd13809ab28166152a215ac9a945,../3GPP-trunked/Rel-19/38_series/38523-1-j00_s0815-s08161.md8.1.5,1770221228,Rel-19/38_series/38523-1-j00_s0815-s08161/graph_chunk_entity_relation.graphml,Rel-19,RRC others,radio resource
Resource Allocation Bugs,sidelink resource allocation mode 2 based on sensing,sidelink resource allocation mode 2 based on sensing,Technology,"Sideline resource allocation mode 2 based on sensing is a method defined in TS 38.321 and TS 38.213 where lower layers configure resource allocation for NR sidelink communication using sensed available resources, based on pools indicated by sl-TxPoolSelectedNormal in SidelinkPreconfigNR for the concerned frequency.",chunk-b4aca0be3f1decaa5557eefcea27c82d,../3GPP-trunked/Rel-19/38_series/38523-1-j00_s12-s14.md12.1.1.1.2,1770225715,Rel-19/38_series/38523-1-j00_s12-s14/graph_chunk_entity_relation.graphml,Rel-19,sidelink resource allocation mode 2 based on sensing,resource allocation; allocation
Resource Allocation Bugs,NR BS,NR BS,Technology,"NR BS refers to the New Radio Base Station, a component in 5G networks responsible for communication with user equipment and managing radio resources.",chunk-213c3280f9141c5602e530e3fedeb0aa,../3GPP-trunked/Rel-19/38_series/38922-j00.mdNone,1770219797,Rel-19/38_series/38922-j00/graph_chunk_entity_relation.graphml,Rel-19,NR BS,radio resource
